Season,value,series,series_type,z_score
1997,20.045554005003424,Avg MPG,context,-0.6012594323928989
1998,24.279030245396896,Avg MPG,context,1.2490298052888602
1999,19.438565218084513,Avg MPG,context,-0.8665508279400211
2000,20.14928286050284,Avg MPG,context,-0.5559235490504246
2001,17.350758363145314,Avg MPG,context,-1.7790507062181047
2002,19.8128149734267,Avg MPG,context,-0.702980689549373
2003,20.590927700619048,Avg MPG,context,-0.36289761760720235
2004,22.756010170593264,Avg MPG,context,0.5833764525442815
2005,22.789920739806856,Avg MPG,context,0.5981974548829507
2006,18.865490953517348,Avg MPG,context,-1.117019493384205
2007,17.924623300903754,Avg MPG,context,-1.5282364680074123
2008,20.191124946420945,Avg MPG,context,-0.5376359865698022
2009,23.663721609713214,Avg MPG,context,0.9801021246288766
2010,21.090718158810276,Avg MPG,context,-0.14445847838073186
2011,21.3096771543401,Avg MPG,context,-0.04875994367375825
2012,21.895113271491557,Avg MPG,context,0.20711161090826502
2013,21.319435968323837,Avg MPG,context,-0.04449474234479824
2014,17.35466994355583,Avg MPG,context,-1.777341105236564
2015,21.495061218434124,Avg MPG,context,0.03226428302628252
2016,21.569267150446134,Avg MPG,context,0.06469683480581132
2017,17.608126821553633,Avg MPG,context,-1.6665648762120295
2018,24.660201142837533,Avg MPG,context,1.415624908037413
2019,24.636059938434677,Avg MPG,context,1.405073718387385
2020,24.21349173705316,Avg MPG,context,1.2203854502113274
2021,24.134127448012947,Avg MPG,context,1.1856983794617053
2022,24.376345996720243,Avg MPG,context,1.291562768061262
2023,23.366720982330754,Avg MPG,context,0.8502946016322624
2024,22.90788600658039,Avg MPG,context,0.649755524690623
1997,20.882969568958774,Avg Rookie Age,context,0.11709806062625287
1998,21.59665551839465,Avg Rookie Age,context,2.339755736090436
1999,21.285926660059467,Avg Rookie Age,context,1.3720417401615164
2000,21.03030617540218,Avg Rookie Age,context,0.5759537231864253
2001,21.04173913043478,Avg Rookie Age,context,0.6115597839145804
2002,20.73080639167596,Avg Rookie Age,context,-0.3567891641089405
2003,21.12440342365795,Avg Rookie Age,context,0.8690041485745922
2004,20.893070161670067,Avg Rookie Age,context,0.14855469772866234
2005,20.781167887724504,Avg Rookie Age,context,-0.19994655591602778
2006,21.1152407757258,Avg Rookie Age,context,0.8404685864410404
2007,21.21522309711286,Avg Rookie Age,context,1.1518471055464536
2008,20.971098486292753,Avg Rookie Age,context,0.39156109958274093
2009,20.68109206278526,Avg Rookie Age,context,-0.511616276477906
2010,21.112798684337815,Avg Rookie Age,context,0.832863093896347
2011,21.050302748020492,Avg Rookie Age,context,0.6382297644174418
2012,21.08844019364742,Avg Rookie Age,context,0.757002575220693
2013,20.856110288414076,Avg Rookie Age,context,0.033449242673050175
2014,21.136220136518773,Avg Rookie Age,context,0.905805360031295
2015,20.692873147529383,Avg Rookie Age,context,-0.4749260229391966
2016,20.32066054800027,Avg Rookie Age,context,-1.6341210328757
2017,20.65497639022601,Avg Rookie Age,context,-0.5929492494888057
2018,20.64593545462273,Avg Rookie Age,context,-0.6211057585638313
2019,20.593159420289854,Avg Rookie Age,context,-0.7854680496853655
2020,20.542034649930475,Avg Rookie Age,context,-0.9446877503610461
2021,20.175601973806256,Avg Rookie Age,context,-2.0858821381336443
2022,20.327078531311884,Avg Rookie Age,context,-1.614133277925731
2023,20.70240571162502,Avg Rookie Age,context,-0.4452384176686047
2024,20.422059380052982,Avg Rookie Age,context,-1.3183310239464074
1997,1.73834748005155,Age-Adjusted RAPM,impact,-0.7867189868059994
1998,1.763522789309703,Age-Adjusted RAPM,impact,-0.7540031058586362
1999,3.621047876966958,Age-Adjusted RAPM,impact,1.6598925488632434
2000,3.44672505792318,Age-Adjusted RAPM,impact,1.4333561224081037
2001,1.0282587697946803,Age-Adjusted RAPM,impact,-1.7094952462200514
2002,2.6620479126280094,Age-Adjusted RAPM,impact,0.41365051306072687
2003,1.755125929944271,Age-Adjusted RAPM,impact,-0.7649150135740205
2004,3.179491200008788,Age-Adjusted RAPM,impact,1.086079709992218
2005,4.122987435139149,Age-Adjusted RAPM,impact,2.3121743007791764
2006,2.7731541591409052,Age-Adjusted RAPM,impact,0.5580355808329175
2007,3.4552771911119855,Age-Adjusted RAPM,impact,1.444469811951375
2008,1.4899208321668136,Age-Adjusted RAPM,impact,-1.1095550065350301
2009,2.5881012331363493,Age-Adjusted RAPM,impact,0.31755513890286996
2010,2.266578048349606,Age-Adjusted RAPM,impact,-0.10027147555643763
2011,1.7363771194175766,Age-Adjusted RAPM,impact,-0.7892795147925054
2012,2.5686275257018485,Age-Adjusted RAPM,impact,0.2922486178389992
2013,2.128037268711082,Age-Adjusted RAPM,impact,-0.2803083365352552
2014,1.2204224278611417,Age-Adjusted RAPM,impact,-1.459774247949646
2015,2.3256137025126447,Age-Adjusted RAPM,impact,-0.023553314383414906
2016,2.21473452723454,Age-Adjusted RAPM,impact,-0.16764329797579186
2017,1.481052436404288,Age-Adjusted RAPM,impact,-1.1210796864102903
2018,3.3564051958421266,Age-Adjusted RAPM,impact,1.3159834289994197
2019,2.4358380671328392,Age-Adjusted RAPM,impact,0.11968572802259658
2020,2.1362322019040727,Age-Adjusted RAPM,impact,-0.26965883642527505
2021,2.0596611841249035,Age-Adjusted RAPM,impact,-0.3691645972480723
2022,1.5157406009345153,Age-Adjusted RAPM,impact,-1.076001635951548
2023,1.8135402047553004,Age-Adjusted RAPM,impact,-0.6890043488529786
2024,2.741803850656238,Age-Adjusted RAPM,impact,0.5172951494233081
1997,-1.9917666060429515,BRef BPM,impact,-0.2625438933244371
1998,-0.6659311980561017,BRef BPM,impact,1.2510288731686374
1999,0.3233685187272978,BRef BPM,impact,2.3804127319813113
2000,-0.8267386458651972,BRef BPM,impact,1.0674512041858237
2001,-4.171722368880096,BRef BPM,impact,-2.7511798544049575
2002,-1.1718345277906095,BRef BPM,impact,0.6734899888157224
2003,-2.0128084372081236,BRef BPM,impact,-0.28656523293936587
2004,-1.6453487371109794,BRef BPM,impact,0.132926501479803
2005,-1.1348072688828221,BRef BPM,impact,0.7157602814652538
2006,-1.8363324545593582,BRef BPM,impact,-0.085100375636411
2007,-1.6045188871170162,BRef BPM,impact,0.1795378294309065
2008,-2.515146724200341,BRef BPM,impact,-0.8600342670125182
2009,-1.680720855681583,BRef BPM,impact,0.09254571587163918
2010,-0.9814511236972268,BRef BPM,impact,0.8908315486293431
2011,-1.8302912209747928,BRef BPM,impact,-0.07820370763785031
2012,-1.408212560872834,BRef BPM,impact,0.40364099299375944
2013,-1.580519795893486,BRef BPM,impact,0.20693517504236003
2014,-3.0847065223029966,BRef BPM,impact,-1.5102433307502574
2015,-2.6310289859999054,BRef BPM,impact,-0.9923253753377689
2016,-1.1472587184137713,BRef BPM,impact,0.7015457154641666
2017,-2.988355378027851,BRef BPM,impact,-1.4002489324133323
2018,-1.3846699865369336,BRef BPM,impact,0.43051717924832883
2019,-1.5272927932036076,BRef BPM,impact,0.26769908376597795
2020,-3.024202711118108,BRef BPM,impact,-1.4411722225819084
2021,-1.5698050504275274,BRef BPM,impact,0.21916712090795196
2022,-2.1893679586821326,BRef BPM,impact,-0.48812545810628927
2023,-2.022375404611688,BRef BPM,impact,-0.29748687617858877
2024,-1.02620585068332,BRef BPM,impact,0.8397395838726927
1997,0.31750633152037744,BRef VORP,impact,0.13676690225359156
1998,0.9210455790568413,BRef VORP,impact,1.8496989442510465
1999,0.7664342243526979,BRef VORP,impact,1.4108894639887701
2000,0.8801379824261928,BRef VORP,impact,1.7335972436313012
2001,-0.18146266874870826,BRef VORP,impact,-1.2793795903118577
2002,0.5694743641070784,BRef VORP,impact,0.8518887743415255
2003,0.20099864614902718,BRef VORP,impact,-0.1938988303000924
2004,0.48755378817188333,BRef VORP,impact,0.6193862817678286
2005,0.5658051782838609,BRef VORP,impact,0.8414750920660371
2006,0.4017200002135295,BRef VORP,impact,0.37577752512106777
2007,0.11486236463233838,BRef VORP,impact,-0.43836610759929595
2008,-0.15549137584245218,BRef VORP,impact,-1.2056692889970464
2009,0.22640536288757945,BRef VORP,impact,-0.12179087814775134
2010,0.5673321717335063,BRef VORP,impact,0.8458089212552643
2011,0.3537242579148408,BRef VORP,impact,0.23955863761962254
2012,0.2608297340521548,BRef VORP,impact,-0.024089513018465656
2013,0.36088409040377717,BRef VORP,impact,0.25987928211075406
2014,-0.20146445576558183,BRef VORP,impact,-1.336147566907019
2015,-0.18534132321730223,BRef VORP,impact,-1.2903877750259591
2016,0.3702883302401177,BRef VORP,impact,0.2865698806294914
2017,-0.37266095202357885,BRef VORP,impact,-1.8220280877099408
2018,0.4931638194804156,BRef VORP,impact,0.6353083654172657
2019,0.2756625560784557,BRef VORP,impact,0.018008190197697335
2020,-0.4426570356929186,BRef VORP,impact,-2.020687139330777
2021,0.18313062316731418,BRef VORP,impact,-0.24461087465752906
2022,0.09151904480818619,BRef VORP,impact,-0.5046178396226868
2023,0.010482904611177858,BRef VORP,impact,-0.734610175116771
2024,0.6610064619626539,BRef VORP,impact,1.1116701620939256
1997,-0.7372280698800785,RAPM VORP,impact,-1.451787683311657
1998,-0.42331373937404915,RAPM VORP,impact,-1.041649218829198
1999,1.7095361579841588,RAPM VORP,impact,1.7449829825868646
2000,1.183242771118109,RAPM VORP,impact,1.0573649270219607
2001,-0.0421745744999166,RAPM VORP,impact,-0.5436794970149175
2002,1.3704173148980914,RAPM VORP,impact,1.3019140683509907
2003,-0.02280947514597475,RAPM VORP,impact,-0.5183784153447277
2004,0.7007701808178938,RAPM VORP,impact,0.4270000531991513
2005,2.223796832545225,RAPM VORP,impact,2.416879939531104
2006,1.1347648974266473,RAPM VORP,impact,0.9940271346849879
2007,1.9020932440154477,RAPM VORP,impact,1.9965645764019093
2008,0.12698074319054664,RAPM VORP,impact,-0.3226730136703266
2009,0.01056158321727678,RAPM VORP,impact,-0.4747781291991558
2010,0.40421956557611727,RAPM VORP,impact,0.03954780219637434
2011,-0.2513544657570906,RAPM VORP,impact,-0.8169792831780002
2012,0.6024493653372862,RAPM VORP,impact,0.298540966215529
2013,0.05346298061965629,RAPM VORP,impact,-0.4187261699706626
2014,0.0005025458794733484,RAPM VORP,impact,-0.48792056242687104
2015,0.17748182974687174,RAPM VORP,impact,-0.25669183319500866
2016,-0.013845141409349268,RAPM VORP,impact,-0.5066662451232499
2017,0.07758570446665716,RAPM VORP,impact,-0.38720910956187277
2018,0.6056361270899826,RAPM VORP,impact,0.3027045657868369
2019,0.37766098911098755,RAPM VORP,impact,0.004848227466258402
2020,-0.4691154597129215,RAPM VORP,impact,-1.1014905367459642
2021,0.6213828651783091,RAPM VORP,impact,0.32327815020951317
2022,-1.0286045572610394,RAPM VORP,impact,-1.832479781464929
2023,-0.23975472876857068,RAPM VORP,impact,-0.8018238797620336
2024,0.41626074636689675,RAPM VORP,impact,0.055279965147091
