Season,metric,value_column,weight_column,n_players,mean,median,p25,p75,weighted_mean,age_standardized_weighted_mean,weight_sum
1997,Age-Adjusted RAPM,RAPM_at_ref,Poss,18,1.3913342057996223,1.5203370357144697,0.434095037549588,2.804750433538244,1.7854640988650055,1.73834748005155,100219.0
1998,Age-Adjusted RAPM,RAPM_at_ref,Poss,13,1.4946760180076135,0.2675143714946275,-0.9151629642855306,4.22583703571447,2.6164211216285027,1.763522789309703,87303.0
1999,Age-Adjusted RAPM,RAPM_at_ref,Poss,14,2.449867381371252,3.024113084839747,0.7220870357144696,3.9406278851704135,3.5557600217255314,3.621047876966958,47152.0
2000,Age-Adjusted RAPM,RAPM_at_ref,Poss,14,2.0753860070455823,2.06083703571447,0.5425870357144695,3.23137891802734,3.3920300234742045,3.44672505792318,76246.0
2001,Age-Adjusted RAPM,RAPM_at_ref,Poss,15,1.1410674921501651,1.6318370357144696,-1.0051629642855304,2.265514371494628,2.0051058362814254,1.0282587697946803,68949.0
2002,Age-Adjusted RAPM,RAPM_at_ref,Poss,20,1.9511961670640283,1.898757402516436,-0.30204041591769965,3.0636782746998996,3.2415312157332883,2.6620479126280094,106850.0
2003,Age-Adjusted RAPM,RAPM_at_ref,Poss,18,1.0451440541722201,0.6794187346263568,-0.2019936303404908,2.1214595840823005,1.7060264104433296,1.755125929944271,99846.0
2004,Age-Adjusted RAPM,RAPM_at_ref,Poss,16,2.2293518917698525,1.380500433538244,-0.32624363034049086,3.6767095840823005,3.3253480126956325,3.179491200008788,99011.0
2005,Age-Adjusted RAPM,RAPM_at_ref,Poss,20,3.2073205712425086,3.4304187346263566,1.3045557263320688,4.821162441512307,3.7644750516378194,4.122987435139149,127660.0
2006,Age-Adjusted RAPM,RAPM_at_ref,Poss,20,1.719226525471304,0.6818370357144696,-0.5254362718328127,4.522000433538244,3.000594142749538,2.7731541591409052,99205.0
2007,Age-Adjusted RAPM,RAPM_at_ref,Poss,20,2.6229067828022794,3.0908370357144697,0.25809503754958807,4.5843789180273395,3.292959824162066,3.4552771911119855,95998.0
2008,Age-Adjusted RAPM,RAPM_at_ref,Poss,20,1.1371409572389723,0.8886757036045485,0.1035143714946275,2.100877885170413,1.333307739213846,1.4899208321668136,105417.0
2009,Age-Adjusted RAPM,RAPM_at_ref,Poss,20,1.9182927641773815,2.553500433538244,0.4867643714946275,3.304345037549588,2.5851404632334813,2.5881012331363493,139090.0
2010,Age-Adjusted RAPM,RAPM_at_ref,Poss,20,1.8990037886396174,1.7789187346263566,0.21408703571446955,3.0315870357144696,2.5041069392067867,2.266578048349606,124857.0
2011,Age-Adjusted RAPM,RAPM_at_ref,Poss,20,0.5651166541367918,-0.20758126537364335,-1.3814936303404908,2.106783957023211,1.6253922171298982,1.7363771194175766,108046.0
2012,Age-Adjusted RAPM,RAPM_at_ref,Poss,20,2.2595005209258,2.020175703604549,0.5749931075672673,3.265256369659509,2.4618079721196917,2.5686275257018485,99772.0
2013,Age-Adjusted RAPM,RAPM_at_ref,Poss,20,1.4652942590493196,1.0159187346263567,-0.3292356285053724,3.411813728167188,2.148776825710642,2.128037268711082,110231.0
2014,Age-Adjusted RAPM,RAPM_at_ref,Poss,20,0.7176617860559499,0.36017570360454854,-0.838993630340491,1.655345037549588,1.750157918007027,1.2204224278611417,93679.0
2015,Age-Adjusted RAPM,RAPM_at_ref,Poss,20,1.8051767320426886,2.0345143714946277,-0.9739995664617561,3.5278858870055316,2.866186460468603,2.3256137025126447,100302.0
2016,Age-Adjusted RAPM,RAPM_at_ref,Poss,20,2.1175416780294283,1.8509187346263567,0.9079595840823004,2.907627885170413,2.4954968948392144,2.21473452723454,123038.0
2017,Age-Adjusted RAPM,RAPM_at_ref,Poss,20,1.3823123002750202,1.1120143714946276,0.46975043353824386,2.1798370357144696,1.5183794323546762,1.481052436404288,91831.0
2018,Age-Adjusted RAPM,RAPM_at_ref,Poss,20,2.798531806694916,2.2640004335382438,1.4388789180273398,4.67378395702321,3.5125668785882307,3.3564051958421266,150083.0
2019,Age-Adjusted RAPM,RAPM_at_ref,Poss,20,2.454357503592736,2.4691757036045487,1.4938370357144695,3.4019595840823005,2.791394125239544,2.4358380671328392,145447.0
2020,Age-Adjusted RAPM,RAPM_at_ref,Poss,20,2.0468012417162553,1.9269187346263568,1.1414282746998996,3.017095037549588,2.1491487079613667,2.1362322019040727,117401.0
2021,Age-Adjusted RAPM,RAPM_at_ref,Poss,20,2.008269590589641,2.2208561158615554,0.4827117981848663,3.9191278851704134,2.2266931206927216,2.0596611841249035,117389.0
2022,Age-Adjusted RAPM,RAPM_at_ref,Poss,20,1.604456244969925,1.8282117981848662,-0.29823562850537244,3.854135887005532,2.023068657678997,1.5157406009345153,129281.0
2023,Age-Adjusted RAPM,RAPM_at_ref,Poss,20,1.6898592050360584,1.584500433538244,0.5955004335382438,2.6800557263320686,1.847678719887054,1.8135402047553004,136174.0
2024,Age-Adjusted RAPM,RAPM_at_ref,Poss,20,2.338985416152948,2.320918734626357,0.7493778851704131,4.042711798184866,2.546981511417563,2.741803850656238,120208.0
1997,BRef BPM,BRef_BPM,BRef_MP,18,-2.7333333333333334,-2.85,-3.7,-1.725,-1.9819799734021746,-1.9917666060429515,25566.0
1998,BRef BPM,BRef_BPM,BRef_MP,13,-1.2538461538461538,-1.4,-3.8,-0.5,-0.4583054626532886,-0.6659311980561017,22425.0
1999,BRef BPM,BRef_BPM,BRef_MP,14,-0.75,-0.85,-2.45,1.35,0.05053683515031381,0.3233685187272978,12108.0
2000,BRef BPM,BRef_BPM,BRef_MP,14,-1.9571428571428575,-2.55,-3.375,-0.35000000000000003,-0.9259107420861442,-0.8267386458651972,19270.0
2001,BRef BPM,BRef_BPM,BRef_MP,15,-3.0533333333333332,-2.5,-4.300000000000001,-1.4,-2.365654978962132,-4.171722368880096,17825.0
2002,BRef BPM,BRef_BPM,BRef_MP,20,-1.685,-1.2000000000000002,-3.625,-0.30000000000000004,-0.8843180973615756,-1.1718345277906095,26910.0
2003,BRef BPM,BRef_BPM,BRef_MP,18,-2.711111111111111,-2.7,-4.55,-1.5499999999999998,-2.048629353528182,-2.0128084372081236,25353.0
2004,BRef BPM,BRef_BPM,BRef_MP,16,-2.25,-2.7,-4.0,-0.75,-1.5384868937372471,-1.6453487371109794,25484.0
2005,BRef BPM,BRef_BPM,BRef_MP,20,-1.3350000000000002,-0.6499999999999999,-2.8249999999999997,0.325,-1.0361834987171163,-1.1348072688828221,32349.0
2006,BRef BPM,BRef_BPM,BRef_MP,20,-2.77,-2.55,-3.55,-1.7,-1.424459266684659,-1.8363324545593582,25937.0
2007,BRef BPM,BRef_BPM,BRef_MP,20,-1.5550000000000002,-1.75,-2.9,-0.575,-1.5139357580302462,-1.6045188871170162,24003.0
2008,BRef BPM,BRef_BPM,BRef_MP,20,-2.4600000000000004,-3.0,-4.1,-1.0750000000000002,-2.4020818240744273,-2.515146724200341,26227.0
2009,BRef BPM,BRef_BPM,BRef_MP,20,-1.725,-1.2000000000000002,-2.925,-0.75,-1.3865523767115662,-1.680720855681583,35932.0
2010,BRef BPM,BRef_BPM,BRef_MP,20,-1.0150000000000001,-0.9500000000000001,-2.275,0.55,-0.7381993486182322,-0.9814511236972268,31011.0
2011,BRef BPM,BRef_BPM,BRef_MP,20,-2.575,-2.7,-3.8499999999999996,-0.875,-1.7031063021747699,-1.8302912209747928,27911.0
2012,BRef BPM,BRef_BPM,BRef_MP,20,-1.6750000000000003,-2.1,-2.6,-1.25,-1.3888062345023027,-1.408212560872834,25407.0
2013,BRef BPM,BRef_BPM,BRef_MP,20,-2.1599999999999997,-1.7999999999999998,-3.625,-0.95,-1.6356427614413653,-1.580519795893486,28362.0
2014,BRef BPM,BRef_BPM,BRef_MP,20,-3.575,-2.6500000000000004,-4.55,-2.35,-2.7774701365187715,-3.0847065223029966,23440.0
2015,BRef BPM,BRef_BPM,BRef_MP,20,-2.704999999999999,-2.8,-4.225,-1.125,-2.486905931836943,-2.6310289859999054,25439.0
2016,BRef BPM,BRef_BPM,BRef_MP,20,-1.7100000000000002,-2.05,-3.15,-0.625,-1.5131071213237757,-1.1472587184137713,29854.0
2017,BRef BPM,BRef_BPM,BRef_MP,20,-2.9299999999999993,-2.4,-3.95,-2.1500000000000004,-3.1178609086324665,-2.988355378027851,21813.0
2018,BRef BPM,BRef_BPM,BRef_MP,20,-1.5599999999999998,-0.8,-4.05,-0.2,-1.1255999773326155,-1.3846699865369336,35293.0
2019,BRef BPM,BRef_BPM,BRef_MP,20,-1.61,-1.6,-2.8000000000000003,-0.575,-1.4077594202898551,-1.5272927932036076,34500.0
2020,BRef BPM,BRef_BPM,BRef_MP,20,-2.8800000000000003,-3.45,-4.225,-1.6,-2.987196061482957,-3.024202711118108,26609.0
2021,BRef BPM,BRef_BPM,BRef_MP,19,-2.3578947368421046,-2.4,-3.65,-1.3,-2.2738730382517716,-1.5698050504275274,26953.0
2022,BRef BPM,BRef_BPM,BRef_MP,20,-2.3449999999999998,-2.1,-3.575,-0.975,-1.9529915917280785,-2.1893679586821326,30803.0
2023,BRef BPM,BRef_BPM,BRef_MP,20,-2.26,-2.1,-3.75,-0.8,-2.133105696104299,-2.022375404611688,32215.0
2024,BRef BPM,BRef_BPM,BRef_MP,20,-1.9650000000000003,-2.4000000000000004,-4.25,0.1,-1.470361578422266,-1.02620585068332,29067.0
1997,BRef DBPM,BRef_DBPM,BRef_MP,18,-0.8222222222222222,-0.8,-1.75,0.17500000000000002,-1.1397754830634435,-1.208300881336647,25566.0
1998,BRef DBPM,BRef_DBPM,BRef_MP,13,-0.5384615384615384,-0.7,-1.4,-0.2,-0.3443924191750278,-0.6920793651040625,22425.0
1999,BRef DBPM,BRef_DBPM,BRef_MP,14,-0.40714285714285714,-0.45,-0.85,0.17500000000000002,-0.3941361083581103,-0.23929172460141857,12108.0
2000,BRef DBPM,BRef_DBPM,BRef_MP,14,-0.5857142857142857,-0.7,-1.0,-0.25,-0.39516865594187867,-0.37866398468455775,19270.0
2001,BRef DBPM,BRef_DBPM,BRef_MP,15,-0.52,-0.8,-1.2000000000000002,0.7,-0.5317699859747546,-0.8746990239563651,17825.0
2002,BRef DBPM,BRef_DBPM,BRef_MP,20,-0.215,-0.35,-0.925,0.5,0.0025678186547751346,-0.01794471624667519,26910.0
2003,BRef DBPM,BRef_DBPM,BRef_MP,18,-0.6444444444444444,-0.6499999999999999,-1.175,-0.325,-0.3582337395968919,-0.4272351464435763,25353.0
2004,BRef DBPM,BRef_DBPM,BRef_MP,16,-0.4625,-0.35,-0.925,0.17500000000000002,-0.4411002982263381,-0.4365660929301306,25484.0
2005,BRef DBPM,BRef_DBPM,BRef_MP,20,-0.039999999999999945,-0.15000000000000002,-1.075,0.8500000000000001,-0.0015178212618627638,0.11776760918834565,32349.0
2006,BRef DBPM,BRef_DBPM,BRef_MP,20,-0.7849999999999999,-0.8500000000000001,-1.4249999999999998,-0.55,-0.6081852180282994,-0.8110724945066824,25937.0
2007,BRef DBPM,BRef_DBPM,BRef_MP,20,-0.07999999999999997,-0.3,-1.025,0.925,-0.18457692788401453,-0.16085716937299505,24003.0
2008,BRef DBPM,BRef_DBPM,BRef_MP,20,-0.225,-0.15,-1.1,0.39999999999999997,-0.2847714187669195,-0.37427251288779334,26227.0
2009,BRef DBPM,BRef_DBPM,BRef_MP,20,-0.7300000000000001,-0.8500000000000001,-1.4249999999999998,-0.05,-0.8159022598241121,-0.7788958719167065,35932.0
2010,BRef DBPM,BRef_DBPM,BRef_MP,20,-0.39,-0.45,-0.925,0.225,-0.4867627616007224,-0.5769556497546986,31011.0
2011,BRef DBPM,BRef_DBPM,BRef_MP,20,-0.45499999999999996,-0.55,-0.8500000000000001,-0.05,-0.3655261366486332,-0.36783916539954475,27911.0
2012,BRef DBPM,BRef_DBPM,BRef_MP,20,-0.44000000000000006,-0.6,-1.4749999999999999,0.42500000000000004,-0.36842996024717595,-0.5053672888403156,25407.0
2013,BRef DBPM,BRef_DBPM,BRef_MP,20,-0.5599999999999999,-0.6499999999999999,-1.525,0.225,-0.5479197517805514,-0.5082830614959947,28362.0
2014,BRef DBPM,BRef_DBPM,BRef_MP,20,-0.325,-0.15000000000000002,-1.1500000000000001,0.5,-0.42112627986348117,-0.29187086185914435,23440.0
2015,BRef DBPM,BRef_DBPM,BRef_MP,20,-0.16000000000000003,-0.05,-0.475,0.3,-0.14429812492629432,-0.2588010720211027,25439.0
2016,BRef DBPM,BRef_DBPM,BRef_MP,20,-0.32,-0.30000000000000004,-1.375,0.6,-0.41471159643598854,-0.1857794596692327,29854.0
2017,BRef DBPM,BRef_DBPM,BRef_MP,20,-0.45,-0.6499999999999999,-0.8250000000000001,-0.05,-0.530193004171824,-0.5345604481848377,21813.0
2018,BRef DBPM,BRef_DBPM,BRef_MP,20,-0.17500000000000002,0.1,-1.2,0.45,-0.09230158955033577,-0.2184280616964547,35293.0
2019,BRef DBPM,BRef_DBPM,BRef_MP,20,-0.325,0.2,-1.35,0.45,-0.4866289855072463,-0.22874597301518995,34500.0
2020,BRef DBPM,BRef_DBPM,BRef_MP,20,-0.9049999999999999,-1.1,-1.525,-0.425,-1.0313578112668644,-1.1083908751811584,26609.0
2021,BRef DBPM,BRef_DBPM,BRef_MP,19,-0.4052631578947368,-0.5,-1.0,0.4,-0.4472971468853188,-0.5163822107010668,26953.0
2022,BRef DBPM,BRef_DBPM,BRef_MP,20,-0.575,-0.45,-1.1,-0.17500000000000002,-0.4421452455929617,-0.5656550691241132,30803.0
2023,BRef DBPM,BRef_DBPM,BRef_MP,20,-0.595,-0.7,-1.325,0.225,-0.7317957473226757,-0.6971075538632264,32215.0
2024,BRef DBPM,BRef_DBPM,BRef_MP,20,-0.40499999999999997,-0.45,-1.725,0.8,-0.24055458079609174,-0.08019889644345961,29067.0
1997,BRef OBPM,BRef_OBPM,BRef_MP,18,-1.9166666666666667,-2.35,-3.575,-0.225,-0.8518579363216772,-0.7965197562652934,25566.0
1998,BRef OBPM,BRef_OBPM,BRef_MP,13,-0.7384615384615386,-0.7,-2.3,0.7,-0.1407045707915273,0.0016729729138989097,22425.0
1999,BRef OBPM,BRef_OBPM,BRef_MP,14,-0.35714285714285715,-0.5,-1.75,1.1,0.42167162206805436,0.5470331460569757,12108.0
2000,BRef OBPM,BRef_OBPM,BRef_MP,14,-1.3714285714285714,-1.45,-2.375,-0.55,-0.5301556824078878,-0.4475560514481851,19270.0
2001,BRef OBPM,BRef_OBPM,BRef_MP,15,-2.513333333333333,-2.8,-3.0999999999999996,-1.55,-1.819865357643759,-3.287186641664745,17825.0
2002,BRef OBPM,BRef_OBPM,BRef_MP,20,-1.47,-1.7,-2.65,-0.125,-0.8819063545150501,-1.1469801472390064,26910.0
2003,BRef OBPM,BRef_OBPM,BRef_MP,18,-2.0611111111111113,-1.9,-3.375,-1.1,-1.686786573581036,-1.5840333158452085,25353.0
2004,BRef OBPM,BRef_OBPM,BRef_MP,16,-1.7687499999999998,-2.5,-3.3,-1.15,-1.0821417359912102,-1.1900561478318636,25484.0
2005,BRef OBPM,BRef_OBPM,BRef_MP,20,-1.2950000000000002,-1.05,-2.375,-0.05,-1.03063464094717,-1.2522202162527953,32349.0
2006,BRef OBPM,BRef_OBPM,BRef_MP,20,-1.98,-1.75,-2.6,-0.45,-0.8110228630913368,-1.0212530263791884,25937.0
2007,BRef OBPM,BRef_OBPM,BRef_MP,20,-1.4799999999999998,-1.55,-2.475,-0.625,-1.3285839270091238,-1.4426850216265434,24003.0
2008,BRef OBPM,BRef_OBPM,BRef_MP,20,-2.23,-2.8,-3.4,-1.075,-2.112090593663019,-2.137077249046774,26227.0
2009,BRef OBPM,BRef_OBPM,BRef_MP,20,-1.0,-0.44999999999999996,-1.85,0.25,-0.5713180451964822,-0.902971228771238,35932.0
2010,BRef OBPM,BRef_OBPM,BRef_MP,20,-0.6249999999999999,-0.9,-1.625,0.9500000000000001,-0.2629196091709393,-0.40393149367879994,31011.0
2011,BRef OBPM,BRef_OBPM,BRef_MP,20,-2.125,-2.5,-3.45,-0.95,-1.3387911576081115,-1.464618660007058,27911.0
2012,BRef OBPM,BRef_OBPM,BRef_MP,20,-1.2399999999999998,-1.2999999999999998,-2.7,-0.22500000000000003,-1.0243082615027355,-0.9075158493874993,25407.0
2013,BRef OBPM,BRef_OBPM,BRef_MP,20,-1.595,-1.6,-2.9000000000000004,-0.30000000000000004,-1.0913123193004723,-1.0789054211530547,28362.0
2014,BRef OBPM,BRef_OBPM,BRef_MP,20,-3.2449999999999997,-3.1,-4.075,-2.775,-2.34910409556314,-2.787860065875561,23440.0
2015,BRef OBPM,BRef_OBPM,BRef_MP,20,-2.55,-2.6,-3.625,-1.7999999999999998,-2.3471205629152085,-2.3758286039890506,25439.0
2016,BRef OBPM,BRef_OBPM,BRef_MP,20,-1.3950000000000002,-1.25,-2.3249999999999997,-0.775,-1.1095263616265827,-0.9606705502794503,29854.0
2017,BRef OBPM,BRef_OBPM,BRef_MP,20,-2.4750000000000005,-2.7,-3.925,-1.175,-2.591152065282171,-2.4578259000288707,21813.0
2018,BRef OBPM,BRef_OBPM,BRef_MP,20,-1.3849999999999998,-1.15,-2.725,-0.30000000000000004,-1.0359221375343552,-1.1680888603914268,35293.0
2019,BRef OBPM,BRef_OBPM,BRef_MP,20,-1.28,-1.2999999999999998,-2.9,-0.19999999999999998,-0.9136840579710145,-1.2917279037168878,34500.0
2020,BRef OBPM,BRef_OBPM,BRef_MP,20,-1.9800000000000004,-2.8,-3.3,-1.125,-1.9696380923747603,-1.917409132166412,26609.0
2021,BRef OBPM,BRef_OBPM,BRef_MP,19,-1.9526315789473685,-2.2,-3.45,-0.7,-1.8270359514710794,-1.0483567240134661,26953.0
2022,BRef OBPM,BRef_OBPM,BRef_MP,20,-1.77,-1.75,-2.25,-1.05,-1.5098821543356162,-1.6172379655827596,30803.0
2023,BRef OBPM,BRef_OBPM,BRef_MP,20,-1.645,-1.35,-2.8499999999999996,-0.475,-1.3785100108645039,-1.3051326498587248,32215.0
2024,BRef OBPM,BRef_OBPM,BRef_MP,20,-1.56,-1.3,-3.225,-0.275,-1.2251419135101662,-0.9456193048476176,29067.0
1997,BRef PER,BRef_PER,BRef_MP,18,13.28888888888889,13.7,11.275,14.825,14.300508487835407,14.356036630452095,25566.0
1998,BRef PER,BRef_PER,BRef_MP,13,15.015384615384617,14.3,13.6,16.1,15.951687848383502,15.776435407506535,22425.0
1999,BRef PER,BRef_PER,BRef_MP,14,14.664285714285715,13.7,12.925,16.925,15.692723818962667,15.810276935933068,12108.0
2000,BRef PER,BRef_PER,BRef_MP,14,13.114285714285714,12.65,11.7,14.05,14.698287493513236,14.899041427636403,19270.0
2001,BRef PER,BRef_PER,BRef_MP,15,11.193333333333332,12.2,9.05,13.149999999999999,12.125166900420759,9.601349525620048,17825.0
2002,BRef PER,BRef_PER,BRef_MP,20,13.420000000000002,13.1,11.775,13.8,14.124347826086957,13.670007285031247,26910.0
2003,BRef PER,BRef_PER,BRef_MP,18,11.799999999999999,11.25,9.525,14.425,12.86005600915079,13.10481500961448,25353.0
2004,BRef PER,BRef_PER,BRef_MP,16,12.175,10.9,9.55,13.45,13.267014597394443,13.15178582703252,25484.0
2005,BRef PER,BRef_PER,BRef_MP,20,13.39,13.85,10.775,15.25,13.757797768091748,13.481564315440359,32349.0
2006,BRef PER,BRef_PER,BRef_MP,20,12.415000000000001,12.6,11.475,14.45,13.935929367313108,13.40100951003306,25937.0
2007,BRef PER,BRef_PER,BRef_MP,20,13.045000000000002,12.600000000000001,11.325,14.9,13.135953839103445,13.005622281734155,24003.0
2008,BRef PER,BRef_PER,BRef_MP,20,12.145,11.649999999999999,10.575,14.1,12.316875738742517,12.298029587187536,26227.0
2009,BRef PER,BRef_PER,BRef_MP,20,14.895000000000001,15.05,13.825,17.05,15.165320605588331,14.994804612958017,35932.0
2010,BRef PER,BRef_PER,BRef_MP,20,14.2,14.05,12.575,16.325,14.533659024217213,14.61679332795568,31011.0
2011,BRef PER,BRef_PER,BRef_MP,20,12.425,11.35,10.2,14.9,13.880068790082765,13.763529924632184,27911.0
2012,BRef PER,BRef_PER,BRef_MP,20,13.755,13.65,11.649999999999999,14.675,13.759530837958042,13.888436965306258,25407.0
2013,BRef PER,BRef_PER,BRef_MP,20,12.8,12.75,10.35,14.4,13.460707989563499,13.436455645023438,28362.0
2014,BRef PER,BRef_PER,BRef_MP,20,9.879999999999999,9.2,7.65,12.625,10.99613481228669,10.562788704020523,23440.0
2015,BRef PER,BRef_PER,BRef_MP,20,10.809999999999999,11.0,8.85,13.825000000000001,11.350127756594206,11.256584418079628,25439.0
2016,BRef PER,BRef_PER,BRef_MP,20,13.065000000000001,12.600000000000001,9.775,15.525,13.607375896027333,13.809996313083008,29854.0
2017,BRef PER,BRef_PER,BRef_MP,20,10.985000000000001,11.65,8.575,12.475000000000001,10.44191078714528,10.737499665242764,21813.0
2018,BRef PER,BRef_PER,BRef_MP,20,12.764999999999997,12.3,10.0,15.625,13.443283370640069,12.994062823655558,35293.0
2019,BRef PER,BRef_PER,BRef_MP,20,13.35,12.4,10.05,16.549999999999997,13.690808695652173,13.11756012306304,34500.0
2020,BRef PER,BRef_PER,BRef_MP,20,11.84,10.75,8.575,12.75,11.607343380059378,11.742026802246823,26609.0
2021,BRef PER,BRef_PER,BRef_MP,19,11.84736842105263,11.8,9.600000000000001,14.2,11.856691277408821,12.626363289558167,26953.0
2022,BRef PER,BRef_PER,BRef_MP,20,12.415,12.35,10.2,14.825,12.873791513813588,12.366764426155997,30803.0
2023,BRef PER,BRef_PER,BRef_MP,20,12.529999999999998,11.8,10.100000000000001,15.0,12.949967406487664,13.106706820298363,32215.0
2024,BRef PER,BRef_PER,BRef_MP,20,12.55,11.9,8.9,14.425,13.328578800701829,13.830389070804964,29067.0
1997,BRef VORP,BRef_VORP,BRef_MP,18,0.011111111111111118,-0.15000000000000002,-0.4,0.17500000000000002,0.32012438394743015,0.31750633152037744,25566.0
1998,BRef VORP,BRef_VORP,BRef_MP,13,0.676923076923077,0.4,-0.4,0.7,1.1971014492753622,0.9210455790568413,22425.0
1999,BRef VORP,BRef_VORP,BRef_MP,14,0.45714285714285724,0.15000000000000002,-0.07500000000000001,0.575,0.775363396101751,0.7664342243526979,12108.0
2000,BRef VORP,BRef_VORP,BRef_MP,14,0.37142857142857144,-0.1,-0.2,0.875,0.8098702646600935,0.8801379824261928,19270.0
2001,BRef VORP,BRef_VORP,BRef_MP,15,-0.12000000000000001,-0.2,-0.5,0.2,0.009716690042075711,-0.18146266874870826,17825.0
2002,BRef VORP,BRef_VORP,BRef_MP,20,0.385,0.2,-0.325,0.725,0.7710925306577481,0.5694743641070784,26910.0
2003,BRef VORP,BRef_VORP,BRef_MP,18,-0.011111111111111112,-0.1,-0.4,0.30000000000000004,0.196907663787323,0.20099864614902718,25353.0
2004,BRef VORP,BRef_VORP,BRef_MP,16,0.19374999999999998,-0.2,-0.45,0.575,0.5483008946790141,0.48755378817188333,25484.0
2005,BRef VORP,BRef_VORP,BRef_MP,20,0.39999999999999997,0.5,-0.25,0.975,0.573201644563974,0.5658051782838609,32349.0
2006,BRef VORP,BRef_VORP,BRef_MP,20,0.2,-0.1,-0.4,0.125,0.6678027528241508,0.4017200002135295,25937.0
2007,BRef VORP,BRef_VORP,BRef_MP,20,0.13999999999999999,0.1,-0.2,0.375,0.14466525017706122,0.11486236463233838,24003.0
2008,BRef VORP,BRef_VORP,BRef_MP,20,-0.13499999999999998,-0.25,-0.42500000000000004,0.3,-0.10022495901170549,-0.15549137584245218,26227.0
2009,BRef VORP,BRef_VORP,BRef_MP,20,0.25999999999999995,0.3,-0.3,0.75,0.4075531559612602,0.22640536288757945,35932.0
2010,BRef VORP,BRef_VORP,BRef_MP,20,0.495,0.30000000000000004,-0.05,0.925,0.7159266066879495,0.5673321717335063,31011.0
2011,BRef VORP,BRef_VORP,BRef_MP,20,0.09499999999999999,-0.3,-0.42500000000000004,0.42500000000000004,0.4534556268138011,0.3537242579148408,27911.0
2012,BRef VORP,BRef_VORP,BRef_MP,20,0.20000000000000004,0.0,-0.2,0.3,0.2676427756130201,0.2608297340521548,25407.0
2013,BRef VORP,BRef_VORP,BRef_MP,20,0.125,0.05,-0.45,0.325,0.33056907129257457,0.36088409040377717,28362.0
2014,BRef VORP,BRef_VORP,BRef_MP,20,-0.23500000000000001,-0.2,-0.4,-0.07500000000000001,-0.14369880546075087,-0.20146445576558183,23440.0
2015,BRef VORP,BRef_VORP,BRef_MP,20,-0.15999999999999998,-0.2,-0.42500000000000004,0.225,-0.1289044380675341,-0.18534132321730223,25439.0
2016,BRef VORP,BRef_VORP,BRef_MP,20,0.18500000000000003,0.0,-0.42500000000000004,0.4,0.2966068198566356,0.3702883302401177,29854.0
2017,BRef VORP,BRef_VORP,BRef_MP,20,-0.30500000000000005,-0.1,-0.525,0.0,-0.4428597625269335,-0.37266095202357885,21813.0
2018,BRef VORP,BRef_VORP,BRef_MP,20,0.4,0.5,-0.6,0.8250000000000001,0.6262374975207549,0.4931638194804156,35293.0
2019,BRef VORP,BRef_VORP,BRef_MP,20,0.255,0.15000000000000002,-0.275,0.725,0.3363768115942029,0.2756625560784557,34500.0
2020,BRef VORP,BRef_VORP,BRef_MP,20,-0.3450000000000001,-0.4,-0.9,0.125,-0.3997106242248863,-0.4426570356929186,26609.0
2021,BRef VORP,BRef_VORP,BRef_MP,19,-0.10526315789473686,-0.2,-0.5,0.2,-0.11129002337402144,0.18313062316731418,26953.0
2022,BRef VORP,BRef_VORP,BRef_MP,20,0.014999999999999986,-0.05,-0.5,0.42500000000000004,0.19180274648573192,0.09151904480818619,30803.0
2023,BRef VORP,BRef_VORP,BRef_MP,20,-0.059999999999999984,-0.05,-0.7,0.4,-0.03544311656060839,0.010482904611177858,32215.0
2024,BRef VORP,BRef_VORP,BRef_MP,20,0.19499999999999992,-0.2,-0.725,0.8250000000000001,0.3931331062717171,0.6610064619626539,29067.0
1997,BRef WS,BRef_WS,BRef_MP,18,1.7944444444444447,1.1,0.625,3.125,2.494574825940702,2.6263420246934723,25566.0
1998,BRef WS,BRef_WS,BRef_MP,13,3.4153846153846152,2.0,0.8,4.0,4.7573645484949845,4.014839420632346,22425.0
1999,BRef WS,BRef_WS,BRef_MP,14,1.7,1.35,0.725,2.35,2.3885447637925337,2.272063436826571,12108.0
2000,BRef WS,BRef_WS,BRef_MP,14,1.9571428571428573,2.0,0.625,2.525,2.9667358588479504,3.1169757950061023,19270.0
2001,BRef WS,BRef_WS,BRef_MP,15,1.3066666666666673,1.3,0.05,2.3499999999999996,1.8262776998597472,0.997545985846104,17825.0
2002,BRef WS,BRef_WS,BRef_MP,20,2.435,1.9500000000000002,0.8,3.025,3.433359345968042,3.1590208085864315,26910.0
2003,BRef WS,BRef_WS,BRef_MP,18,1.8333333333333333,0.7,0.125,2.675,2.775963396836666,2.831974645161889,25353.0
2004,BRef WS,BRef_WS,BRef_MP,16,1.8875,0.75,0.45,2.5749999999999997,2.738059174383927,2.697604075867667,25484.0
2005,BRef WS,BRef_WS,BRef_MP,20,2.7150000000000003,2.85,1.0999999999999999,4.025,3.3582460045132767,3.4311625253407323,32349.0
2006,BRef WS,BRef_WS,BRef_MP,20,2.0100000000000002,1.2,0.5,2.65,3.1881674827466555,2.7923262827381747,25937.0
2007,BRef WS,BRef_WS,BRef_MP,20,1.6400000000000001,1.65,0.85,2.25,1.6895513060867393,1.5636788306561822,24003.0
2008,BRef WS,BRef_WS,BRef_MP,20,1.53,1.3,0.425,2.3499999999999996,1.7962824570099516,1.6740244574508354,26227.0
2009,BRef WS,BRef_WS,BRef_MP,20,3.1649999999999996,3.4,1.975,4.6,3.553812757430702,3.3448520322233457,35932.0
2010,BRef WS,BRef_WS,BRef_MP,20,2.54,2.4,1.275,3.825,2.9434362000580445,2.779247637642546,31011.0
2011,BRef WS,BRef_WS,BRef_MP,20,1.8150000000000002,1.05,0.15000000000000002,2.4,2.7493783812833654,2.551967206643053,27911.0
2012,BRef WS,BRef_WS,BRef_MP,20,1.8449999999999995,1.6,1.25,1.85,1.9269650096430118,1.9282629464715615,25407.0
2013,BRef WS,BRef_WS,BRef_MP,20,2.0149999999999997,2.0,0.65,2.8499999999999996,2.525876172343276,2.5466993721707425,28362.0
2014,BRef WS,BRef_WS,BRef_MP,20,0.9100000000000001,0.8,0.17500000000000002,1.375,1.2917747440273037,1.3861325934590791,23440.0
2015,BRef WS,BRef_WS,BRef_MP,20,0.985,0.6,0.25,1.725,1.3390895868548292,1.196943077878875,25439.0
2016,BRef WS,BRef_WS,BRef_MP,20,2.0599999999999996,1.5,0.825,2.65,2.3872646881489916,2.5290763938097083,29854.0
2017,BRef WS,BRef_WS,BRef_MP,20,0.9650000000000001,1.2000000000000002,0.625,1.6,0.9306606152294502,1.0221433380075022,21813.0
2018,BRef WS,BRef_WS,BRef_MP,20,2.4549999999999996,2.3,-0.05,4.2,2.9284872354291216,2.7204587962227227,35293.0
2019,BRef WS,BRef_WS,BRef_MP,20,2.465,2.75,1.425,3.375,2.6348057971014494,2.6063015265071314,34500.0
2020,BRef WS,BRef_WS,BRef_MP,20,0.985,0.8500000000000001,-0.15,1.85,0.9361832462700591,0.9623668998415962,26609.0
2021,BRef WS,BRef_WS,BRef_MP,19,1.452631578947368,1.3,0.75,2.65,1.5509850480465992,1.9111758047594898,26953.0
2022,BRef WS,BRef_WS,BRef_MP,20,1.6350000000000002,1.15,0.25,2.55,2.0328993929162746,2.059993107045694,30803.0
2023,BRef WS,BRef_WS,BRef_MP,20,2.175,1.9,1.0,2.65,2.3813503026540426,2.486003731481597,32215.0
2024,BRef WS,BRef_WS,BRef_MP,20,1.9100000000000001,1.25,0.375,3.7750000000000004,2.2723053634706023,2.95484373732256,29067.0
1997,BRef WS/48,BRef_WS48,BRef_MP,18,0.060444444444444446,0.0605,0.03475,0.0805,0.06027552217789251,0.059559237164337135,25566.0
1998,BRef WS/48,BRef_WS48,BRef_MP,13,0.08030769230769232,0.073,0.051,0.091,0.09509025641025641,0.08784335347688801,22425.0
1999,BRef WS/48,BRef_WS48,BRef_MP,14,0.08621428571428573,0.098,0.036250000000000004,0.1375,0.09466633630657417,0.09636462881916907,12108.0
2000,BRef WS/48,BRef_WS48,BRef_MP,14,0.055428571428571424,0.0565,0.0335,0.08625,0.06798214841722885,0.06947327133898652,19270.0
2001,BRef WS/48,BRef_WS48,BRef_MP,15,0.04113333333333334,0.056,0.009,0.07150000000000001,0.052488415147265086,0.012397930501587197,17825.0
2002,BRef WS/48,BRef_WS48,BRef_MP,20,0.0794,0.0775,0.05875,0.099,0.08681029357116314,0.08573434767061583,26910.0
2003,BRef WS/48,BRef_WS48,BRef_MP,18,0.048,0.039,0.0065,0.0875,0.06296824833353054,0.06399112854122435,25353.0
2004,BRef WS/48,BRef_WS48,BRef_MP,16,0.0484375,0.033,0.018750000000000003,0.08225,0.056965350808350336,0.05777008277013721,25484.0
2005,BRef WS/48,BRef_WS48,BRef_MP,20,0.0749,0.088,0.04325,0.11275,0.08044931837151072,0.0825580706860912,32349.0
2006,BRef WS/48,BRef_WS48,BRef_MP,20,0.05989999999999999,0.0545,0.0365,0.08549999999999999,0.07434171261132744,0.06854923135924013,25937.0
2007,BRef WS/48,BRef_WS48,BRef_MP,20,0.07369999999999999,0.0775,0.047,0.11725000000000001,0.06603570387034954,0.06171961229023476,24003.0
2008,BRef WS/48,BRef_WS48,BRef_MP,20,0.05865,0.053500000000000006,0.017499999999999998,0.09475,0.055994585732260654,0.053546687234518615,26227.0
2009,BRef WS/48,BRef_WS48,BRef_MP,20,0.08410000000000001,0.083,0.066,0.11475,0.08463981965935656,0.08232355791753156,35932.0
2010,BRef WS/48,BRef_WS48,BRef_MP,20,0.08275,0.076,0.06225,0.1165,0.07837409306375157,0.07475062070338136,31011.0
2011,BRef WS/48,BRef_WS48,BRef_MP,20,0.0486,0.0315,0.006500000000000001,0.091,0.06266446920568954,0.059438783427153634,27911.0
2012,BRef WS/48,BRef_WS48,BRef_MP,20,0.0723,0.0635,0.041,0.0965,0.06987649073090095,0.06907379949246906,25407.0
2013,BRef WS/48,BRef_WS48,BRef_MP,20,0.06244999999999999,0.062,0.019,0.1,0.06856149072702912,0.06821438682012154,28362.0
2014,BRef WS/48,BRef_WS48,BRef_MP,20,0.0318,0.025,0.014,0.057,0.03737013651877133,0.04220902441043891,23440.0
2015,BRef WS/48,BRef_WS48,BRef_MP,20,0.033999999999999996,0.029,0.0165,0.07100000000000001,0.036979480325484496,0.03513951082724138,25439.0
2016,BRef WS/48,BRef_WS48,BRef_MP,20,0.06689999999999999,0.07250000000000001,0.0305,0.1045,0.06629620821330474,0.08222956083329243,29854.0
2017,BRef WS/48,BRef_WS48,BRef_MP,20,0.05145000000000001,0.0505,0.02725,0.089,0.042318984092055194,0.04822989143109294,21813.0
2018,BRef WS/48,BRef_WS48,BRef_MP,20,0.06050000000000001,0.065,-0.00275,0.10825000000000001,0.06690811209021619,0.06080128402148115,35293.0
2019,BRef WS/48,BRef_WS48,BRef_MP,20,0.06735000000000001,0.068,0.034,0.0965,0.0685036811594203,0.07078328312490056,34500.0
2020,BRef WS/48,BRef_WS48,BRef_MP,20,0.04215000000000001,0.045,-0.00575,0.06275,0.03506824758540343,0.03878954233736228,26609.0
2021,BRef WS/48,BRef_WS48,BRef_MP,19,0.04963157894736842,0.046,0.0205,0.0875,0.04936214892590807,0.06002554353631548,26953.0
2022,BRef WS/48,BRef_WS48,BRef_MP,20,0.046700000000000005,0.049,0.008,0.082,0.05094828425802681,0.05004580449718756,30803.0
2023,BRef WS/48,BRef_WS48,BRef_MP,20,0.06614999999999999,0.054,0.03575,0.09,0.0645639608877852,0.06745468691372769,32215.0
2024,BRef WS/48,BRef_WS48,BRef_MP,20,0.058450000000000016,0.053,0.01225,0.08875000000000001,0.06325946950149655,0.07606466246761176,29067.0
1997,Def Above Aging Curve (lower better),Def_above_curve,Poss,18,0.34521516284890974,0.17182606460438293,-0.9264069999438258,1.3374392326515716,1.0925229355320236,1.213616798320728,100219.0
1998,Def Above Aging Curve (lower better),Def_above_curve,Poss,13,0.3954704615903145,0.7377921937008007,-0.4711400644920348,1.046792193700801,0.26445220487760296,0.46892773529957166,87303.0
1999,Def Above Aging Curve (lower better),Def_above_curve,Poss,14,-0.2991927074265532,-0.35914006449203467,-0.7831050483690261,0.2660591291525919,-0.2712972035031994,-0.6366667733558329,47152.0
2000,Def Above Aging Curve (lower better),Def_above_curve,Poss,14,-0.005308396747704265,-0.07867393539561698,-1.2893900644920346,1.0793430000561741,-0.1502070921326649,-0.0720761807908025,76246.0
2001,Def Above Aging Curve (lower better),Def_above_curve,Poss,15,-0.33686941292568473,-0.4681400644920347,-0.9874092427617696,0.4187921937008008,-0.47602014427520534,-0.5670690022791346,68949.0
2002,Def Above Aging Curve (lower better),Def_above_curve,Poss,20,-0.5142773535856044,-0.3386039031495996,-1.5208254599822757,0.3428215789684953,-0.835149753820406,-0.8167180184460727,106850.0
2003,Def Above Aging Curve (lower better),Def_above_curve,Poss,18,-0.24430466171014636,-0.0794092427617697,-1.0640246536269022,0.6146745400177244,-0.17613991837384024,-0.06280431716463375,99846.0
2004,Def Above Aging Curve (lower better),Def_above_curve,Poss,16,-0.41209533504794116,-0.3642078062991992,-1.0192850161230087,0.3508599355079652,-0.3604256524055305,-0.4021468172281514,99011.0
2005,Def Above Aging Curve (lower better),Def_above_curve,Poss,20,-0.6915534149092117,-0.8700700322460173,-2.1462746536269024,0.7075803947421239,-0.6404568941838719,-1.055213435566487,127660.0
2006,Def Above Aging Curve (lower better),Def_above_curve,Poss,20,-0.5667006648025164,-0.7381039031495995,-1.0859284210315046,0.6168599355079651,-0.5677645842551732,-0.5898097655814665,99205.0
2007,Def Above Aging Curve (lower better),Def_above_curve,Poss,20,-1.0209714454324363,-1.2294092427617693,-1.7943107673484284,0.19093923265157167,-1.0595829626566757,-1.124938207856819,95998.0
2008,Def Above Aging Curve (lower better),Def_above_curve,Poss,20,-0.11123458585409159,-0.3491739353956169,-0.9939284210315045,0.737644951630974,0.028210733948359854,0.05212738991571998,105417.0
2009,Def Above Aging Curve (lower better),Def_above_curve,Poss,20,0.25579803013052843,0.15666078948424766,-0.4837078062991992,1.063321578968495,0.27711432831372823,0.029251558932635126,139090.0
2010,Def Above Aging Curve (lower better),Def_above_curve,Poss,20,0.23744165436540782,0.2553215789684953,-0.16190699994382582,0.6946099355079652,0.25964481779175613,0.3919565381822002,124857.0
2011,Def Above Aging Curve (lower better),Def_above_curve,Poss,20,0.19993894488252367,-0.059673935395616995,-0.38514006449203464,0.7094245400177244,0.2317343483934842,0.19963964419888944,108046.0
2012,Def Above Aging Curve (lower better),Def_above_curve,Poss,20,-0.20366444220783456,-0.038673935395617,-0.6175350161230087,0.4994245400177244,-0.14946487253757917,-0.12353428981945211,99772.0
2013,Def Above Aging Curve (lower better),Def_above_curve,Poss,20,0.2749425610167672,0.523556886334648,-0.08403501612300868,0.9333599355079651,0.21821389705177363,0.19553827103634377,110231.0
2014,Def Above Aging Curve (lower better),Def_above_curve,Poss,20,0.054743009580355925,-0.05614006449203475,-0.7596569999438259,0.5880930000561742,0.15864271307409583,0.34817266388261053,93679.0
2015,Def Above Aging Curve (lower better),Def_above_curve,Poss,20,-0.2251578875468217,-0.6676039031495996,-1.0999578062991993,0.730809129152592,-0.10030651696598486,0.03757151871965538,100302.0
2016,Def Above Aging Curve (lower better),Def_above_curve,Poss,20,-0.028558784673999176,0.04805688633464805,-1.0035246536269022,0.9388303947421238,-0.0314457552781848,-0.06242328612171923,123038.0
2017,Def Above Aging Curve (lower better),Def_above_curve,Poss,20,-0.32122396649524637,-0.4429431136653519,-0.8553019515747997,0.11947534637309773,-0.07536532072559743,-0.27746689289089205,91831.0
2018,Def Above Aging Curve (lower better),Def_above_curve,Poss,20,-0.459069174988959,-0.44390924276176974,-1.7522588157736285,0.7661892326515717,-0.6823923942545228,-0.5739653491773553,150083.0
2019,Def Above Aging Curve (lower better),Def_above_curve,Poss,20,0.08110435574765613,-0.01394311366535195,-0.5089284210315046,0.6109753463730978,0.25058977689412537,0.11613868730788209,145447.0
2020,Def Above Aging Curve (lower better),Def_above_curve,Poss,20,-0.05173864102774206,0.2872921937008007,-1.2520754599822754,1.0154753463730977,0.10604753713812132,0.0907781689451841,117401.0
2021,Def Above Aging Curve (lower better),Def_above_curve,Poss,20,0.06218507812894729,0.16966078948424765,-0.5591784210315046,0.4645803947421238,0.06573285800142993,0.03447577371765535,117389.0
2022,Def Above Aging Curve (lower better),Def_above_curve,Poss,20,0.32487581398505017,0.5558960968504004,-0.4790754599822756,1.1556099355079654,0.1897067193064631,0.40219443240427905,129281.0
2023,Def Above Aging Curve (lower better),Def_above_curve,Poss,20,0.3319916638895896,0.120556886334648,-0.38614006449203475,1.0553599355079653,0.5047402567372705,0.4950552004992948,136174.0
2024,Def Above Aging Curve (lower better),Def_above_curve,Poss,20,-0.15670178144939745,-0.4794092427617697,-1.2758019515747998,0.9423303947421238,-0.10806093928629225,-0.08710653620894317,120208.0
1997,Def At Ref Age (lower better),Def_at_ref,Poss,18,-0.7226589432526782,-0.8960480414972052,-1.994281106045414,0.2695651265499835,0.02464882943043537,0.14574269221913994,100219.0
1998,Def At Ref Age (lower better),Def_at_ref,Poss,13,-0.6724036445112735,-0.3300819124007874,-1.539014170593623,-0.0210819124007873,-0.8034219012239852,-0.5989463708020167,87303.0
1999,Def At Ref Age (lower better),Def_at_ref,Poss,14,-1.3670668135281414,-1.427014170593623,-1.8509791544706142,-0.8018149769489962,-1.3391713096047875,-1.7045408794574208,47152.0
2000,Def At Ref Age (lower better),Def_at_ref,Poss,14,-1.0731825028492925,-1.1465480414972051,-2.3572641705936226,0.0114688939545859,-1.2180811982342532,-1.1399502868923908,76246.0
2001,Def At Ref Age (lower better),Def_at_ref,Poss,15,-1.4047435190272732,-1.536014170593623,-2.055283348863358,-0.6490819124007874,-1.5438942503767934,-1.6349431083807229,68949.0
2002,Def At Ref Age (lower better),Def_at_ref,Poss,20,-1.582151459687193,-1.4064780092511877,-2.588699566083864,-0.7250525271330928,-1.9030238599219937,-1.884592124547661,106850.0
2003,Def At Ref Age (lower better),Def_at_ref,Poss,18,-1.3121787678117345,-1.147283348863358,-2.1318987597284904,-0.45319956608386375,-1.2440140244754283,-1.130678423266222,99846.0
2004,Def At Ref Age (lower better),Def_at_ref,Poss,16,-1.4799694411495294,-1.4320819124007875,-2.0871591222245964,-0.7170141705936229,-1.4282997585071189,-1.4700209233297394,99011.0
2005,Def At Ref Age (lower better),Def_at_ref,Poss,20,-1.7594275210108,-1.9379441383476055,-3.2141487597284906,-0.3602937113594643,-1.70833100028546,-2.123087541668075,127660.0
2006,Def At Ref Age (lower better),Def_at_ref,Poss,20,-1.6345747709041045,-1.8059780092511877,-2.153802527133093,-0.4510141705936229,-1.6356386903567615,-1.6576838716830549,99205.0
2007,Def At Ref Age (lower better),Def_at_ref,Poss,20,-2.0888455515340243,-2.297283348863358,-2.8621848734500164,-0.8769348734500164,-2.1274570687582637,-2.192812313958407,95998.0
2008,Def At Ref Age (lower better),Def_at_ref,Poss,20,-1.17910869195568,-1.417048041497205,-2.061802527133093,-0.3302291544706142,-1.0396633721532282,-1.0157467161858682,105417.0
2009,Def At Ref Age (lower better),Def_at_ref,Poss,20,-0.8120760759710597,-0.9112133166173405,-1.5515819124007875,-0.004552527133092798,-0.7907597777878599,-1.0386225471689527,139090.0
2010,Def At Ref Age (lower better),Def_at_ref,Poss,20,-0.8304324517361803,-0.8125525271330928,-1.229781106045414,-0.37326417059362293,-0.8082292883098322,-0.6759175679193878,124857.0
2011,Def At Ref Age (lower better),Def_at_ref,Poss,20,-0.8679351612190646,-1.1275480414972052,-1.4530141705936228,-0.35844956608386375,-0.8361397577081039,-0.8682344619026987,108046.0
2012,Def At Ref Age (lower better),Def_at_ref,Poss,20,-1.2715385483094228,-1.1065480414972053,-1.6854091222245968,-0.5684495660838638,-1.2173389786391675,-1.19140839592104,99772.0
2013,Def At Ref Age (lower better),Def_at_ref,Poss,20,-0.7929315450848209,-0.5443172197669401,-1.1519091222245965,-0.13451417059362292,-0.8496602090498145,-0.8723358350652443,110231.0
2014,Def At Ref Age (lower better),Def_at_ref,Poss,20,-1.0131310965212323,-1.1240141705936229,-1.8275311060454138,-0.479781106045414,-0.9092313930274922,-0.7197014422189776,93679.0
2015,Def At Ref Age (lower better),Def_at_ref,Poss,20,-1.29303199364841,-1.7354780092511877,-2.167831912400787,-0.3370649769489963,-1.168180623067573,-1.0303025873819327,100302.0
2016,Def At Ref Age (lower better),Def_at_ref,Poss,20,-1.0964328907755874,-1.0198172197669402,-2.07139875972849,-0.1290437113594643,-1.0993198613797728,-1.1302973922233075,123038.0
2017,Def At Ref Age (lower better),Def_at_ref,Poss,20,-1.3890980725968345,-1.51081721976694,-1.9231760576763879,-0.9483987597284904,-1.1432394268271855,-1.34534099899248,91831.0
2018,Def At Ref Age (lower better),Def_at_ref,Poss,20,-1.5269432810905472,-1.511783348863358,-2.8201329218752162,-0.30168487345001643,-1.7502665003561106,-1.6418394552789433,150083.0
2019,Def At Ref Age (lower better),Def_at_ref,Poss,20,-0.986769750353932,-1.0818172197669402,-1.5768025271330928,-0.4568987597284904,-0.8172843292074629,-0.951735418793706,145447.0
2020,Def At Ref Age (lower better),Def_at_ref,Poss,20,-1.1196127471293302,-0.7805819124007873,-2.3199495660838636,-0.052398759728490375,-0.9618265689634669,-0.9770959371564039,117401.0
2021,Def At Ref Age (lower better),Def_at_ref,Poss,20,-1.005689027972641,-0.8982133166173405,-1.627052527133093,-0.6032937113594643,-1.0021412481001584,-1.0333983323839329,117389.0
2022,Def At Ref Age (lower better),Def_at_ref,Poss,20,-0.7429982921165379,-0.5119780092511879,-1.5469495660838637,0.08773582940637707,-0.8781673867951251,-0.6656796736973093,129281.0
2023,Def At Ref Age (lower better),Def_at_ref,Poss,20,-0.7358824422119985,-0.9473172197669402,-1.4540141705936231,-0.012514170593622925,-0.5631338493643175,-0.5728189056022931,136174.0
2024,Def At Ref Age (lower better),Def_at_ref,Poss,20,-1.2245758875509856,-1.547283348863358,-2.343676057676388,-0.12554371135946438,-1.1759350453878803,-1.1549806423105313,120208.0
1997,Def VORP,VORP_Def,Poss,18,1.3667222222222224,1.0955,-0.043250000000000004,2.6477500000000003,2.320907033596424,2.508732844051703,100219.0
1998,Def VORP,VORP_Def,Poss,13,1.448076923076923,1.882,0.931,2.36,1.4231446112962898,1.6904166283458837,87303.0
1999,Def VORP,VORP_Def,Poss,14,0.5901428571428571,0.49950000000000006,0.13675,1.013,0.7863643535799116,0.5269706728875903,47152.0
2000,Def VORP,VORP_Def,Poss,14,0.9948571428571429,0.6855,-0.44775,2.19475,1.1684400624295044,1.258085498571755,76246.0
2001,Def VORP,VORP_Def,Poss,15,0.6646666666666666,0.502,-0.166,1.442,0.689253970325893,0.335341627271005,68949.0
2002,Def VORP,VORP_Def,Poss,20,0.26699999999999996,0.33899999999999997,-0.34450000000000003,0.7802499999999999,0.14621621899859613,0.13639184155445794,106850.0
2003,Def VORP,VORP_Def,Poss,18,0.8801111111111111,1.233,0.184,1.71475,1.109140456302706,1.2526299223438995,99846.0
2004,Def VORP,VORP_Def,Poss,16,0.7610625,0.9650000000000001,0.28675,1.324,1.0887630364302956,1.008435956619406,99011.0
2005,Def VORP,VORP_Def,Poss,20,0.6316,0.1155,-0.8845,2.35625,0.7729231630894564,0.33653066371920537,127660.0
2006,Def VORP,VORP_Def,Poss,20,0.47509999999999997,0.3725,-0.6435,1.7445,0.6786586260773146,0.7154153440533016,99205.0
2007,Def VORP,VORP_Def,Poss,20,0.1559,-0.045,-0.60575,1.2999999999999998,0.19903545907206402,0.1622345896995831,95998.0
2008,Def VORP,VORP_Def,Poss,20,0.9702,0.8535,0.09175,1.63175,1.2301990950226243,1.2442825880459965,105417.0
2009,Def VORP,VORP_Def,Poss,20,1.5988,1.5034999999999998,0.8592500000000001,2.75175,1.7500400963404985,1.4419428678900192,139090.0
2010,Def VORP,VORP_Def,Poss,20,0.8980499999999999,0.8634999999999999,0.304,1.41225,1.0718887607422891,1.2390171451427128,124857.0
2011,Def VORP,VORP_Def,Poss,20,1.33325,1.0114999999999998,0.572,2.0709999999999997,1.5233521092867854,1.5452565569490821,108046.0
2012,Def VORP,VORP_Def,Poss,20,1.0097,1.2905,0.322,1.858,1.124460890831095,1.2074525866565555,99772.0
2013,Def VORP,VORP_Def,Poss,20,1.0413000000000001,1.2025000000000001,0.76325,1.5382500000000001,1.0984691874336623,1.1058563191158925,110231.0
2014,Def VORP,VORP_Def,Poss,20,0.9312500000000001,0.7315,-0.21825,1.91925,1.3341442585851686,1.3799711511549713,93679.0
2015,Def VORP,VORP_Def,Poss,20,1.1078999999999999,0.9045000000000001,0.12974999999999998,1.94875,1.3421196087814797,1.4209562346938855,100302.0
2016,Def VORP,VORP_Def,Poss,20,1.2618500000000001,1.2429999999999999,0.28675,2.133,1.3657261171345438,1.2084959216177005,123038.0
2017,Def VORP,VORP_Def,Poss,20,0.4025499999999999,0.28400000000000003,-0.12525,0.7015,0.6940863325020963,0.46127112390039315,91831.0
2018,Def VORP,VORP_Def,Poss,20,0.8725999999999999,0.7305,-0.3865,2.0220000000000002,0.7460382388411747,0.8175733181265687,150083.0
2019,Def VORP,VORP_Def,Poss,20,1.0652000000000001,1.0685,0.32175000000000004,1.46625,1.2950551334850495,1.0475887240477875,145447.0
2020,Def VORP,VORP_Def,Poss,20,1.3288,1.5215,0.2165,2.44175,1.5204505157536985,1.4637115951113908,117401.0
2021,Def VORP,VORP_Def,Poss,20,1.1380999999999997,1.0710000000000002,0.40575,1.7534999999999998,1.2020552692330628,1.0571465331704646,117389.0
2022,Def VORP,VORP_Def,Poss,20,1.8224,1.85,1.0190000000000001,2.636,1.7645963057216454,1.943067472861844,129281.0
2023,Def VORP,VORP_Def,Poss,20,1.26085,1.041,0.55825,2.04575,1.5039620779297076,1.4785780198408878,136174.0
2024,Def VORP,VORP_Def,Poss,20,1.2122,0.728,0.212,2.49725,1.2697295687475043,1.2046127806479652,120208.0
1997,Off Above Aging Curve,Off_above_curve,Poss,18,-2.2412485479195507,-2.620528636706469,-3.934901789440652,-0.7735765031428464,-1.0998780679154625,-1.0258921994550978,100219.0
1998,Off Above Aging Curve,Off_above_curve,Poss,13,-2.0877554979452175,-2.9170572734129374,-4.2710572734129375,0.2549427265870623,-1.097046818739651,-1.7454749749253136,87303.0
1999,Off Above Aging Curve,Off_above_curve,Poss,14,-1.8272130918159266,-1.5540286367064686,-3.7950908214960815,-0.2679353375237953,-0.6934485635418985,-0.9932131769591754,47152.0
2000,Off Above Aging Curve,Off_above_curve,Poss,14,-1.9077378330082622,-2.540231478663184,-3.8043072734129377,-0.499151789440652,-0.736126413649478,-0.6033500706655535,76246.0
2001,Off Above Aging Curve,Off_above_curve,Poss,15,-3.173278316744565,-2.351435337523795,-5.6117314786631844,-1.3492463054683665,-2.448538028838805,-3.516472754505473,68949.0
2002,Off Above Aging Curve,Off_above_curve,Poss,20,-2.5407681074649204,-3.111028636706469,-3.9361630973160224,-1.8273514209783577,-1.5713079544472108,-2.1324319663126996,106850.0
2003,Off Above Aging Curve,Off_above_curve,Poss,18,-3.1769602905765986,-3.1104205107186127,-3.935068581288308,-2.0828185812883078,-2.4477820612556624,-2.2853435520062177,99846.0
2004,Off Above Aging Curve,Off_above_curve,Poss,16,-2.1604228124774667,-3.2132463054683664,-4.144818581288307,-1.2604279241212042,-1.012653889575685,-1.200223374533385,99011.0
2005,Off Above Aging Curve,Off_above_curve,Poss,20,-1.462120727766559,-1.1327028419567156,-2.9249056839134306,0.028442726587062303,-0.8538535624901661,-0.910127328560812,127660.0
2006,Off Above Aging Curve,Off_above_curve,Poss,20,-2.825115744199457,-3.298557273412938,-4.635663097316022,-1.5640572734129377,-1.5448713175672661,-1.7943011367059318,99205.0
2007,Off Above Aging Curve,Off_above_curve,Poss,20,-2.375659277951837,-2.6059353375237952,-4.1705685812883075,-0.6389353375237953,-1.7442493543381494,-1.6473040140498998,95998.0
2008,Off Above Aging Curve,Off_above_curve,Poss,20,-2.9518360283951286,-3.4182463054683665,-4.387151789440653,-2.0600685812883075,-2.6161709200650005,-2.4355989983577686,105417.0
2009,Off Above Aging Curve,Off_above_curve,Poss,20,-1.8034964822673492,-1.4149056839134309,-3.2581853375237957,-0.3656779241212041,-1.1153354463098284,-1.3603432235263342,139090.0
2010,Off Above Aging Curve,Off_above_curve,Poss,20,-1.8412496029741714,-2.203246305468366,-3.149394376038061,-0.6754056839134308,-1.2139641014224107,-1.3192948677175473,124857.0
2011,Off Above Aging Curve,Off_above_curve,Poss,20,-3.2125875110756468,-3.531557273412938,-5.020057273412937,-2.351608834380949,-2.1205635618856644,-2.041721224961983,108046.0
2012,Off Above Aging Curve,Off_above_curve,Poss,20,-1.9218564142811896,-1.9512463054683664,-3.704435337523795,-0.863401789440652,-1.6653480488059744,-1.5326152876090529,99772.0
2013,Off Above Aging Curve,Off_above_curve,Poss,20,-2.237553550610542,-2.6530572734129376,-3.615935337523795,-0.8254056839134308,-1.6107037621936093,-1.6541054373291377,110231.0
2014,Off Above Aging Curve,Off_above_curve,Poss,20,-3.205437612766036,-3.7627463054683665,-4.865401789440652,-2.739151789440652,-2.069058952792626,-2.4093173407718043,93679.0
2015,Off Above Aging Curve,Off_above_curve,Poss,20,-2.3978694884550493,-2.7205286367064687,-4.570557273412938,-1.7066853375237951,-1.2119762615787015,-1.6147244460756902,100302.0
2016,Off Above Aging Curve,Off_above_curve,Poss,20,-1.888801364144062,-2.1787028419567154,-2.585413097316022,-1.192927924121204,-1.5137455759595981,-1.8254625747382591,123038.0
2017,Off Above Aging Curve,Off_above_curve,Poss,20,-2.9166992042593773,-3.0857463054683665,-4.149905683913431,-1.7330572734129375,-2.5348127521339934,-2.7742080813546766,91831.0
2018,Off Above Aging Curve,Off_above_curve,Poss,20,-1.6383231310202517,-1.501905683913431,-2.933663097316022,-0.8455572734129376,-1.1476083203794591,-1.1953126715429152,150083.0
2019,Off Above Aging Curve,Off_above_curve,Poss,20,-1.44232461370077,-1.3524205107186131,-3.186608834380949,-0.031068581288307598,-0.9358433061692105,-1.425824319785764,145447.0
2020,Off Above Aging Curve,Off_above_curve,Poss,20,-1.9826217500301233,-1.6729353375237952,-2.8245542629350733,-0.9291556839134308,-1.7224981803531196,-1.750659183816864,117401.0
2021,Off Above Aging Curve,Off_above_curve,Poss,20,-1.907325250916707,-1.7364056839134308,-2.935042955059703,-0.6408185812883076,-1.6854057255501849,-1.8838641892865304,117389.0
2022,Off Above Aging Curve,Off_above_curve,Poss,20,-2.0484000848443227,-2.1047463054683666,-3.1586517894406523,-1.0448514209783577,-1.764921629777647,-2.0597842074215342,129281.0
2023,Off Above Aging Curve,Off_above_curve,Poss,20,-1.9558854262995553,-1.7422314786631843,-3.4411443760380607,-0.7059056839134309,-1.6253210360779806,-1.6691560128778353,136174.0
2024,Off Above Aging Curve,Off_above_curve,Poss,20,-1.795598500473415,-1.9659205107186128,-2.586177924121204,-1.1508042629350732,-1.5388879182054984,-1.3231529976730279,120208.0
1997,Off At Ref Age,Off_at_ref,Poss,18,0.668660397800427,0.2893803090135088,-1.0249928437206743,2.1363324425771313,1.8100308778045149,1.8840167462648798,100219.0
1998,Off At Ref Age,Off_at_ref,Poss,13,0.8221534477747602,-0.00714832769296,-1.36114832769296,3.16485167230704,1.8128621269803264,1.1644339707946645,87303.0
1999,Off At Ref Age,Off_at_ref,Poss,14,1.0826958539040512,1.355880309013509,-0.8851818757761034,2.6419736081961824,2.216460382178079,1.916695768760802,47152.0
2000,Off At Ref Age,Off_at_ref,Poss,14,1.0021711127117157,0.36967746705679344,-0.8943983276929601,2.4107571562793257,2.173782532070499,2.306558875054424,76246.0
2001,Off At Ref Age,Off_at_ref,Poss,15,-0.2633693710245877,0.5584736081961824,-2.7018225329432064,1.560662640251611,0.4613709168811727,-0.6065638087854958,68949.0
2002,Off At Ref Age,Off_at_ref,Poss,20,0.3691408382550571,-0.2011196909864914,-1.0262541515960444,1.08255752474162,1.3386009912727672,0.777476979407278,106850.0
2003,Off At Ref Age,Off_at_ref,Poss,18,-0.26705134485662096,-0.20051156499863515,-1.02515963556833,0.8270903644316703,0.4621268844643152,0.62456539371376,99846.0
2004,Off At Ref Age,Off_at_ref,Poss,16,0.7494861332425109,-0.30333735974838877,-1.2349096355683298,1.6494810215987734,1.8972550561442925,1.7096855711865924,99011.0
2005,Off At Ref Age,Off_at_ref,Poss,20,1.4477882179534185,1.7772061037632623,-0.014996738193452874,2.9383516723070398,2.0560553832298116,1.9997816171591654,127660.0
2006,Off At Ref Age,Off_at_ref,Poss,20,0.0847932015205207,-0.3886483276929602,-1.7257541515960442,1.34585167230704,1.3650376281527112,1.1156078090140462,99205.0
2007,Off At Ref Age,Off_at_ref,Poss,20,0.5342496677681412,0.30397360819618247,-1.26065963556833,2.2709736081961824,1.1656595913818284,1.2626049316700776,95998.0
2008,Off At Ref Age,Off_at_ref,Poss,20,-0.04192708267515084,-0.5083373597483889,-1.4772428437206744,0.8498403644316703,0.2937380256549769,0.474309947362209,105417.0
2009,Off At Ref Age,Off_at_ref,Poss,20,1.1064124634526284,1.495003261806547,-0.34827639180381764,2.5442310215987733,1.7945734994101494,1.5495657221936434,139090.0
2010,Off At Ref Age,Off_at_ref,Poss,20,1.0686593427458067,0.7066626402516112,-0.2394854303180834,2.2345032618065472,1.695944844297567,1.5906140780024298,124857.0
2011,Off At Ref Age,Off_at_ref,Poss,20,-0.30267856535566906,-0.6216483276929601,-2.11014832769296,0.5583001113390289,0.7893453838343131,0.8681877207579943,108046.0
2012,Off At Ref Age,Off_at_ref,Poss,20,0.9880525314387881,0.9586626402516112,-0.7945263918038175,2.0465071562793256,1.2445608969140032,1.3772936581109245,99772.0
2013,Off At Ref Age,Off_at_ref,Poss,20,0.6723553951094351,0.25685167230703987,-0.7060263918038174,2.084503261806547,1.2992051835263683,1.2558035083908399,110231.0
2014,Off At Ref Age,Off_at_ref,Poss,20,-0.2955286670460587,-0.852837359748389,-1.9554928437206744,0.17075715627932547,0.840849992927352,0.5005916049481731,93679.0
2015,Off At Ref Age,Off_at_ref,Poss,20,0.5120394572649285,0.1893803090135086,-1.6606483276929604,1.2032236081961825,1.6979326841412758,1.2951844996442874,100302.0
2016,Off At Ref Age,Off_at_ref,Poss,20,1.0211075815759156,0.7312061037632624,0.3244958484039557,1.7169810215987735,1.3961633697603792,1.0844463709817183,123038.0
2017,Off At Ref Age,Off_at_ref,Poss,20,-0.006790258539399896,-0.17583735974838885,-1.239996738193453,1.1768516723070401,0.3750961935859844,0.13570086436530107,91831.0
2018,Off At Ref Age,Off_at_ref,Poss,20,1.2715858146997259,1.408003261806547,-0.02375415159604427,2.06435167230704,1.762300625340519,1.7145962741770622,150083.0
2019,Off At Ref Age,Off_at_ref,Poss,20,1.4675843320192072,1.5574884350013647,-0.276699888660971,2.87884036443167,1.9740656395507667,1.484084625934213,145447.0
2020,Off At Ref Age,Off_at_ref,Poss,20,0.9272871956898548,1.2369736081961824,0.08535468278490475,1.980753261806547,1.1874107653668584,1.1592497619031137,117401.0
2021,Off At Ref Age,Off_at_ref,Poss,20,1.002583694803271,1.1735032618065468,-0.02513400933972565,2.26909036443167,1.2245032201697934,1.0260447564334472,117389.0
2022,Off At Ref Age,Off_at_ref,Poss,20,0.8615088608756547,0.8051626402516112,-0.2487428437206744,1.86505752474162,1.1449873159423312,0.8501247382984433,129281.0
2023,Off At Ref Age,Off_at_ref,Poss,20,0.954023519420422,1.1676774670567933,-0.5312354303180834,2.204003261806547,1.284587909641997,1.240752932842142,136174.0
2024,Off At Ref Age,Off_at_ref,Poss,20,1.1143104452465626,0.9439884350013648,0.3237310215987735,1.7591046827849046,1.3710210275144794,1.5867559480469495,120208.0
1997,Off VORP,VORP_Off,Poss,18,0.8203888888888886,0.7430000000000001,-0.56375,1.9637499999999999,1.6812844271046405,1.7714292602301798,100219.0
1998,Off VORP,VORP_Off,Poss,13,1.1023846153846155,0.556,-0.764,3.159,1.9204242465894643,1.266976885427154,87303.0
1999,Off VORP,VORP_Off,Poss,14,1.8410714285714282,2.0389999999999997,0.35675,3.4745,2.670862847811334,2.236297111374418,47152.0
2000,Off VORP,VORP_Off,Poss,14,1.6513571428571427,1.807,-0.118,3.13675,2.408315177189623,2.4413282696898637,76246.0
2001,Off VORP,VORP_Off,Poss,15,0.8888,1.782,-1.5375,2.9219999999999997,1.510215637645216,0.2928767844837545,68949.0
2002,Off VORP,VORP_Off,Poss,20,1.0050500000000002,0.5515,-0.22749999999999998,1.722,1.912181066916238,1.5068763448363824,106850.0
2003,Off VORP,VORP_Off,Poss,18,0.7833333333333332,0.8225,-0.16775,2.0067500000000003,1.2256667467900568,1.2299570532111552,99846.0
2004,Off VORP,VORP_Off,Poss,16,1.2244375,0.5880000000000001,0.06625,2.2525,1.867414176202644,1.7092849004163038,99011.0
2005,Off VORP,VORP_Off,Poss,20,2.14235,2.2855,1.2035,3.17525,2.5605232649224505,2.560438648096214,127660.0
2006,Off VORP,VORP_Off,Poss,20,1.0522,0.5655,-0.49675,2.6875,2.1216468423970567,1.850011236154463,99205.0
2007,Off VORP,VORP_Off,Poss,20,1.5801000000000003,1.2610000000000001,0.06824999999999999,3.266,2.075319287901831,2.0641758233082124,95998.0
2008,Off VORP,VORP_Off,Poss,20,1.0859,1.1435,0.09025,1.82775,1.242359439179639,1.3711545952957442,105417.0
2009,Off VORP,VORP_Off,Poss,20,1.1065,1.3045,0.10300000000000001,2.4277499999999996,1.5707508663455314,1.4526991288264228,139090.0
2010,Off VORP,VORP_Off,Poss,20,1.4183,1.27,0.26275,2.1195,1.7821561226042595,1.643150459742758,124857.0
2011,Off VORP,VORP_Off,Poss,20,0.6243499999999998,0.46099999999999997,-0.576,1.03875,1.3665053032967438,1.293886543713991,108046.0
2012,Off VORP,VORP_Off,Poss,20,1.8052,1.5314999999999999,0.23825,3.385,1.9051278715471271,1.8098122990531396,99772.0
2013,Off VORP,VORP_Off,Poss,20,0.7723,0.6659999999999999,-0.30875,1.568,1.2566344676180021,1.1592878765847305,110231.0
2014,Off VORP,VORP_Off,Poss,20,0.7317000000000001,0.397,-0.684,1.49725,1.678696346032729,1.380446810974017,93679.0
2015,Off VORP,VORP_Off,Poss,20,1.0687,0.5265,-0.6315,1.925,1.8838040816733466,1.5984997876582214,100302.0
2016,Off VORP,VORP_Off,Poss,20,0.8629000000000001,0.9904999999999999,0.31575,1.6452499999999999,1.0481498561420048,1.1944482136603238,123038.0
2017,Off VORP,VORP_Off,Poss,20,0.30044999999999994,0.368,-1.0097500000000001,1.1945,0.6314522002373926,0.5389311466443795,91831.0
2018,Off VORP,VORP_Off,Poss,20,1.0374500000000002,0.6439999999999999,0.07050000000000001,2.2205000000000004,1.3667673487337009,1.4230926539163546,150083.0
2019,Off VORP,VORP_Off,Poss,20,1.3102500000000001,1.6315,0.3355,2.2394999999999996,1.6844257289596898,1.4255513431798874,145447.0
2020,Off VORP,VORP_Off,Poss,20,0.6654500000000001,0.7825,0.01675,1.4495,0.868370601613274,0.994345260693685,117401.0
2021,Off VORP,VORP_Off,Poss,20,1.3583,1.5110000000000001,1.1997499999999999,2.242,1.471347741270477,1.6784221247524331,117389.0
2022,Off VORP,VORP_Off,Poss,20,0.7258000000000001,0.596,-0.23175,1.3565,0.8850140546561367,0.9144112287713257,129281.0
2023,Off VORP,VORP_Off,Poss,20,0.9442499999999999,0.8835000000000001,-0.31024999999999997,2.0365,1.2293102794953514,1.2389633721217774,136174.0
2024,Off VORP,VORP_Off,Poss,20,0.92005,0.5865,-0.2645,1.82925,1.1776450984959403,1.6204788855991286,120208.0
1997,RAPM Above Aging Curve,RAPM_above_curve,Poss,18,-2.586377592385244,-2.4573747624703968,-3.543616760635278,-1.1729613646466222,-2.192247699319861,-2.2393643181333163,100219.0
1998,RAPM Above Aging Curve,RAPM_above_curve,Poss,13,-2.483035780177253,-3.710197426690238,-4.892874762470397,0.248125237529603,-1.3612906765563637,-2.2141890088751643,87303.0
1999,RAPM Above Aging Curve,RAPM_above_curve,Poss,14,-1.527844416813614,-0.9535987133451194,-3.255624762470397,-0.0370839130144531,-0.421951776459336,-0.3566639212179079,47152.0
2000,RAPM Above Aging Curve,RAPM_above_curve,Poss,14,-1.9023257911392843,-1.9168747624703968,-3.4351247624703967,-0.7463328801575264,-0.5856817747106623,-0.5309867402616861,76246.0
2001,RAPM Above Aging Curve,RAPM_above_curve,Poss,15,-2.836644306034701,-2.345874762470397,-4.982874762470397,-1.7121974266902384,-1.9726059619034413,-2.949453028390186,68949.0
2002,RAPM Above Aging Curve,RAPM_above_curve,Poss,20,-2.0265156311208385,-2.0789543956684304,-4.279752214102566,-0.9140335234849668,-0.7361805824515781,-1.3156638855568565,106850.0
2003,RAPM Above Aging Curve,RAPM_above_curve,Poss,18,-2.9325677440126463,-3.2982930635585097,-4.179705428525357,-1.856252214102566,-2.2716853877415364,-2.222585868240595,99846.0
2004,RAPM Above Aging Curve,RAPM_above_curve,Poss,16,-1.748359906415014,-2.5972113646466224,-4.303955428525357,-0.301002214102566,-0.6523637854892338,-0.7982205981760786,99011.0
2005,RAPM Above Aging Curve,RAPM_above_curve,Poss,20,-0.7703912269423581,-0.5472930635585096,-2.6731560718527976,0.8434506433274404,-0.21323674654704747,0.14527563695428364,127660.0
2006,RAPM Above Aging Curve,RAPM_above_curve,Poss,20,-2.258485272713563,-3.2958747624703966,-4.503148070017679,0.5442886353533777,-0.9771176554353291,-1.2045576390439614,99205.0
2007,RAPM Above Aging Curve,RAPM_above_curve,Poss,20,-1.3548050153825864,-0.8868747624703969,-3.719616760635278,0.6066671198424736,-0.6847519740228002,-0.5224346070728804,95998.0
2008,RAPM Above Aging Curve,RAPM_above_curve,Poss,20,-2.840570840945894,-3.089036094580318,-3.8741974266902384,-1.8768339130144533,-2.6444040589710203,-2.4877909660180526,105417.0
2009,RAPM Above Aging Curve,RAPM_above_curve,Poss,20,-2.0594190340074845,-1.4242113646466223,-3.4909474266902385,-0.6733667606352782,-1.392571334951385,-1.3896105650485164,139090.0
2010,RAPM Above Aging Curve,RAPM_above_curve,Poss,20,-2.078708009545249,-2.19879306355851,-3.763624762470397,-0.9461247624703968,-1.4736048589780806,-1.71113374983526,124857.0
2011,RAPM Above Aging Curve,RAPM_above_curve,Poss,20,-3.412595144048075,-4.185293063558509,-5.359205428525358,-1.8709278411616554,-2.3523195810549677,-2.241334678767289,108046.0
2012,RAPM Above Aging Curve,RAPM_above_curve,Poss,20,-1.7182112772590667,-1.9575360945803177,-3.402718690617599,-0.7124554285253573,-1.5159038260651747,-1.4090842724830173,99772.0
2013,RAPM Above Aging Curve,RAPM_above_curve,Poss,20,-2.512417539135547,-2.9617930635585097,-4.306947426690239,-0.565898070017679,-1.8289349724742248,-1.8496745294737844,110231.0
2014,RAPM Above Aging Curve,RAPM_above_curve,Poss,20,-3.2600500121289167,-3.6175360945803177,-4.816705428525357,-2.3223667606352785,-2.2275538801778394,-2.7572893703237242,93679.0
2015,RAPM Above Aging Curve,RAPM_above_curve,Poss,20,-2.172535066142177,-1.9431974266902385,-4.951711364646622,-0.44982591117933457,-1.111525337716263,-1.6520980956722218,100302.0
2016,RAPM Above Aging Curve,RAPM_above_curve,Poss,20,-1.8601701201554381,-2.1267930635585097,-3.069752214102566,-1.0700839130144533,-1.482214903345652,-1.7629772709503262,123038.0
2017,RAPM Above Aging Curve,RAPM_above_curve,Poss,20,-2.5953994979098467,-2.8656974266902386,-3.5079613646466226,-1.7978747624703968,-2.4593323658301904,-2.4966593617805777,91831.0
2018,RAPM Above Aging Curve,RAPM_above_curve,Poss,20,-1.17917999148995,-1.7137113646466224,-2.5388328801575266,0.6960721588383444,-0.46514491959663645,-0.6213066023427394,150083.0
2019,RAPM Above Aging Curve,RAPM_above_curve,Poss,20,-1.523354294592131,-1.5085360945803177,-2.4838747624703967,-0.5757522141025659,-1.1863176729453226,-1.5418737310520265,145447.0
2020,RAPM Above Aging Curve,RAPM_above_curve,Poss,20,-1.9309105564686113,-2.0507930635585097,-2.836283523484967,-0.960616760635278,-1.8285630902234997,-1.8414795962807928,117401.0
2021,RAPM Above Aging Curve,RAPM_above_curve,Poss,20,-1.9694422075952258,-1.756855682323311,-3.495,-0.058583913014453065,-1.7510186774921441,-1.9180506140599625,117389.0
2022,RAPM Above Aging Curve,RAPM_above_curve,Poss,20,-2.373255553214941,-2.1495,-4.275947426690238,-0.12357591117933452,-1.9546431405058693,-2.4619711972503504,129281.0
2023,RAPM Above Aging Curve,RAPM_above_curve,Poss,20,-2.2878525931488074,-2.393211364646622,-3.382211364646622,-1.2976560718527976,-2.1300330782978127,-2.1641715934295656,136174.0
2024,RAPM Above Aging Curve,RAPM_above_curve,Poss,20,-1.6387263820319184,-1.6567930635585095,-3.228333913014453,0.065,-1.4307302867673035,-1.2359079475286283,120208.0
1997,RAPM VORP,VORP,Poss,18,-0.5463333333333333,-0.6785,-1.6752500000000001,0.37075,-0.639552390265319,-0.7372280698800785,100219.0
1998,RAPM VORP,VORP,Poss,13,-0.3455384615384616,-1.326,-2.117,1.407,0.49736572626370235,-0.42331373937404915,87303.0
1999,RAPM VORP,VORP,Poss,14,1.2512142857142856,1.4795,0.04625000000000001,2.5620000000000003,1.8847251230064468,1.7095361579841588,47152.0
2000,RAPM VORP,VORP,Poss,14,0.6565,0.7090000000000001,-0.311,1.4775,1.2398751147601186,1.183242771118109,76246.0
2001,RAPM VORP,VORP,Poss,15,0.22413333333333327,0.664,-1.6520000000000001,1.6815,0.8209452058768074,-0.0421745744999166,68949.0
2002,RAPM VORP,VORP,Poss,20,0.7380500000000001,0.0625,-0.7070000000000001,1.5614999999999999,1.7659050070191855,1.3704173148980914,106850.0
2003,RAPM VORP,VORP,Poss,18,-0.09683333333333327,-0.3135,-1.4929999999999999,0.8452500000000001,0.11644815015123282,-0.02280947514597475,99846.0
2004,RAPM VORP,VORP,Poss,16,0.46331250000000007,-0.584,-0.99825,1.6475,0.7785568573188838,0.7007701808178938,99011.0
2005,RAPM VORP,VORP,Poss,20,1.51085,1.141,0.04574999999999996,3.523,1.7877542064859782,2.223796832545225,127660.0
2006,RAPM VORP,VORP,Poss,20,0.5771,0.42400000000000004,-1.41475,2.4085,1.443031530668817,1.1347648974266473,99205.0
2007,RAPM VORP,VORP,Poss,20,1.4243000000000001,1.7814999999999999,-0.70275,3.25,1.8763876434925726,1.9020932440154477,95998.0
2008,RAPM VORP,VORP,Poss,20,0.11585000000000005,0.0755,-1.15975,1.23025,0.012276938254740742,0.12698074319054664,105417.0
2009,RAPM VORP,VORP,Poss,20,-0.49250000000000005,-0.2485,-1.388,0.6950000000000001,-0.17950103530088432,0.01056158321727678,139090.0
2010,RAPM VORP,VORP,Poss,20,0.5203,0.10800000000000001,-0.6214999999999999,1.7705,0.7103367932915255,0.40421956557611727,124857.0
2011,RAPM VORP,VORP,Poss,20,-0.70895,-1.3555000000000001,-1.94725,0.03400000000000003,-0.15683220109953172,-0.2513544657570906,108046.0
2012,RAPM VORP,VORP,Poss,20,0.7955499999999999,1.0190000000000001,-0.76,2.35325,0.7807290021248448,0.6024493653372862,99772.0
2013,RAPM VORP,VORP,Poss,20,-0.26895,-0.1815,-1.577,0.961,0.15820652085166595,0.05346298061965629,110231.0
2014,RAPM VORP,VORP,Poss,20,-0.19954999999999998,0.10300000000000001,-1.856,1.0779999999999998,0.34448558374875904,0.0005025458794733484,93679.0
2015,RAPM VORP,VORP,Poss,20,-0.03929999999999999,-0.6779999999999999,-1.8535,1.53325,0.5415839165719526,0.17748182974687174,100302.0
2016,RAPM VORP,VORP,Poss,20,-0.39879999999999993,-0.275,-1.53575,0.62625,-0.31741819600448634,-0.013845141409349268,123038.0
2017,RAPM VORP,VORP,Poss,20,-0.10215,0.074,-1.4845,0.92475,-0.06275694482255455,0.07758570446665716,91831.0
2018,RAPM VORP,VORP,Poss,20,0.1649,0.1595,-1.355,1.81075,0.6207654164695533,0.6056361270899826,150083.0
2019,RAPM VORP,VORP,Poss,20,0.24475000000000008,0.2915,-0.722,1.2799999999999998,0.38904780435485087,0.37766098911098755,145447.0
2020,RAPM VORP,VORP,Poss,20,-0.6632499999999999,-0.9804999999999999,-1.6825,0.842,-0.6519489186633844,-0.4691154597129215,117401.0
2021,RAPM VORP,VORP,Poss,20,0.22030000000000002,0.6315,-1.295,2.2465,0.26936992392813636,0.6213828651783091,117389.0
2022,RAPM VORP,VORP,Poss,20,-1.0967500000000001,-1.1135000000000002,-2.27075,0.24225,-0.8797204538950039,-1.0286045572610394,129281.0
2023,RAPM VORP,VORP,Poss,20,-0.3167,-0.169,-1.342,0.6980000000000001,-0.27480918530703363,-0.23975472876857068,136174.0
2024,RAPM VORP,VORP,Poss,20,-0.2919,-0.2775,-2.3345000000000002,1.4192500000000001,-0.09176201251164655,0.41626074636689675,120208.0
1997,Raw Def (lower better),Def,Poss,18,-0.08611111111111111,-0.33999999999999997,-1.466,1.0594999999999999,0.6906152725531086,0.8003951992734102,100219.0
1998,Raw Def (lower better),Def,Poss,13,-0.1162307692307693,0.285,-1.068,0.62,-0.2594160452676311,0.01788893390039846,87303.0
1999,Raw Def (lower better),Def,Poss,14,-0.7663571428571428,-0.7150000000000001,-1.368,-0.16249999999999998,-0.7385837928401766,-1.0154226875038326,47152.0
2000,Raw Def (lower better),Def,Poss,14,-0.4604285714285714,-0.5905,-1.88625,0.5954999999999999,-0.5747155654067098,-0.48648541470299045,76246.0
2001,Raw Def (lower better),Def,Poss,15,-0.7786666666666666,-0.967,-1.4425,-0.008,-0.902488244934662,-0.9458249164271344,68949.0
2002,Raw Def (lower better),Def,Poss,20,-0.8699500000000002,-0.565,-1.826,0.065,-1.201274122601778,-1.1954739325940726,106850.0
2003,Raw Def (lower better),Def,Poss,18,-0.7010000000000001,-0.492,-1.5175,0.1625,-0.6145496164092702,-0.47721355107682195,99846.0
2004,Raw Def (lower better),Def,Poss,16,-0.837,-0.761,-1.2385000000000002,-0.246,-0.7543346193857249,-0.7809027313761513,99011.0
2005,Raw Def (lower better),Def,Poss,20,-1.0599,-1.4075,-2.66925,0.56225,-1.008753587654708,-1.4339693497144865,127660.0
2006,Raw Def (lower better),Def,Poss,20,-0.9876500000000001,-1.108,-1.55875,0.019999999999999997,-1.0059340859835693,-0.9675733636473303,99205.0
2007,Raw Def (lower better),Def,Poss,20,-1.4846,-1.7850000000000001,-2.256,-0.08700000000000001,-1.5148249755203234,-1.5393474417690067,95998.0
2008,Raw Def (lower better),Def,Poss,20,-0.5435999999999999,-0.8505,-1.4585000000000001,0.18425,-0.3797775216521055,-0.3266285242322799,105417.0
2009,Raw Def (lower better),Def,Poss,20,-0.10569999999999997,0.0425,-0.9105000000000001,0.835,-0.0790942770867783,-0.3495043552153646,139090.0
2010,Raw Def (lower better),Def,Poss,20,-0.23185000000000003,-0.091,-0.6950000000000001,0.27475,-0.1764041583571606,-0.022452695729987843,124857.0
2011,Raw Def (lower better),Def,Poss,20,-0.24234999999999998,-0.549,-0.9257500000000001,0.33225,-0.19284659311774618,-0.17911626994911042,108046.0
2012,Raw Def (lower better),Def,Poss,20,-0.63745,-0.5045,-1.2115,0.1895,-0.5815350699595077,-0.5022902039674519,99772.0
2013,Raw Def (lower better),Def,Poss,20,-0.129,0.178,-0.23325,0.37324999999999997,-0.1699815206248696,-0.18321764311165603,110231.0
2014,Raw Def (lower better),Def,Poss,20,-0.37755,-0.4975,-1.3079999999999998,0.2215,-0.2779147087394187,-0.03058325026538925,93679.0
2015,Raw Def (lower better),Def,Poss,20,-0.6007499999999999,-0.881,-1.5785,0.2615,-0.4586934856732667,-0.34118439542834444,100302.0
2016,Raw Def (lower better),Def,Poss,20,-0.34745,-0.3175,-1.42475,0.6195,-0.3205643866122662,-0.44117920026971913,123038.0
2017,Raw Def (lower better),Def,Poss,20,-0.6854,-0.802,-1.346,-0.42200000000000004,-0.4183447528612343,-0.6562228070388918,91831.0
2018,Raw Def (lower better),Def,Poss,20,-0.7992999999999999,-0.9015,-1.8745,0.48825,-1.0302264546950686,-0.9527212633253552,150083.0
2019,Raw Def (lower better),Def,Poss,20,-0.26904999999999996,-0.3415,-0.758,0.21725,-0.08990644702193923,-0.26261722684011773,145447.0
2020,Raw Def (lower better),Def,Poss,20,-0.37204999999999994,-0.1395,-1.56775,0.63225,-0.225913935997138,-0.2879777452028157,117401.0
2021,Raw Def (lower better),Def,Poss,20,-0.19559999999999997,-0.121,-0.85375,0.3885,-0.1828926219662831,-0.3442801404303445,117389.0
2022,Raw Def (lower better),Def,Poss,20,0.0359,0.3425,-0.8562500000000001,0.646,-0.09515078781878236,0.0234385182562791,129281.0
2023,Raw Def (lower better),Def,Poss,20,-0.015249999999999996,-0.1775,-0.74025,0.48875,0.1426417451202138,0.11629928635129502,136174.0
2024,Raw Def (lower better),Def,Poss,20,-0.44575,-0.7829999999999999,-1.5025,0.8825,-0.41168069512844396,-0.46586245035694296,120208.0
1997,Raw Off,Off,Poss,18,-0.8765555555555556,-1.1625,-2.5847499999999997,0.177,0.17529012462706664,0.2869547125518467,100219.0
1998,Raw Off,Off,Poss,13,-0.473153846153846,-1.545,-2.393,2.133,0.5560335498207393,-0.31824725761835115,87303.0
1999,Raw Off,Off,Poss,14,-0.3489285714285714,-0.198,-2.32025,1.254,0.7864846666101121,0.21013276003921746,47152.0
2000,Raw Off,Off,Poss,14,-0.4660714285714285,-0.6679999999999999,-2.1295,0.66575,0.6111899247173622,0.7132700777078619,76246.0
2001,Raw Off,Off,Poss,15,-1.7714666666666665,-0.989,-4.304,0.442,-1.0953395553235,-2.3131268175070803,68949.0
2002,Raw Off,Off,Poss,20,-1.4100500000000002,-2.19,-2.826,-1.143,-0.4060079082826392,-0.9290860293143067,106850.0
2003,Raw Off,Off,Poss,18,-1.7303333333333335,-1.5855000000000001,-2.99575,-0.87425,-1.0574459567734311,-0.9687234036328023,99846.0
2004,Raw Off,Off,Poss,16,-0.8138125,-1.616,-2.6,-0.20475000000000002,0.2353009766591591,0.0031225624650079997,99011.0
2005,Raw Off,Off,Poss,20,-0.29639999999999994,-0.246,-1.7725,1.3485,0.3115842550524832,0.29321860843758085,127660.0
2006,Raw Off,Off,Poss,20,-1.4919,-2.0250000000000004,-3.49675,0.314,-0.15569955143389952,-0.5941078885001155,99205.0
2007,Raw Off,Off,Poss,20,-0.9062000000000001,-1.262,-2.7575,0.8604999999999999,-0.3006025854705307,-0.3306838656764844,95998.0
2008,Raw Off,Off,Poss,20,-1.58175,-1.673,-2.557,-0.87375,-1.3233844636064391,-1.2322530613593756,105417.0
2009,Raw Off,Off,Poss,20,-0.6506000000000002,-0.4105,-2.117,0.9450000000000001,0.02115356963117398,-0.15699728652794132,139090.0
2010,Raw Off,Off,Poss,20,-0.35695000000000005,-0.40349999999999997,-1.8679999999999999,0.20350000000000001,0.16771025252889296,-0.0026747193441321905,124857.0
2011,Raw Off,Off,Poss,20,-1.81125,-2.3040000000000003,-3.142,-1.1375000000000002,-0.7742186198471022,-0.8383752879635902,108046.0
2012,Raw Off,Off,Poss,20,-0.5462999999999999,-0.665,-2.368,0.84525,-0.2956175179409053,-0.3292693506106599,99772.0
2013,Raw Off,Off,Poss,20,-0.9559,-1.1425,-2.2535,0.08499999999999999,-0.378480481897107,-0.4507595003307447,110231.0
2014,Raw Off,Off,Poss,20,-1.8355000000000001,-2.4135,-3.51525,-1.0925,-0.686034650241783,-1.205971403773411,93679.0
2015,Raw Off,Off,Poss,20,-1.2045000000000001,-1.693,-2.8035,-0.34425,-0.0708796833562641,-0.41137850907729756,100302.0
2016,Raw Off,Off,Poss,20,-0.8720000000000001,-0.8654999999999999,-1.6400000000000001,-0.0605,-0.5895785610949463,-0.6221166377398663,123038.0
2017,Raw Off,Off,Poss,20,-1.7602,-1.764,-3.0100000000000002,-0.83775,-1.4459578791475645,-1.5708621443562834,91831.0
2018,Raw Off,Off,Poss,20,-0.5533999999999999,-0.7645,-2.04,0.6432500000000001,-0.0385099778122772,0.008033265455477737,150083.0
2019,Raw Off,Off,Poss,20,-0.32615000000000005,-0.032499999999999994,-1.9715,0.80575,0.14982813670959175,-0.22247838278737128,145447.0
2020,Raw Off,Off,Poss,20,-0.9603499999999998,-0.613,-2.0885,0.0285,-0.6630503573223397,-0.5473132468184707,117401.0
2021,Raw Off,Off,Poss,20,-1.0837999999999999,-1.039,-1.50525,0.48575,-0.8915511504485087,-0.6805182522881374,117389.0
2022,Raw Off,Off,Poss,20,-1.1256499999999998,-1.3479999999999999,-2.0305,-0.22449999999999998,-0.8546953922076717,-0.8564382704231411,129281.0
2023,Raw Off,Off,Poss,20,-0.8508000000000001,-0.673,-2.058,0.24175,-0.4740708284988324,-0.4658100758794423,136174.0
2024,Raw Off,Off,Poss,20,-0.8727,-1.119,-2.098,-0.135,-0.5698219003726873,-0.11980706067463495,120208.0
1997,Raw RAPM,RAPM,Poss,18,-0.7903888888888889,-0.5255,-1.5907499999999999,0.004,-0.5152002614274738,-0.5133249989692994,100219.0
1998,Raw RAPM,RAPM,Poss,13,-0.35676923076923067,-1.83,-2.712,2.723,0.815620746137017,-0.3359544648571102,87303.0
1999,Raw RAPM,RAPM,Poss,14,0.41757142857142887,0.7515000000000001,-1.01075,2.22725,1.5252349423142177,1.2254111728540698,47152.0
2000,Raw RAPM,RAPM,Poss,14,-0.005571428571428608,0.134,-0.96025,0.91975,1.1861130288802035,1.2000133662336365,76246.0
2001,Raw RAPM,RAPM,Poss,15,-0.9930666666666668,-0.54,-3.253,0.1525,-0.19296957171242524,-1.3673779343182082,68949.0
2002,Raw RAPM,RAPM,Poss,20,-0.5401500000000001,-1.2045,-2.52975,0.35025,0.7952179878334114,0.26641120851512134,106850.0
2003,Raw RAPM,RAPM,Poss,18,-1.0292777777777777,-1.5070000000000001,-2.10775,0.14825,-0.4429705947158625,-0.49158576174527185,99846.0
2004,Raw RAPM,RAPM,Poss,16,0.02312499999999995,-1.2325,-2.093,1.3315,0.9894721697589155,0.7838544958958992,99011.0
2005,Raw RAPM,RAPM,Poss,20,0.7636499999999998,0.43099999999999994,-0.262,2.2904999999999998,1.3204716747610838,1.7273507310262612,127660.0
2006,Raw RAPM,RAPM,Poss,20,-0.5043500000000001,-1.1575,-2.7935,1.5455,0.8501926011793761,0.37337252025511386,99205.0
2007,Raw RAPM,RAPM,Poss,20,0.5782499999999999,0.9185,-1.433,2.479,1.2141045959290822,1.2085654994224428,95998.0
2008,Raw RAPM,RAPM,Poss,20,-1.0381500000000001,-0.8734999999999999,-2.085,-0.447,-0.9436582240056157,-0.9057158719460746,105417.0
2009,Raw RAPM,RAPM,Poss,20,-0.5450499999999999,-0.261,-1.8855,1.288,0.10010119347185278,0.19246452902346134,139090.0
2010,Raw RAPM,RAPM,Poss,20,-0.12514999999999996,-0.039,-1.5935000000000001,1.1127500000000001,0.3440876202375517,0.019866356660063145,124857.0
2011,Raw RAPM,RAPM,Poss,20,-1.5690000000000002,-2.2285000000000004,-3.122,-0.26825,-0.5814237361864392,-0.6592595846953118,108046.0
2012,Raw RAPM,RAPM,Poss,20,0.09109999999999996,0.0465,-1.56275,1.581,0.28586632522150485,0.17299082158896045,99772.0
2013,Raw RAPM,RAPM,Poss,20,-0.82685,-1.1400000000000001,-2.5694999999999997,0.68075,-0.20854372182054054,-0.26759943540180675,110231.0
2014,Raw RAPM,RAPM,Poss,20,-1.45785,-1.94,-2.83425,0.08749999999999997,-0.40800307432829136,-1.1752142762517468,93679.0
2015,Raw RAPM,RAPM,Poss,20,-0.6036,-0.903,-3.59125,1.531,0.3879329225738269,-0.07002300160024397,100302.0
2016,Raw RAPM,RAPM,Poss,20,-0.5245,-0.6145,-1.8054999999999999,1.0275,-0.2689495765535851,-0.18090217687834853,123038.0
2017,Raw RAPM,RAPM,Poss,20,-1.07475,-1.0765,-2.4370000000000003,0.20325,-1.0275223072818547,-0.9145842677086004,91831.0
2018,Raw RAPM,RAPM,Poss,20,0.24594999999999997,-0.6745000000000001,-1.28475,1.97925,0.9917629778189401,0.9607684917292381,150083.0
2019,Raw RAPM,RAPM,Poss,20,-0.057049999999999976,0.12,-0.81875,0.749,0.23982601222438404,0.040201363019951204,145447.0
2020,Raw RAPM,RAPM,Poss,20,-0.5883499999999999,-1.028,-1.641,0.83275,-0.43717716203439494,-0.25940450220881517,117401.0
2021,Raw RAPM,RAPM,Poss,20,-0.8881499999999999,-0.7955,-2.6425,1.265,-0.7085561083236078,-0.33597551998798464,117389.0
2022,Raw RAPM,RAPM,Poss,20,-1.16155,-1.5585,-2.48675,0.89525,-0.759579435493228,-0.879896103178373,129281.0
2023,Raw RAPM,RAPM,Poss,20,-0.8355499999999999,-1.0594999999999999,-2.1172500000000003,0.67725,-0.6167099225990278,-0.582096499357588,136174.0
2024,Raw RAPM,RAPM,Poss,20,-0.42680000000000007,-0.3275,-1.8267499999999999,0.90325,-0.15806588579795017,0.3461671465433494,120208.0
