cohort,Rookie_Age_Bin,Season,series,value,n_players,weight_sum
All qualifying,18,1997,Age-Adjusted RAPM,3.9183877437219317,2,6610.0
All qualifying,18,2006,Age-Adjusted RAPM,0.3297117981848663,1,1304.0
All qualifying,19,1998,Age-Adjusted RAPM,2.1477117981848663,1,4688.0
All qualifying,19,1999,Age-Adjusted RAPM,3.1837117981848664,1,2101.0
All qualifying,19,2001,Age-Adjusted RAPM,7.662711798184867,1,7911.0
All qualifying,19,2002,Age-Adjusted RAPM,2.1185350016480697,3,11550.0
All qualifying,19,2004,Age-Adjusted RAPM,9.744711798184866,1,11925.0
All qualifying,19,2005,Age-Adjusted RAPM,3.530321121271083,5,29797.0
All qualifying,19,2006,Age-Adjusted RAPM,-0.5732882018151337,1,4007.0
All qualifying,19,2008,Age-Adjusted RAPM,3.5157117981848662,1,11062.0
All qualifying,19,2009,Age-Adjusted RAPM,1.8567117981848662,1,4674.0
All qualifying,19,2011,Age-Adjusted RAPM,1.9087117981848665,1,5712.0
All qualifying,19,2012,Age-Adjusted RAPM,1.1491950543787135,2,7346.0
All qualifying,19,2013,Age-Adjusted RAPM,4.427940190737106,2,12299.0
All qualifying,19,2014,Age-Adjusted RAPM,5.187287018484261,2,9419.0
All qualifying,19,2015,Age-Adjusted RAPM,4.9711401400011,3,11199.0
All qualifying,19,2016,Age-Adjusted RAPM,1.7593911632642316,2,12600.0
All qualifying,19,2017,Age-Adjusted RAPM,2.306726121037665,4,20387.0
All qualifying,19,2018,Age-Adjusted RAPM,4.392711798184866,1,6867.0
All qualifying,19,2019,Age-Adjusted RAPM,3.020876108548887,2,8983.0
All qualifying,19,2020,Age-Adjusted RAPM,3.465904709577271,2,5925.0
All qualifying,19,2021,Age-Adjusted RAPM,2.6947897602025574,5,31541.0
All qualifying,19,2022,Age-Adjusted RAPM,2.544408349909004,5,23635.0
All qualifying,19,2023,Age-Adjusted RAPM,3.8957266831645687,2,12563.0
All qualifying,19,2024,Age-Adjusted RAPM,2.6053198265877757,4,17463.0
All qualifying,20,1997,Age-Adjusted RAPM,2.416548922243303,3,31430.0
All qualifying,20,1999,Age-Adjusted RAPM,3.9010004335382447,1,4504.0
All qualifying,20,2000,Age-Adjusted RAPM,5.733124725217337,4,26824.0
All qualifying,20,2001,Age-Adjusted RAPM,-0.592999566461756,1,1182.0
All qualifying,20,2002,Age-Adjusted RAPM,2.4900936360346724,5,26598.0
All qualifying,20,2003,Age-Adjusted RAPM,2.9935755036376572,5,31384.0
All qualifying,20,2004,Age-Adjusted RAPM,4.016261625419632,4,27788.0
All qualifying,20,2005,Age-Adjusted RAPM,3.2654135081041273,5,24475.0
All qualifying,20,2006,Age-Adjusted RAPM,2.7598638951870305,4,17431.0
All qualifying,20,2007,Age-Adjusted RAPM,4.143509789447618,4,20789.0
All qualifying,20,2008,Age-Adjusted RAPM,2.8758956560188937,6,26227.0
All qualifying,20,2009,Age-Adjusted RAPM,2.9055653744600445,11,66522.0
All qualifying,20,2010,Age-Adjusted RAPM,3.6128464459248937,6,47309.0
All qualifying,20,2011,Age-Adjusted RAPM,2.4475416500323184,4,26749.0
All qualifying,20,2012,Age-Adjusted RAPM,3.3303936086124284,5,22242.0
All qualifying,20,2013,Age-Adjusted RAPM,2.2259705553715454,7,31026.0
All qualifying,20,2014,Age-Adjusted RAPM,-0.4674557640386433,2,8584.0
All qualifying,20,2015,Age-Adjusted RAPM,2.4537488545230346,6,31032.0
All qualifying,20,2016,Age-Adjusted RAPM,2.854403556301545,11,75446.0
All qualifying,20,2017,Age-Adjusted RAPM,2.1799015353220845,6,22872.0
All qualifying,20,2018,Age-Adjusted RAPM,3.37726313732619,14,78697.0
All qualifying,20,2019,Age-Adjusted RAPM,3.686784955905203,10,79224.0
All qualifying,20,2020,Age-Adjusted RAPM,2.249385099321833,14,70209.0
All qualifying,20,2021,Age-Adjusted RAPM,1.7962253202368845,16,68181.0
All qualifying,20,2022,Age-Adjusted RAPM,2.0774347241299456,15,72638.0
All qualifying,20,2023,Age-Adjusted RAPM,1.5327932912147477,15,66925.0
All qualifying,20,2024,Age-Adjusted RAPM,1.826924295815165,13,61021.0
All qualifying,21,1997,Age-Adjusted RAPM,2.0262045224956458,4,23576.0
All qualifying,21,1998,Age-Adjusted RAPM,-0.5876949352570497,3,21017.0
All qualifying,21,1999,Age-Adjusted RAPM,3.0720181232907002,5,18791.0
All qualifying,21,2000,Age-Adjusted RAPM,2.6113634468263593,3,19142.0
All qualifying,21,2001,Age-Adjusted RAPM,2.017251386073392,8,38755.0
All qualifying,21,2002,Age-Adjusted RAPM,4.874372195544602,8,48025.0
All qualifying,21,2003,Age-Adjusted RAPM,0.8581404108294535,4,25016.0
All qualifying,21,2004,Age-Adjusted RAPM,1.8930556159777507,4,16087.0
All qualifying,21,2005,Age-Adjusted RAPM,4.908943662186213,5,24827.0
All qualifying,21,2006,Age-Adjusted RAPM,5.047595104982846,5,36156.0
All qualifying,21,2007,Age-Adjusted RAPM,4.28928552466388,8,36933.0
All qualifying,21,2008,Age-Adjusted RAPM,0.23028956936250028,5,24764.0
All qualifying,21,2009,Age-Adjusted RAPM,1.7787108225240011,10,58045.0
All qualifying,21,2010,Age-Adjusted RAPM,0.9317548810815534,2,15542.0
All qualifying,21,2011,Age-Adjusted RAPM,1.383979780699755,6,31439.0
All qualifying,21,2012,Age-Adjusted RAPM,2.574464540569328,8,32530.0
All qualifying,21,2013,Age-Adjusted RAPM,2.0717135554029737,9,38231.0
All qualifying,21,2014,Age-Adjusted RAPM,1.6012046517349092,9,37789.0
All qualifying,21,2015,Age-Adjusted RAPM,4.053913103827426,8,41178.0
All qualifying,21,2016,Age-Adjusted RAPM,2.0968921735263635,6,23822.0
All qualifying,21,2017,Age-Adjusted RAPM,0.5446807649700204,6,25013.0
All qualifying,21,2018,Age-Adjusted RAPM,3.41204029162934,8,49884.0
All qualifying,21,2019,Age-Adjusted RAPM,0.5754077446884492,8,38133.0
All qualifying,21,2020,Age-Adjusted RAPM,1.9608148850021065,8,35832.0
All qualifying,21,2021,Age-Adjusted RAPM,0.9171474206255336,6,21229.0
All qualifying,21,2022,Age-Adjusted RAPM,1.672153213649841,13,46362.0
All qualifying,21,2023,Age-Adjusted RAPM,1.1030057906006943,7,36826.0
All qualifying,21,2024,Age-Adjusted RAPM,3.2708489630886004,5,31525.0
All qualifying,22,1997,Age-Adjusted RAPM,0.7593957228631367,9,38603.0
All qualifying,22,1998,Age-Adjusted RAPM,3.7453249249316527,9,61598.0
All qualifying,22,1999,Age-Adjusted RAPM,3.9380317865877914,7,21756.0
All qualifying,22,2000,Age-Adjusted RAPM,1.811646778118697,7,30280.0
All qualifying,22,2001,Age-Adjusted RAPM,0.0072355476333360765,5,21101.0
All qualifying,22,2002,Age-Adjusted RAPM,0.8610230323368623,5,21909.0
All qualifying,22,2003,Age-Adjusted RAPM,1.2641508735821674,9,43446.0
All qualifying,22,2004,Age-Adjusted RAPM,1.64270394460341,7,43211.0
All qualifying,22,2005,Age-Adjusted RAPM,2.8603899617111703,12,61227.0
All qualifying,22,2006,Age-Adjusted RAPM,1.710202381684152,9,40307.0
All qualifying,22,2007,Age-Adjusted RAPM,1.7238774126985965,9,40320.0
All qualifying,22,2008,Age-Adjusted RAPM,0.38564612720207125,11,47143.0
All qualifying,22,2009,Age-Adjusted RAPM,2.1449894417237734,5,26226.0
All qualifying,22,2010,Age-Adjusted RAPM,1.8659201541524877,14,65148.0
All qualifying,22,2011,Age-Adjusted RAPM,1.123641492151428,12,47437.0
All qualifying,22,2012,Age-Adjusted RAPM,1.932601850446712,10,44854.0
All qualifying,22,2013,Age-Adjusted RAPM,1.1857988230943115,10,42028.0
All qualifying,22,2014,Age-Adjusted RAPM,1.465534914486822,8,39034.0
All qualifying,22,2015,Age-Adjusted RAPM,-0.5862268319816336,7,21889.0
All qualifying,22,2016,Age-Adjusted RAPM,1.2394659146985751,8,23782.0
All qualifying,22,2017,Age-Adjusted RAPM,1.266930245173929,8,29600.0
All qualifying,22,2018,Age-Adjusted RAPM,2.0186682671035046,7,34254.0
All qualifying,22,2019,Age-Adjusted RAPM,1.5130159409214123,10,41944.0
All qualifying,22,2020,Age-Adjusted RAPM,1.085312959963456,7,25399.0
All qualifying,22,2021,Age-Adjusted RAPM,1.3583755686389372,7,24784.0
All qualifying,22,2022,Age-Adjusted RAPM,-0.06939241960888072,8,30385.0
All qualifying,22,2023,Age-Adjusted RAPM,1.4021316805473973,8,45190.0
All qualifying,22,2024,Age-Adjusted RAPM,1.9748767129728293,6,24044.0
All qualifying,18,1997,Avg MPG,12.856494522691705,2,1561.0
All qualifying,18,2006,Avg MPG,7.3478260869565215,1,338.0
All qualifying,19,1998,Avg MPG,18.421875,1,1179.0
All qualifying,19,1999,Avg MPG,12.108695652173912,1,557.0
All qualifying,19,2001,Avg MPG,26.333333333333332,1,2133.0
All qualifying,19,2002,Avg MPG,14.499521822291774,3,2969.0
All qualifying,19,2004,Avg MPG,39.51898734177215,1,3122.0
All qualifying,19,2005,Avg MPG,24.93150759231632,5,7777.0
All qualifying,19,2006,Avg MPG,17.540983606557376,1,1070.0
All qualifying,19,2008,Avg MPG,34.6,1,2768.0
All qualifying,19,2009,Avg MPG,17.92063492063492,1,1129.0
All qualifying,19,2011,Avg MPG,19.67948717948718,1,1535.0
All qualifying,19,2012,Avg MPG,17.25,2,1934.0
All qualifying,19,2013,Avg MPG,23.33910256410256,2,3268.0
All qualifying,19,2014,Avg MPG,17.44318181818182,2,2430.0
All qualifying,19,2015,Avg MPG,16.608553604410442,3,2946.0
All qualifying,19,2016,Avg MPG,21.01842105263158,2,3109.0
All qualifying,19,2017,Avg MPG,19.89734991811609,4,4951.0
All qualifying,19,2018,Avg MPG,21.871794871794872,1,1706.0
All qualifying,19,2019,Avg MPG,20.079575596816976,2,2245.0
All qualifying,19,2020,Avg MPG,23.837719298245613,2,1422.0
All qualifying,19,2021,Avg MPG,27.772768182751612,5,7526.0
All qualifying,19,2022,Avg MPG,19.266000481000482,5,5601.0
All qualifying,19,2023,Avg MPG,22.191853233830845,2,3071.0
All qualifying,19,2024,Avg MPG,21.930020749820123,4,4198.0
All qualifying,20,1997,Avg MPG,35.310359786433686,3,8096.0
All qualifying,20,1999,Avg MPG,19.76,1,988.0
All qualifying,20,2000,Avg MPG,23.371706423222925,4,6859.0
All qualifying,20,2001,Avg MPG,7.325,1,293.0
All qualifying,20,2002,Avg MPG,20.81156233126559,5,6651.0
All qualifying,20,2003,Avg MPG,23.14877765911486,5,8012.0
All qualifying,20,2004,Avg MPG,23.93157671423314,4,7313.0
All qualifying,20,2005,Avg MPG,18.38575725181122,5,6299.0
All qualifying,20,2006,Avg MPG,18.33273364725637,4,4494.0
All qualifying,20,2007,Avg MPG,17.564879564879565,4,5132.0
All qualifying,20,2008,Avg MPG,18.09976035442894,6,6568.0
All qualifying,20,2009,Avg MPG,21.5588514031402,11,16964.0
All qualifying,20,2010,Avg MPG,26.09355067892862,6,11840.0
All qualifying,20,2011,Avg MPG,24.517158940023165,4,6894.0
All qualifying,20,2012,Avg MPG,20.22733752764694,5,5766.0
All qualifying,20,2013,Avg MPG,19.48932903834528,7,8075.0
All qualifying,20,2014,Avg MPG,13.929705215419501,2,1838.0
All qualifying,20,2015,Avg MPG,22.291035180397888,6,7842.0
All qualifying,20,2016,Avg MPG,24.277805516264895,11,18504.0
All qualifying,20,2017,Avg MPG,15.015900322844322,6,5143.0
All qualifying,20,2018,Avg MPG,21.864755219731645,14,18467.0
All qualifying,20,2019,Avg MPG,26.398774736622897,10,18791.0
All qualifying,20,2020,Avg MPG,21.23429654056623,14,15917.0
All qualifying,20,2021,Avg MPG,18.494009737042816,16,14936.0
All qualifying,20,2022,Avg MPG,19.650810754074787,15,17264.0
All qualifying,20,2023,Avg MPG,18.70425637063103,15,16075.0
All qualifying,20,2024,Avg MPG,19.678483223086324,13,14777.0
All qualifying,21,1997,Avg MPG,21.158004258614014,4,6122.0
All qualifying,21,1998,Avg MPG,24.03791841960856,3,5508.0
All qualifying,21,1999,Avg MPG,22.519265719866954,5,4999.0
All qualifying,21,2000,Avg MPG,23.488176252132888,3,4968.0
All qualifying,21,2001,Avg MPG,17.71025705489707,8,10096.0
All qualifying,21,2002,Avg MPG,22.04055240058201,8,12265.0
All qualifying,21,2003,Avg MPG,23.200026455026453,4,6175.0
All qualifying,21,2004,Avg MPG,17.847282166455095,4,4217.0
All qualifying,21,2005,Avg MPG,18.97302402347332,5,5994.0
All qualifying,21,2006,Avg MPG,23.906199508007393,5,9398.0
All qualifying,21,2007,Avg MPG,17.63932557909354,8,9107.0
All qualifying,21,2008,Avg MPG,20.178515375098996,5,6297.0
All qualifying,21,2009,Avg MPG,21.037420315519036,10,15364.0
All qualifying,21,2010,Avg MPG,23.548027702499247,2,3833.0
All qualifying,21,2011,Avg MPG,19.39730338104577,6,8114.0
All qualifying,21,2012,Avg MPG,19.695841399001097,8,8053.0
All qualifying,21,2013,Avg MPG,19.379833964255024,9,9424.0
All qualifying,21,2014,Avg MPG,16.00631302033741,9,9571.0
All qualifying,21,2015,Avg MPG,19.80383321892638,8,10345.0
All qualifying,21,2016,Avg MPG,17.64310223631656,6,5923.0
All qualifying,21,2017,Avg MPG,16.23390617940661,6,5909.0
All qualifying,21,2018,Avg MPG,22.249575091768758,8,11416.0
All qualifying,21,2019,Avg MPG,19.132877701313923,8,9032.0
All qualifying,21,2020,Avg MPG,19.243293343915983,8,8315.0
All qualifying,21,2021,Avg MPG,16.73762230295492,6,5077.0
All qualifying,21,2022,Avg MPG,16.71154662336039,13,11176.0
All qualifying,21,2023,Avg MPG,20.9058595254088,7,8818.0
All qualifying,21,2024,Avg MPG,22.942275639694998,5,7658.0
All qualifying,22,1997,Avg MPG,16.060431850102344,9,9787.0
All qualifying,22,1998,Avg MPG,25.01019588125933,9,15738.0
All qualifying,22,1999,Avg MPG,18.239269828810645,7,5564.0
All qualifying,22,2000,Avg MPG,16.876943656821343,7,7443.0
All qualifying,22,2001,Avg MPG,16.984197134933975,5,5303.0
All qualifying,22,2002,Avg MPG,16.760814913849202,5,5345.0
All qualifying,22,2003,Avg MPG,18.01030049949586,9,11166.0
All qualifying,22,2004,Avg MPG,22.494534266423877,7,10832.0
All qualifying,22,2005,Avg MPG,19.567571177136248,12,15443.0
All qualifying,22,2006,Avg MPG,17.728786360863403,9,10637.0
All qualifying,22,2007,Avg MPG,17.726327530774583,9,10298.0
All qualifying,22,2008,Avg MPG,16.91563492857664,11,11531.0
All qualifying,22,2009,Avg MPG,18.742237427723165,5,6727.0
All qualifying,22,2010,Avg MPG,16.776525219553527,14,16126.0
All qualifying,22,2011,Avg MPG,18.348221646004557,12,12216.0
All qualifying,22,2012,Avg MPG,19.488005160148226,10,11517.0
All qualifying,22,2013,Avg MPG,16.373915787562346,10,10860.0
All qualifying,22,2014,Avg MPG,18.51608068233939,8,9891.0
All qualifying,22,2015,Avg MPG,18.03873352911118,7,5519.0
All qualifying,22,2016,Avg MPG,13.590890618096502,8,5253.0
All qualifying,22,2017,Avg MPG,17.038080792984047,8,7094.0
All qualifying,22,2018,Avg MPG,19.164050015763358,7,8462.0
All qualifying,22,2019,Avg MPG,16.574881338604055,10,9790.0
All qualifying,22,2020,Avg MPG,17.961582092745687,7,5628.0
All qualifying,22,2021,Avg MPG,16.179041222344793,7,5879.0
All qualifying,22,2022,Avg MPG,18.700383512291822,8,7169.0
All qualifying,22,2023,Avg MPG,20.149415683999926,8,10310.0
All qualifying,22,2024,Avg MPG,15.1645502629663,6,5793.0
All qualifying,18,1997,BRef BPM,-1.097565663036515,2,1561.0
All qualifying,18,2006,BRef BPM,-6.900000000000001,1,338.0
All qualifying,19,1998,BRef BPM,0.6,1,1179.0
All qualifying,19,1999,BRef BPM,-2.1,1,557.0
All qualifying,19,2001,BRef BPM,-0.5,1,2133.0
All qualifying,19,2002,BRef BPM,-3.6892893230043784,3,2969.0
All qualifying,19,2004,BRef BPM,1.7,1,3122.0
All qualifying,19,2005,BRef BPM,-1.1706184904204706,5,7777.0
All qualifying,19,2006,BRef BPM,-2.5,1,1070.0
All qualifying,19,2008,BRef BPM,-0.1,1,2768.0
All qualifying,19,2009,BRef BPM,-2.3,1,1129.0
All qualifying,19,2011,BRef BPM,-3.2,1,1535.0
All qualifying,19,2012,BRef BPM,-3.9312823164426054,2,1934.0
All qualifying,19,2013,BRef BPM,-0.6601897184822522,2,3268.0
All qualifying,19,2014,BRef BPM,-2.6535390946502058,2,2430.0
All qualifying,19,2015,BRef BPM,-3.7657162253903596,3,2946.0
All qualifying,19,2016,BRef BPM,-3.733708587970408,2,3109.0
All qualifying,19,2017,BRef BPM,-3.663623510401939,4,4951.0
All qualifying,19,2018,BRef BPM,-5.0,1,1706.0
All qualifying,19,2019,BRef BPM,-1.080400890868597,2,2245.0
All qualifying,19,2020,BRef BPM,-2.5661040787623066,2,1422.0
All qualifying,19,2021,BRef BPM,-2.4511559925591286,5,7526.0
All qualifying,19,2022,BRef BPM,-1.858150330298161,5,5601.0
All qualifying,19,2023,BRef BPM,-0.8,2,3071.0
All qualifying,19,2024,BRef BPM,-2.343973320628871,4,4198.0
All qualifying,20,1997,BRef BPM,-1.393354743083004,3,8096.0
All qualifying,20,1999,BRef BPM,1.5,1,988.0
All qualifying,20,2000,BRef BPM,-0.7671089080040823,4,6859.0
All qualifying,20,2001,BRef BPM,-7.699999999999999,1,293.0
All qualifying,20,2002,BRef BPM,-1.259524883476169,5,6651.0
All qualifying,20,2003,BRef BPM,-2.1335371942086874,5,8012.0
All qualifying,20,2004,BRef BPM,-1.3859838643511555,4,7313.0
All qualifying,20,2005,BRef BPM,-2.0818701381171616,5,6299.0
All qualifying,20,2006,BRef BPM,-3.487449933244326,4,4494.0
All qualifying,20,2007,BRef BPM,-2.00064302416212,4,5132.0
All qualifying,20,2008,BRef BPM,-2.518376979293544,6,6568.0
All qualifying,20,2009,BRef BPM,-1.0133459089837304,11,16964.0
All qualifying,20,2010,BRef BPM,-0.2895945945945946,6,11840.0
All qualifying,20,2011,BRef BPM,-2.1681026979982594,4,6894.0
All qualifying,20,2012,BRef BPM,-0.8632674297606664,5,5766.0
All qualifying,20,2013,BRef BPM,-1.265857585139319,7,8075.0
All qualifying,20,2014,BRef BPM,-3.9786180631120787,2,1838.0
All qualifying,20,2015,BRef BPM,-3.1765110941086454,6,7842.0
All qualifying,20,2016,BRef BPM,-1.662413532209252,11,18504.0
All qualifying,20,2017,BRef BPM,-2.6148356990083608,6,5143.0
All qualifying,20,2018,BRef BPM,-1.4848486489413546,14,18467.0
All qualifying,20,2019,BRef BPM,-1.1319035708583896,10,18791.0
All qualifying,20,2020,BRef BPM,-2.6673996356097254,14,15917.0
All qualifying,20,2021,BRef BPM,-3.542367434386717,16,14936.0
All qualifying,20,2022,BRef BPM,-2.11590593141798,15,17264.0
All qualifying,20,2023,BRef BPM,-3.7560808709175735,15,16075.0
All qualifying,20,2024,BRef BPM,-2.19785477431143,13,14777.0
All qualifying,21,1997,BRef BPM,-2.0585429598170535,4,6122.0
All qualifying,21,1998,BRef BPM,-1.6881082062454609,3,5508.0
All qualifying,21,1999,BRef BPM,-0.12272454490898162,5,4999.0
All qualifying,21,2000,BRef BPM,0.30609903381642517,3,4968.0
All qualifying,21,2001,BRef BPM,-2.072286053882726,8,10096.0
All qualifying,21,2002,BRef BPM,0.3392172849571953,8,12265.0
All qualifying,21,2003,BRef BPM,-1.6538623481781378,4,6175.0
All qualifying,21,2004,BRef BPM,-2.25425658050747,4,4217.0
All qualifying,21,2005,BRef BPM,-0.9402068735402069,5,5994.0
All qualifying,21,2006,BRef BPM,0.9768248563524153,5,9398.0
All qualifying,21,2007,BRef BPM,-1.7133304051828264,8,9107.0
All qualifying,21,2008,BRef BPM,-3.3555820231856437,5,6297.0
All qualifying,21,2009,BRef BPM,-1.5494727935433477,10,15364.0
All qualifying,21,2010,BRef BPM,-2.0424993477693714,2,3833.0
All qualifying,21,2011,BRef BPM,-1.677902390929258,6,8114.0
All qualifying,21,2012,BRef BPM,-1.3132373028684963,8,8053.0
All qualifying,21,2013,BRef BPM,-2.433679966044142,9,9424.0
All qualifying,21,2014,BRef BPM,-3.5537979312506534,9,9571.0
All qualifying,21,2015,BRef BPM,-1.4799903334944418,8,10345.0
All qualifying,21,2016,BRef BPM,-0.35853452642242095,6,5923.0
All qualifying,21,2017,BRef BPM,-2.7160602470807245,6,5909.0
All qualifying,21,2018,BRef BPM,-0.10072704975473017,8,11416.0
All qualifying,21,2019,BRef BPM,-1.8660761736049603,8,9032.0
All qualifying,21,2020,BRef BPM,-3.5514732411304872,8,8315.0
All qualifying,21,2021,BRef BPM,-1.7745715974000393,6,5077.0
All qualifying,21,2022,BRef BPM,-2.550008947745168,13,11176.0
All qualifying,21,2023,BRef BPM,-1.8853708323882967,7,8818.0
All qualifying,21,2024,BRef BPM,-1.0905197179420214,5,7658.0
All qualifying,22,1997,BRef BPM,-2.5620721365076116,9,9787.0
All qualifying,22,1998,BRef BPM,-0.10718007370695122,9,15738.0
All qualifying,22,1999,BRef BPM,0.16410855499640561,7,5564.0
All qualifying,22,2000,BRef BPM,-1.8945855165927716,7,7443.0
All qualifying,22,2001,BRef BPM,-3.3798604563454653,5,5303.0
All qualifying,22,2002,BRef BPM,-1.8175678203928904,5,5345.0
All qualifying,22,2003,BRef BPM,-2.2060182697474473,9,11166.0
All qualifying,22,2004,BRef BPM,-2.296187223042836,7,10832.0
All qualifying,22,2005,BRef BPM,-0.960480476591336,12,15443.0
All qualifying,22,2006,BRef BPM,-2.3922722572153803,9,10637.0
All qualifying,22,2007,BRef BPM,-1.244707710234997,9,10298.0
All qualifying,22,2008,BRef BPM,-2.4510276645564133,11,11531.0
All qualifying,22,2009,BRef BPM,-2.729195778207225,5,6727.0
All qualifying,22,2010,BRef BPM,-0.9827049485303239,14,16126.0
All qualifying,22,2011,BRef BPM,-1.255230844793713,12,12216.0
All qualifying,22,2012,BRef BPM,-1.4425458018581228,10,11517.0
All qualifying,22,2013,BRef BPM,-1.6423848987108658,10,10860.0
All qualifying,22,2014,BRef BPM,-1.8840056617126681,8,9891.0
All qualifying,22,2015,BRef BPM,-3.0245153107447,7,5519.0
All qualifying,22,2016,BRef BPM,-1.2608604606891298,8,5253.0
All qualifying,22,2017,BRef BPM,-3.6460530025373554,8,7094.0
All qualifying,22,2018,BRef BPM,-2.2032143701252656,7,8462.0
All qualifying,22,2019,BRef BPM,-2.313993871297242,10,9790.0
All qualifying,22,2020,BRef BPM,-2.9916488983653164,7,5628.0
All qualifying,22,2021,BRef BPM,-1.0348698758292227,7,5879.0
All qualifying,22,2022,BRef BPM,-2.470623517924397,8,7169.0
All qualifying,22,2023,BRef BPM,-1.6298933074684774,8,10310.0
All qualifying,22,2024,BRef BPM,-0.5373554289659936,6,5793.0
All qualifying,18,1997,BRef VORP,0.2946188340807175,2,1561.0
All qualifying,18,2006,BRef VORP,-0.4000000000000001,1,338.0
All qualifying,19,1998,BRef VORP,0.8,1,1179.0
All qualifying,19,1999,BRef VORP,0.0,1,557.0
All qualifying,19,2001,BRef VORP,0.8,1,2133.0
All qualifying,19,2002,BRef VORP,-0.5050522061300101,3,2969.0
All qualifying,19,2004,BRef VORP,2.9,1,3122.0
All qualifying,19,2005,BRef VORP,0.5854442587115855,5,7777.0
All qualifying,19,2006,BRef VORP,-0.1,1,1070.0
All qualifying,19,2008,BRef VORP,1.3,1,2768.0
All qualifying,19,2009,BRef VORP,-0.1,1,1129.0
All qualifying,19,2011,BRef VORP,-0.5,1,1535.0
All qualifying,19,2012,BRef VORP,-0.7523267838676319,2,1934.0
All qualifying,19,2013,BRef VORP,0.3466034271725826,2,3268.0
All qualifying,19,2014,BRef VORP,-0.2,2,2430.0
All qualifying,19,2015,BRef VORP,-0.7438221317040055,3,2946.0
All qualifying,19,2016,BRef VORP,-0.6287873914441943,2,3109.0
All qualifying,19,2017,BRef VORP,-0.7403554837406584,4,4951.0
All qualifying,19,2018,BRef VORP,-1.3,1,1706.0
All qualifying,19,2019,BRef VORP,0.4398663697104677,2,2245.0
All qualifying,19,2020,BRef VORP,-0.14838255977496487,2,1422.0
All qualifying,19,2021,BRef VORP,-0.049614669146957245,5,7526.0
All qualifying,19,2022,BRef VORP,0.15397250490983755,5,5601.0
All qualifying,19,2023,BRef VORP,0.454379680885705,2,3071.0
All qualifying,19,2024,BRef VORP,-0.2540495474035255,4,4198.0
All qualifying,20,1997,BRef VORP,0.3770009881422925,3,8096.0
All qualifying,20,1999,BRef VORP,0.9,1,988.0
All qualifying,20,2000,BRef VORP,0.9771978422510571,4,6859.0
All qualifying,20,2001,BRef VORP,-0.4,1,293.0
All qualifying,20,2002,BRef VORP,0.4309276800481131,5,6651.0
All qualifying,20,2003,BRef VORP,0.2199700449326011,5,8012.0
All qualifying,20,2004,BRef VORP,0.7815123752222072,4,7313.0
All qualifying,20,2005,BRef VORP,0.07858390220669947,5,6299.0
All qualifying,20,2006,BRef VORP,-0.5493991989319092,4,4494.0
All qualifying,20,2007,BRef VORP,-0.020011691348402187,4,5132.0
All qualifying,20,2008,BRef VORP,-0.12786236297198542,6,6568.0
All qualifying,20,2009,BRef VORP,0.6124616835651968,11,16964.0
All qualifying,20,2010,BRef VORP,1.0600591216216217,6,11840.0
All qualifying,20,2011,BRef VORP,0.07467362924281987,4,6894.0
All qualifying,20,2012,BRef VORP,0.4981789802289282,5,5766.0
All qualifying,20,2013,BRef VORP,0.5130650154798763,7,8075.0
All qualifying,20,2014,BRef VORP,-0.37899891186071816,2,1838.0
All qualifying,20,2015,BRef VORP,-0.4942744197908696,6,7842.0
All qualifying,20,2016,BRef VORP,0.3061932555123217,11,18504.0
All qualifying,20,2017,BRef VORP,-0.1689675286797589,6,5143.0
All qualifying,20,2018,BRef VORP,0.36272810960090973,14,18467.0
All qualifying,20,2019,BRef VORP,0.4840402320259698,10,18791.0
All qualifying,20,2020,BRef VORP,-0.26977445498523583,14,15917.0
All qualifying,20,2021,BRef VORP,-0.5542179967862881,16,14936.0
All qualifying,20,2022,BRef VORP,0.2114747451343837,15,17264.0
All qualifying,20,2023,BRef VORP,-0.5224261275272162,15,16075.0
All qualifying,20,2024,BRef VORP,0.1445963321377816,13,14777.0
All qualifying,21,1997,BRef VORP,0.2301208755308723,4,6122.0
All qualifying,21,1998,BRef VORP,0.2349673202614379,3,5508.0
All qualifying,21,1999,BRef VORP,0.7741548309661932,5,4999.0
All qualifying,21,2000,BRef VORP,1.6534621578099837,3,4968.0
All qualifying,21,2001,BRef VORP,0.1169869255150555,8,10096.0
All qualifying,21,2002,BRef VORP,1.5239788014675906,8,12265.0
All qualifying,21,2003,BRef VORP,0.21049392712550608,4,6175.0
All qualifying,21,2004,BRef VORP,0.04728479962058335,4,4217.0
All qualifying,21,2005,BRef VORP,0.8229896563229894,5,5994.0
All qualifying,21,2006,BRef VORP,2.0277718663545437,5,9398.0
All qualifying,21,2007,BRef VORP,0.15044471285824093,8,9107.0
All qualifying,21,2008,BRef VORP,-0.6959028108623154,5,6297.0
All qualifying,21,2009,BRef VORP,0.3895014319187712,10,15364.0
All qualifying,21,2010,BRef VORP,-0.1102269762588051,2,3833.0
All qualifying,21,2011,BRef VORP,0.33062607838304164,6,8114.0
All qualifying,21,2012,BRef VORP,0.3617533838321123,8,8053.0
All qualifying,21,2013,BRef VORP,-0.08569609507640069,9,9424.0
All qualifying,21,2014,BRef VORP,-0.4827186291923519,9,9571.0
All qualifying,21,2015,BRef VORP,0.366186563557274,8,10345.0
All qualifying,21,2016,BRef VORP,0.6559851426641905,6,5923.0
All qualifying,21,2017,BRef VORP,-0.27755965476391947,6,5909.0
All qualifying,21,2018,BRef VORP,1.5026103714085497,8,11416.0
All qualifying,21,2019,BRef VORP,0.11166961913197516,8,9032.0
All qualifying,21,2020,BRef VORP,-0.45235117257967533,8,8315.0
All qualifying,21,2021,BRef VORP,0.3182982076029151,6,5077.0
All qualifying,21,2022,BRef VORP,0.055654974946313496,13,11176.0
All qualifying,21,2023,BRef VORP,-0.0153322748922658,7,8818.0
All qualifying,21,2024,BRef VORP,0.3484983024288326,5,7658.0
All qualifying,22,1997,BRef VORP,0.33344232144681724,9,9787.0
All qualifying,22,1998,BRef VORP,1.5635785995679248,9,15738.0
All qualifying,22,1999,BRef VORP,0.8319374550682961,7,5564.0
All qualifying,22,2000,BRef VORP,0.09259707107349187,7,7443.0
All qualifying,22,2001,BRef VORP,-0.48974165566660377,5,5303.0
All qualifying,22,2002,BRef VORP,0.12346117867165576,5,5345.0
All qualifying,22,2003,BRef VORP,0.17284614006806373,9,11166.0
All qualifying,22,2004,BRef VORP,-0.09190361890694246,7,10832.0
All qualifying,22,2005,BRef VORP,0.5311079453474066,12,15443.0
All qualifying,22,2006,BRef VORP,0.09166118266428507,9,10637.0
All qualifying,22,2007,BRef VORP,0.19856282773354048,9,10298.0
All qualifying,22,2008,BRef VORP,-0.09314890295724569,11,11531.0
All qualifying,22,2009,BRef VORP,-0.3421287349487142,5,6727.0
All qualifying,22,2010,BRef VORP,0.6099838769688701,14,16126.0
All qualifying,22,2011,BRef VORP,0.8395956123117223,12,12216.0
All qualifying,22,2012,BRef VORP,0.2064426499956586,10,11517.0
All qualifying,22,2013,BRef VORP,0.4478913443830572,10,10860.0
All qualifying,22,2014,BRef VORP,0.2402588211505409,8,9891.0
All qualifying,22,2015,BRef VORP,-0.20442109077731468,7,5519.0
All qualifying,22,2016,BRef VORP,0.2505044736341139,8,5253.0
All qualifying,22,2017,BRef VORP,-0.5223005356639413,8,7094.0
All qualifying,22,2018,BRef VORP,-0.07726305837863387,7,8462.0
All qualifying,22,2019,BRef VORP,0.023299284984678252,10,9790.0
All qualifying,22,2020,BRef VORP,-0.49459843638948114,7,5628.0
All qualifying,22,2021,BRef VORP,0.42537846572546356,7,5879.0
All qualifying,22,2022,BRef VORP,-0.09432277863021342,8,7169.0
All qualifying,22,2023,BRef VORP,0.3671871968962173,8,10310.0
All qualifying,22,2024,BRef VORP,1.2061280856205765,6,5793.0
All qualifying,18,1997,RAPM VORP,0.5428320726172465,2,6610.0
All qualifying,18,2006,RAPM VORP,-2.057,1,1304.0
All qualifying,19,1998,RAPM VORP,-1.417,1,4688.0
All qualifying,19,1999,RAPM VORP,0.909,1,2101.0
All qualifying,19,2001,RAPM VORP,4.154,1,7911.0
All qualifying,19,2002,RAPM VORP,-0.3015861471861472,3,11550.0
All qualifying,19,2004,RAPM VORP,3.668,1,11925.0
All qualifying,19,2005,RAPM VORP,-0.2703675873410075,5,29797.0
All qualifying,19,2006,RAPM VORP,-2.98,1,4007.0
All qualifying,19,2008,RAPM VORP,-0.872,1,11062.0
All qualifying,19,2009,RAPM VORP,-1.439,1,4674.0
All qualifying,19,2011,RAPM VORP,-0.565,1,5712.0
All qualifying,19,2012,RAPM VORP,-2.075115028586986,2,7346.0
All qualifying,19,2013,RAPM VORP,0.7321289535734612,2,12299.0
All qualifying,19,2014,RAPM VORP,1.8779998938316171,2,9419.0
All qualifying,19,2015,RAPM VORP,1.8196514867398874,3,11199.0
All qualifying,19,2016,RAPM VORP,-2.118767142857143,2,12600.0
All qualifying,19,2017,RAPM VORP,-0.9067163878942462,4,20387.0
All qualifying,19,2018,RAPM VORP,0.82,1,6867.0
All qualifying,19,2019,RAPM VORP,-0.30874084381609707,2,8983.0
All qualifying,19,2020,RAPM VORP,-0.42132202531645563,2,5925.0
All qualifying,19,2021,RAPM VORP,-0.5208468342791921,5,31541.0
All qualifying,19,2022,RAPM VORP,-1.2119048445102603,5,23635.0
All qualifying,19,2023,RAPM VORP,0.688619756427605,2,12563.0
All qualifying,19,2024,RAPM VORP,-1.3341712191490582,4,17463.0
All qualifying,20,1997,RAPM VORP,-1.728069710467706,3,31430.0
All qualifying,20,1999,RAPM VORP,1.447,1,4504.0
All qualifying,20,2000,RAPM VORP,2.4627279302117504,4,26824.0
All qualifying,20,2001,RAPM VORP,-1.607,1,1182.0
All qualifying,20,2002,RAPM VORP,0.6600255282352055,5,26598.0
All qualifying,20,2003,RAPM VORP,0.09932902115727761,5,31384.0
All qualifying,20,2004,RAPM VORP,0.46939643011371823,4,27788.0
All qualifying,20,2005,RAPM VORP,1.4257047599591421,5,24475.0
All qualifying,20,2006,RAPM VORP,0.977185187309965,4,17431.0
All qualifying,20,2007,RAPM VORP,1.9678119197652606,4,20789.0
All qualifying,20,2008,RAPM VORP,1.2766373203187553,6,26227.0
All qualifying,20,2009,RAPM VORP,-0.39849066474249123,11,66522.0
All qualifying,20,2010,RAPM VORP,0.7435470417890887,6,47309.0
All qualifying,20,2011,RAPM VORP,-0.8020832180642267,4,26749.0
All qualifying,20,2012,RAPM VORP,0.5175411833468214,5,22242.0
All qualifying,20,2013,RAPM VORP,-0.679596596403017,7,31026.0
All qualifying,20,2014,RAPM VORP,-1.061456197576887,2,8584.0
All qualifying,20,2015,RAPM VORP,-0.5497977571539057,6,31032.0
All qualifying,20,2016,RAPM VORP,-0.4615693873764016,11,75446.0
All qualifying,20,2017,RAPM VORP,0.13856833683105976,6,22872.0
All qualifying,20,2018,RAPM VORP,0.2931493830768644,14,78697.0
All qualifying,20,2019,RAPM VORP,0.4008900838129859,10,79224.0
All qualifying,20,2020,RAPM VORP,-0.9791095586035978,14,70209.0
All qualifying,20,2021,RAPM VORP,0.015971032985729192,16,68181.0
All qualifying,20,2022,RAPM VORP,-0.9726620914672762,15,72638.0
All qualifying,20,2023,RAPM VORP,-0.99824,15,66925.0
All qualifying,20,2024,RAPM VORP,-1.0025471558971502,13,61021.0
All qualifying,21,1997,RAPM VORP,-0.09459547845266368,4,23576.0
All qualifying,21,1998,RAPM VORP,-2.4475454156159304,3,21017.0
All qualifying,21,1999,RAPM VORP,0.9726784098770688,5,18791.0
All qualifying,21,2000,RAPM VORP,-0.1431862396823737,3,19142.0
All qualifying,21,2001,RAPM VORP,0.8689404980002577,8,38755.0
All qualifying,21,2002,RAPM VORP,3.213245580426861,8,48025.0
All qualifying,21,2003,RAPM VORP,-1.172304245283019,4,25016.0
All qualifying,21,2004,RAPM VORP,0.5353190775160067,4,16087.0
All qualifying,21,2005,RAPM VORP,2.859814274781487,5,24827.0
All qualifying,21,2006,RAPM VORP,2.7397756942139613,5,36156.0
All qualifying,21,2007,RAPM VORP,2.80770454606991,8,36933.0
All qualifying,21,2008,RAPM VORP,-0.8274511387497983,5,24764.0
All qualifying,21,2009,RAPM VORP,-0.5320719786372642,10,58045.0
All qualifying,21,2010,RAPM VORP,-0.710325054690516,2,15542.0
All qualifying,21,2011,RAPM VORP,0.051999745538980235,6,31439.0
All qualifying,21,2012,RAPM VORP,0.9408040885336613,8,32530.0
All qualifying,21,2013,RAPM VORP,0.38635696162799826,9,38231.0
All qualifying,21,2014,RAPM VORP,0.30901132604726245,9,37789.0
All qualifying,21,2015,RAPM VORP,1.7968828014959444,8,41178.0
All qualifying,21,2016,RAPM VORP,0.2993225170010914,6,23822.0
All qualifying,21,2017,RAPM VORP,-0.6480979490664855,6,25013.0
All qualifying,21,2018,RAPM VORP,0.5535463675727686,8,49884.0
All qualifying,21,2019,RAPM VORP,-0.7367128471402722,8,38133.0
All qualifying,21,2020,RAPM VORP,0.054129018754186235,8,35832.0
All qualifying,21,2021,RAPM VORP,-0.2413352489519054,6,21229.0
All qualifying,21,2022,RAPM VORP,-0.36784679263189685,13,46362.0
All qualifying,21,2023,RAPM VORP,-0.7037317384456633,7,36826.0
All qualifying,21,2024,RAPM VORP,0.9639110229976207,5,31525.0
All qualifying,22,1997,RAPM VORP,-0.28857878921327357,9,38603.0
All qualifying,22,1998,RAPM VORP,1.6478534692684828,9,61598.0
All qualifying,22,1999,RAPM VORP,2.8573203713917996,7,21756.0
All qualifying,22,2000,RAPM VORP,1.0309172721268163,7,30280.0
All qualifying,22,2001,RAPM VORP,-0.3807998673048671,5,21101.0
All qualifying,22,2002,RAPM VORP,0.8097096170523529,5,21909.0
All qualifying,22,2003,RAPM VORP,0.8708719559913456,9,43446.0
All qualifying,22,2004,RAPM VORP,0.27052201985605523,7,43211.0
All qualifying,22,2005,RAPM VORP,2.040594198637856,12,61227.0
All qualifying,22,2006,RAPM VORP,1.0342244771379658,9,40307.0
All qualifying,22,2007,RAPM VORP,0.7824426339285715,9,40320.0
All qualifying,22,2008,RAPM VORP,-0.1584169229790213,11,47143.0
All qualifying,22,2009,RAPM VORP,0.8421997635933807,5,26226.0
All qualifying,22,2010,RAPM VORP,0.8836112543746546,14,65148.0
All qualifying,22,2011,RAPM VORP,0.07177825326222138,12,47437.0
All qualifying,22,2012,RAPM VORP,1.195837294332724,10,44854.0
All qualifying,22,2013,RAPM VORP,0.36604661178262093,10,42028.0
All qualifying,22,2014,RAPM VORP,0.24702067428395763,8,39034.0
All qualifying,22,2015,RAPM VORP,-1.2662722371967656,7,21889.0
All qualifying,22,2016,RAPM VORP,0.27852707930367515,8,23782.0
All qualifying,22,2017,RAPM VORP,0.8266113851351351,8,29600.0
All qualifying,22,2018,RAPM VORP,0.3280849827757342,7,34254.0
All qualifying,22,2019,RAPM VORP,0.7995750286095746,10,41944.0
All qualifying,22,2020,RAPM VORP,-0.6538963345013584,7,25399.0
All qualifying,22,2021,RAPM VORP,1.3671751129761138,7,24784.0
All qualifying,22,2022,RAPM VORP,-1.257187296363337,8,30385.0
All qualifying,22,2023,RAPM VORP,0.37062646603230814,8,45190.0
All qualifying,22,2024,RAPM VORP,0.8311766760938281,6,24044.0
Top 20 minutes,18,1997,Age-Adjusted RAPM,3.9183877437219317,2,6610.0
Top 20 minutes,18,2006,Age-Adjusted RAPM,0.3297117981848663,1,1304.0
Top 20 minutes,19,1998,Age-Adjusted RAPM,2.1477117981848663,1,4688.0
Top 20 minutes,19,1999,Age-Adjusted RAPM,3.1837117981848664,1,2101.0
Top 20 minutes,19,2001,Age-Adjusted RAPM,7.662711798184867,1,7911.0
Top 20 minutes,19,2002,Age-Adjusted RAPM,2.1185350016480697,3,11550.0
Top 20 minutes,19,2004,Age-Adjusted RAPM,9.744711798184866,1,11925.0
Top 20 minutes,19,2005,Age-Adjusted RAPM,3.5226789817660595,4,28309.0
Top 20 minutes,19,2006,Age-Adjusted RAPM,-0.5732882018151337,1,4007.0
Top 20 minutes,19,2008,Age-Adjusted RAPM,3.5157117981848662,1,11062.0
Top 20 minutes,19,2009,Age-Adjusted RAPM,1.8567117981848662,1,4674.0
Top 20 minutes,19,2011,Age-Adjusted RAPM,1.9087117981848665,1,5712.0
Top 20 minutes,19,2012,Age-Adjusted RAPM,0.6857117981848666,1,5467.0
Top 20 minutes,19,2013,Age-Adjusted RAPM,4.427940190737106,2,12299.0
Top 20 minutes,19,2014,Age-Adjusted RAPM,5.187287018484261,2,9419.0
Top 20 minutes,19,2015,Age-Adjusted RAPM,5.471424260190945,2,9870.0
Top 20 minutes,19,2016,Age-Adjusted RAPM,1.7593911632642316,2,12600.0
Top 20 minutes,19,2017,Age-Adjusted RAPM,2.269319774582317,3,18981.0
Top 20 minutes,19,2018,Age-Adjusted RAPM,4.392711798184866,1,6867.0
Top 20 minutes,19,2019,Age-Adjusted RAPM,3.2607117981848663,1,5940.0
Top 20 minutes,19,2020,Age-Adjusted RAPM,3.465904709577271,2,5925.0
Top 20 minutes,19,2021,Age-Adjusted RAPM,2.8885582939826016,4,28794.0
Top 20 minutes,19,2022,Age-Adjusted RAPM,2.5105618868373485,4,22560.0
Top 20 minutes,19,2023,Age-Adjusted RAPM,3.8957266831645687,2,12563.0
Top 20 minutes,19,2024,Age-Adjusted RAPM,2.6252802403204365,3,15977.0
Top 20 minutes,20,1997,Age-Adjusted RAPM,2.416548922243303,3,31430.0
Top 20 minutes,20,1999,Age-Adjusted RAPM,3.9010004335382447,1,4504.0
Top 20 minutes,20,2000,Age-Adjusted RAPM,5.733124725217337,4,26824.0
Top 20 minutes,20,2001,Age-Adjusted RAPM,-0.592999566461756,1,1182.0
Top 20 minutes,20,2002,Age-Adjusted RAPM,2.4900936360346724,5,26598.0
Top 20 minutes,20,2003,Age-Adjusted RAPM,2.9935755036376572,5,31384.0
Top 20 minutes,20,2004,Age-Adjusted RAPM,4.016261625419632,4,27788.0
Top 20 minutes,20,2005,Age-Adjusted RAPM,3.2654135081041273,5,24475.0
Top 20 minutes,20,2006,Age-Adjusted RAPM,2.759863895187031,4,17431.0
Top 20 minutes,20,2007,Age-Adjusted RAPM,4.143509789447618,4,20789.0
Top 20 minutes,20,2008,Age-Adjusted RAPM,2.9844309497038704,5,24682.0
Top 20 minutes,20,2009,Age-Adjusted RAPM,3.2675073870254048,7,57597.0
Top 20 minutes,20,2010,Age-Adjusted RAPM,3.6128464459248937,6,47309.0
Top 20 minutes,20,2011,Age-Adjusted RAPM,2.4475416500323184,4,26749.0
Top 20 minutes,20,2012,Age-Adjusted RAPM,3.56423698305299,4,21226.0
Top 20 minutes,20,2013,Age-Adjusted RAPM,2.3706617729598576,4,26280.0
Top 20 minutes,20,2014,Age-Adjusted RAPM,-0.4674557640386433,2,8584.0
Top 20 minutes,20,2015,Age-Adjusted RAPM,2.453748854523034,6,31032.0
Top 20 minutes,20,2016,Age-Adjusted RAPM,2.9089772502039994,10,73156.0
Top 20 minutes,20,2017,Age-Adjusted RAPM,2.144952287861821,5,20978.0
Top 20 minutes,20,2018,Age-Adjusted RAPM,3.787243411852466,10,69677.0
Top 20 minutes,20,2019,Age-Adjusted RAPM,3.7558067745391397,9,76991.0
Top 20 minutes,20,2020,Age-Adjusted RAPM,2.1447703843422192,9,60574.0
Top 20 minutes,20,2021,Age-Adjusted RAPM,2.022716711415711,11,58515.0
Top 20 minutes,20,2022,Age-Adjusted RAPM,2.5511486428047228,7,55145.0
Top 20 minutes,20,2023,Age-Adjusted RAPM,1.8279391782457866,8,51016.0
Top 20 minutes,20,2024,Age-Adjusted RAPM,1.862969563264975,10,55879.0
Top 20 minutes,21,1997,Age-Adjusted RAPM,2.0262045224956458,4,23576.0
Top 20 minutes,21,1998,Age-Adjusted RAPM,-0.5876949352570497,3,21017.0
Top 20 minutes,21,1999,Age-Adjusted RAPM,3.0720181232907007,5,18791.0
Top 20 minutes,21,2000,Age-Adjusted RAPM,2.6113634468263593,3,19142.0
Top 20 minutes,21,2001,Age-Adjusted RAPM,2.017251386073392,8,38755.0
Top 20 minutes,21,2002,Age-Adjusted RAPM,5.060433547439747,7,46793.0
Top 20 minutes,21,2003,Age-Adjusted RAPM,0.8581404108294534,4,25016.0
Top 20 minutes,21,2004,Age-Adjusted RAPM,1.8930556159777507,4,16087.0
Top 20 minutes,21,2005,Age-Adjusted RAPM,6.3246134330170465,2,19180.0
Top 20 minutes,21,2006,Age-Adjusted RAPM,5.047595104982846,5,36156.0
Top 20 minutes,21,2007,Age-Adjusted RAPM,4.599483932101123,7,34889.0
Top 20 minutes,21,2008,Age-Adjusted RAPM,0.23028956936250028,5,24764.0
Top 20 minutes,21,2009,Age-Adjusted RAPM,1.8967039038687281,9,55600.0
Top 20 minutes,21,2010,Age-Adjusted RAPM,0.9317548810815534,2,15542.0
Top 20 minutes,21,2011,Age-Adjusted RAPM,1.3839797806997551,6,31439.0
Top 20 minutes,21,2012,Age-Adjusted RAPM,2.574759544871993,7,31492.0
Top 20 minutes,21,2013,Age-Adjusted RAPM,2.1197464762334923,7,35135.0
Top 20 minutes,21,2014,Age-Adjusted RAPM,1.6893438567847319,8,36642.0
Top 20 minutes,21,2015,Age-Adjusted RAPM,4.275202013393493,6,38760.0
Top 20 minutes,21,2016,Age-Adjusted RAPM,2.183956654048675,4,19890.0
Top 20 minutes,21,2017,Age-Adjusted RAPM,0.5446807649700204,6,25013.0
Top 20 minutes,21,2018,Age-Adjusted RAPM,3.748923956917263,5,44672.0
Top 20 minutes,21,2019,Age-Adjusted RAPM,1.1360449294263832,6,31563.0
Top 20 minutes,21,2020,Age-Adjusted RAPM,2.18736284257169,6,30806.0
Top 20 minutes,21,2021,Age-Adjusted RAPM,1.6578231950240396,2,12512.0
Top 20 minutes,21,2022,Age-Adjusted RAPM,1.6535086573573328,7,38501.0
Top 20 minutes,21,2023,Age-Adjusted RAPM,1.2436596073040602,5,33332.0
Top 20 minutes,21,2024,Age-Adjusted RAPM,3.482196505217682,4,30107.0
Top 20 minutes,22,1997,Age-Adjusted RAPM,0.7593957228631367,9,38603.0
Top 20 minutes,22,1998,Age-Adjusted RAPM,3.7453249249316527,9,61598.0
Top 20 minutes,22,1999,Age-Adjusted RAPM,3.9380317865877914,7,21756.0
Top 20 minutes,22,2000,Age-Adjusted RAPM,1.811646778118697,7,30280.0
Top 20 minutes,22,2001,Age-Adjusted RAPM,0.007235547633336033,5,21101.0
Top 20 minutes,22,2002,Age-Adjusted RAPM,0.8610230323368623,5,21909.0
Top 20 minutes,22,2003,Age-Adjusted RAPM,1.2641508735821674,9,43446.0
Top 20 minutes,22,2004,Age-Adjusted RAPM,1.6427039446034102,7,43211.0
Top 20 minutes,22,2005,Age-Adjusted RAPM,3.22504819989143,9,55696.0
Top 20 minutes,22,2006,Age-Adjusted RAPM,1.710202381684152,9,40307.0
Top 20 minutes,22,2007,Age-Adjusted RAPM,1.7238774126985967,9,40320.0
Top 20 minutes,22,2008,Age-Adjusted RAPM,0.49651255732483723,9,44909.0
Top 20 minutes,22,2009,Age-Adjusted RAPM,2.6972786682136447,3,21219.0
Top 20 minutes,22,2010,Age-Adjusted RAPM,2.0522819281442337,12,62006.0
Top 20 minutes,22,2011,Age-Adjusted RAPM,1.262500198854958,9,44146.0
Top 20 minutes,22,2012,Age-Adjusted RAPM,2.047079539381481,8,41587.0
Top 20 minutes,22,2013,Age-Adjusted RAPM,1.2493988562364184,7,36517.0
Top 20 minutes,22,2014,Age-Adjusted RAPM,1.465534914486822,8,39034.0
Top 20 minutes,22,2015,Age-Adjusted RAPM,-0.4055371890917321,6,20640.0
Top 20 minutes,22,2016,Age-Adjusted RAPM,1.6458475577935865,4,17392.0
Top 20 minutes,22,2017,Age-Adjusted RAPM,1.405094528547412,6,26859.0
Top 20 minutes,22,2018,Age-Adjusted RAPM,2.274435608479218,4,28867.0
Top 20 minutes,22,2019,Age-Adjusted RAPM,1.9904683800106604,4,30953.0
Top 20 minutes,22,2020,Age-Adjusted RAPM,1.7155404592813486,3,20096.0
Top 20 minutes,22,2021,Age-Adjusted RAPM,2.2264446176816826,3,17568.0
Top 20 minutes,22,2022,Age-Adjusted RAPM,0.04292422500701264,2,13075.0
Top 20 minutes,22,2023,Age-Adjusted RAPM,1.7307893063000084,5,39263.0
Top 20 minutes,22,2024,Age-Adjusted RAPM,3.0300950790140035,3,18245.0
Top 20 minutes,18,1997,Avg MPG,12.856494522691705,2,1561.0
Top 20 minutes,18,2006,Avg MPG,7.3478260869565215,1,338.0
Top 20 minutes,19,1998,Avg MPG,18.421875,1,1179.0
Top 20 minutes,19,1999,Avg MPG,12.108695652173912,1,557.0
Top 20 minutes,19,2001,Avg MPG,26.333333333333332,1,2133.0
Top 20 minutes,19,2002,Avg MPG,14.499521822291774,3,2969.0
Top 20 minutes,19,2004,Avg MPG,39.51898734177215,1,3122.0
Top 20 minutes,19,2005,Avg MPG,27.964384490395403,4,7393.0
Top 20 minutes,19,2006,Avg MPG,17.540983606557376,1,1070.0
Top 20 minutes,19,2008,Avg MPG,34.6,1,2768.0
Top 20 minutes,19,2009,Avg MPG,17.92063492063492,1,1129.0
Top 20 minutes,19,2011,Avg MPG,19.67948717948718,1,1535.0
Top 20 minutes,19,2012,Avg MPG,23.095238095238095,1,1455.0
Top 20 minutes,19,2013,Avg MPG,23.33910256410256,2,3268.0
Top 20 minutes,19,2014,Avg MPG,17.44318181818182,2,2430.0
Top 20 minutes,19,2015,Avg MPG,19.557991696938245,2,2614.0
Top 20 minutes,19,2016,Avg MPG,21.01842105263158,2,3109.0
Top 20 minutes,19,2017,Avg MPG,21.151012012033572,3,4596.0
Top 20 minutes,19,2018,Avg MPG,21.871794871794872,1,1706.0
Top 20 minutes,19,2019,Avg MPG,26.120689655172413,1,1515.0
Top 20 minutes,19,2020,Avg MPG,23.837719298245613,2,1422.0
Top 20 minutes,19,2021,Avg MPG,28.273652536131827,4,6856.0
Top 20 minutes,19,2022,Avg MPG,22.097652116402116,4,5339.0
Top 20 minutes,19,2023,Avg MPG,22.191853233830845,2,3071.0
Top 20 minutes,19,2024,Avg MPG,23.877708825847122,3,3828.0
Top 20 minutes,20,1997,Avg MPG,35.310359786433686,3,8096.0
Top 20 minutes,20,1999,Avg MPG,19.76,1,988.0
Top 20 minutes,20,2000,Avg MPG,23.371706423222925,4,6859.0
Top 20 minutes,20,2001,Avg MPG,7.325,1,293.0
Top 20 minutes,20,2002,Avg MPG,20.81156233126559,5,6651.0
Top 20 minutes,20,2003,Avg MPG,23.14877765911486,5,8012.0
Top 20 minutes,20,2004,Avg MPG,23.93157671423314,4,7313.0
Top 20 minutes,20,2005,Avg MPG,18.38575725181122,5,6299.0
Top 20 minutes,20,2006,Avg MPG,18.33273364725637,4,4494.0
Top 20 minutes,20,2007,Avg MPG,17.564879564879565,4,5132.0
Top 20 minutes,20,2008,Avg MPG,19.74076505689368,5,6192.0
Top 20 minutes,20,2009,Avg MPG,26.704684011278562,7,14627.0
Top 20 minutes,20,2010,Avg MPG,26.093550678928622,6,11840.0
Top 20 minutes,20,2011,Avg MPG,24.517158940023165,4,6894.0
Top 20 minutes,20,2012,Avg MPG,22.991068461282822,4,5500.0
Top 20 minutes,20,2013,Avg MPG,27.306012533896215,4,6983.0
Top 20 minutes,20,2014,Avg MPG,13.929705215419501,2,1838.0
Top 20 minutes,20,2015,Avg MPG,22.291035180397888,6,7842.0
Top 20 minutes,20,2016,Avg MPG,25.156937419242734,10,17931.0
Top 20 minutes,20,2017,Avg MPG,16.324343545307922,5,4821.0
Top 20 minutes,20,2018,Avg MPG,23.558134593165114,10,16272.0
Top 20 minutes,20,2019,Avg MPG,28.18600243067032,9,18265.0
Top 20 minutes,20,2020,Avg MPG,25.65022744364042,9,13707.0
Top 20 minutes,20,2021,Avg MPG,21.639417535967148,11,12793.0
Top 20 minutes,20,2022,Avg MPG,26.84801304592127,7,13128.0
Top 20 minutes,20,2023,Avg MPG,23.403082556879554,8,12309.0
Top 20 minutes,20,2024,Avg MPG,21.919225159709192,10,13530.0
Top 20 minutes,21,1997,Avg MPG,21.158004258614014,4,6122.0
Top 20 minutes,21,1998,Avg MPG,24.03791841960856,3,5508.0
Top 20 minutes,21,1999,Avg MPG,22.519265719866954,5,4999.0
Top 20 minutes,21,2000,Avg MPG,23.488176252132888,3,4968.0
Top 20 minutes,21,2001,Avg MPG,17.71025705489707,8,10096.0
Top 20 minutes,21,2002,Avg MPG,23.556549682297806,7,11945.0
Top 20 minutes,21,2003,Avg MPG,23.200026455026453,4,6175.0
Top 20 minutes,21,2004,Avg MPG,17.8472821664551,4,4217.0
Top 20 minutes,21,2005,Avg MPG,29.478048780487804,2,4651.0
Top 20 minutes,21,2006,Avg MPG,23.906199508007393,5,9398.0
Top 20 minutes,21,2007,Avg MPG,18.38514285451222,7,8573.0
Top 20 minutes,21,2008,Avg MPG,20.178515375098993,5,6297.0
Top 20 minutes,21,2009,Avg MPG,22.237874424650784,9,14750.0
Top 20 minutes,21,2010,Avg MPG,23.548027702499247,2,3833.0
Top 20 minutes,21,2011,Avg MPG,19.397303381045766,6,8114.0
Top 20 minutes,21,2012,Avg MPG,21.091950609847405,7,7795.0
Top 20 minutes,21,2013,Avg MPG,20.32851389946128,7,8673.0
Top 20 minutes,21,2014,Avg MPG,17.02737241814986,8,9281.0
Top 20 minutes,21,2015,Avg MPG,23.354173007630553,6,9726.0
Top 20 minutes,21,2016,Avg MPG,17.392095883210477,4,4946.0
Top 20 minutes,21,2017,Avg MPG,16.233906179406613,6,5909.0
Top 20 minutes,21,2018,Avg MPG,27.695314850570497,5,10127.0
Top 20 minutes,21,2019,Avg MPG,19.877524878347643,6,7461.0
Top 20 minutes,21,2020,Avg MPG,21.201514661424508,6,7115.0
Top 20 minutes,21,2021,Avg MPG,28.594277329420393,2,3019.0
Top 20 minutes,21,2022,Avg MPG,23.37585086829763,7,9258.0
Top 20 minutes,21,2023,Avg MPG,24.108940662761263,5,7971.0
Top 20 minutes,21,2024,Avg MPG,26.577844549618742,4,7322.0
Top 20 minutes,22,1997,Avg MPG,16.060431850102344,9,9787.0
Top 20 minutes,22,1998,Avg MPG,25.01019588125933,9,15738.0
Top 20 minutes,22,1999,Avg MPG,18.239269828810645,7,5564.0
Top 20 minutes,22,2000,Avg MPG,16.876943656821343,7,7443.0
Top 20 minutes,22,2001,Avg MPG,16.984197134933975,5,5303.0
Top 20 minutes,22,2002,Avg MPG,16.760814913849206,5,5345.0
Top 20 minutes,22,2003,Avg MPG,18.010300499495855,9,11166.0
Top 20 minutes,22,2004,Avg MPG,22.494534266423873,7,10832.0
Top 20 minutes,22,2005,Avg MPG,21.450665890502652,9,14006.0
Top 20 minutes,22,2006,Avg MPG,17.728786360863403,9,10637.0
Top 20 minutes,22,2007,Avg MPG,17.726327530774586,9,10298.0
Top 20 minutes,22,2008,Avg MPG,18.847344085383956,9,10970.0
Top 20 minutes,22,2009,Avg MPG,22.760046457607434,3,5426.0
Top 20 minutes,22,2010,Avg MPG,18.179750308136274,12,15338.0
Top 20 minutes,22,2011,Avg MPG,21.34017776232751,9,11368.0
Top 20 minutes,22,2012,Avg MPG,21.899887402566236,8,10657.0
Top 20 minutes,22,2013,Avg MPG,18.312409543779697,7,9438.0
Top 20 minutes,22,2014,Avg MPG,18.516080682339393,8,9891.0
Top 20 minutes,22,2015,Avg MPG,19.485665307772567,6,5257.0
Top 20 minutes,22,2016,Avg MPG,17.05268579459756,4,3868.0
Top 20 minutes,22,2017,Avg MPG,18.280724265332115,6,6487.0
Top 20 minutes,22,2018,Avg MPG,24.318576950113034,4,7188.0
Top 20 minutes,22,2019,Avg MPG,23.415334491850583,4,7259.0
Top 20 minutes,22,2020,Avg MPG,26.17775372775373,3,4365.0
Top 20 minutes,22,2021,Avg MPG,23.957027116402116,3,4285.0
Top 20 minutes,22,2022,Avg MPG,23.784632034632033,2,3078.0
Top 20 minutes,22,2023,Avg MPG,23.03626988202213,5,8864.0
Top 20 minutes,22,2024,Avg MPG,20.340321286166514,3,4387.0
Top 20 minutes,18,1997,BRef BPM,-1.097565663036515,2,1561.0
Top 20 minutes,18,2006,BRef BPM,-6.900000000000001,1,338.0
Top 20 minutes,19,1998,BRef BPM,0.6,1,1179.0
Top 20 minutes,19,1999,BRef BPM,-2.1,1,557.0
Top 20 minutes,19,2001,BRef BPM,-0.5,1,2133.0
Top 20 minutes,19,2002,BRef BPM,-3.6892893230043784,3,2969.0
Top 20 minutes,19,2004,BRef BPM,1.7,1,3122.0
Top 20 minutes,19,2005,BRef BPM,-1.1431218720411198,4,7393.0
Top 20 minutes,19,2006,BRef BPM,-2.5,1,1070.0
Top 20 minutes,19,2008,BRef BPM,-0.1,1,2768.0
Top 20 minutes,19,2009,BRef BPM,-2.3,1,1129.0
Top 20 minutes,19,2011,BRef BPM,-3.2,1,1535.0
Top 20 minutes,19,2012,BRef BPM,-4.6,1,1455.0
Top 20 minutes,19,2013,BRef BPM,-0.6601897184822522,2,3268.0
Top 20 minutes,19,2014,BRef BPM,-2.6535390946502058,2,2430.0
Top 20 minutes,19,2015,BRef BPM,-3.8121652639632746,2,2614.0
Top 20 minutes,19,2016,BRef BPM,-3.733708587970408,2,3109.0
Top 20 minutes,19,2017,BRef BPM,-3.653089643167972,3,4596.0
Top 20 minutes,19,2018,BRef BPM,-5.0,1,1706.0
Top 20 minutes,19,2019,BRef BPM,-0.3,1,1515.0
Top 20 minutes,19,2020,BRef BPM,-2.5661040787623066,2,1422.0
Top 20 minutes,19,2021,BRef BPM,-1.9870770128354724,4,6856.0
Top 20 minutes,19,2022,BRef BPM,-1.8021165012174565,4,5339.0
Top 20 minutes,19,2023,BRef BPM,-0.8,2,3071.0
Top 20 minutes,19,2024,BRef BPM,-2.5028735632183907,3,3828.0
Top 20 minutes,20,1997,BRef BPM,-1.393354743083004,3,8096.0
Top 20 minutes,20,1999,BRef BPM,1.5,1,988.0
Top 20 minutes,20,2000,BRef BPM,-0.7671089080040823,4,6859.0
Top 20 minutes,20,2001,BRef BPM,-7.699999999999999,1,293.0
Top 20 minutes,20,2002,BRef BPM,-1.259524883476169,5,6651.0
Top 20 minutes,20,2003,BRef BPM,-2.1335371942086865,5,8012.0
Top 20 minutes,20,2004,BRef BPM,-1.3859838643511555,4,7313.0
Top 20 minutes,20,2005,BRef BPM,-2.081870138117161,5,6299.0
Top 20 minutes,20,2006,BRef BPM,-3.487449933244326,4,4494.0
Top 20 minutes,20,2007,BRef BPM,-2.00064302416212,4,5132.0
Top 20 minutes,20,2008,BRef BPM,-2.647012273901808,5,6192.0
Top 20 minutes,20,2009,BRef BPM,-0.7599371026184453,7,14627.0
Top 20 minutes,20,2010,BRef BPM,-0.28959459459459463,6,11840.0
Top 20 minutes,20,2011,BRef BPM,-2.1681026979982594,4,6894.0
Top 20 minutes,20,2012,BRef BPM,-0.6632000000000002,4,5500.0
Top 20 minutes,20,2013,BRef BPM,-0.9156236574538166,4,6983.0
Top 20 minutes,20,2014,BRef BPM,-3.9786180631120787,2,1838.0
Top 20 minutes,20,2015,BRef BPM,-3.1765110941086454,6,7842.0
Top 20 minutes,20,2016,BRef BPM,-1.6388433439295074,10,17931.0
Top 20 minutes,20,2017,BRef BPM,-2.468886123210952,5,4821.0
Top 20 minutes,20,2018,BRef BPM,-1.1712082104228123,10,16272.0
Top 20 minutes,20,2019,BRef BPM,-1.0435477689570216,9,18265.0
Top 20 minutes,20,2020,BRef BPM,-2.7041803458087106,9,13707.0
Top 20 minutes,20,2021,BRef BPM,-3.468498397561166,11,12793.0
Top 20 minutes,20,2022,BRef BPM,-1.6446831200487508,7,13128.0
Top 20 minutes,20,2023,BRef BPM,-3.438297180924527,8,12309.0
Top 20 minutes,20,2024,BRef BPM,-2.041522542498152,10,13530.0
Top 20 minutes,21,1997,BRef BPM,-2.0585429598170535,4,6122.0
Top 20 minutes,21,1998,BRef BPM,-1.6881082062454609,3,5508.0
Top 20 minutes,21,1999,BRef BPM,-0.1227245449089817,5,4999.0
Top 20 minutes,21,2000,BRef BPM,0.3060990338164251,3,4968.0
Top 20 minutes,21,2001,BRef BPM,-2.072286053882726,8,10096.0
Top 20 minutes,21,2002,BRef BPM,0.43938886563415647,7,11945.0
Top 20 minutes,21,2003,BRef BPM,-1.6538623481781378,4,6175.0
Top 20 minutes,21,2004,BRef BPM,-2.2542565805074695,4,4217.0
Top 20 minutes,21,2005,BRef BPM,-0.54345302085573,2,4651.0
Top 20 minutes,21,2006,BRef BPM,0.9768248563524154,5,9398.0
Top 20 minutes,21,2007,BRef BPM,-1.545981570045492,7,8573.0
Top 20 minutes,21,2008,BRef BPM,-3.3555820231856437,5,6297.0
Top 20 minutes,21,2009,BRef BPM,-1.4724406779661017,9,14750.0
Top 20 minutes,21,2010,BRef BPM,-2.0424993477693714,2,3833.0
Top 20 minutes,21,2011,BRef BPM,-1.677902390929258,6,8114.0
Top 20 minutes,21,2012,BRef BPM,-1.3600128287363695,7,7795.0
Top 20 minutes,21,2013,BRef BPM,-2.5944540528075635,7,8673.0
Top 20 minutes,21,2014,BRef BPM,-3.5242323025536044,8,9281.0
Top 20 minutes,21,2015,BRef BPM,-1.3777400781410651,6,9726.0
Top 20 minutes,21,2016,BRef BPM,-0.35317428224828146,4,4946.0
Top 20 minutes,21,2017,BRef BPM,-2.716060247080725,6,5909.0
Top 20 minutes,21,2018,BRef BPM,0.2900957835489285,5,10127.0
Top 20 minutes,21,2019,BRef BPM,-1.9857927891703528,6,7461.0
Top 20 minutes,21,2020,BRef BPM,-3.6570906535488406,6,7115.0
Top 20 minutes,21,2021,BRef BPM,-0.5818151705862868,2,3019.0
Top 20 minutes,21,2022,BRef BPM,-2.1687945560596242,7,9258.0
Top 20 minutes,21,2023,BRef BPM,-1.561698657633923,5,7971.0
Top 20 minutes,21,2024,BRef BPM,-1.0074842939087683,4,7322.0
Top 20 minutes,22,1997,BRef BPM,-2.5620721365076116,9,9787.0
Top 20 minutes,22,1998,BRef BPM,-0.10718007370695133,9,15738.0
Top 20 minutes,22,1999,BRef BPM,0.16410855499640542,7,5564.0
Top 20 minutes,22,2000,BRef BPM,-1.8945855165927716,7,7443.0
Top 20 minutes,22,2001,BRef BPM,-3.3798604563454653,5,5303.0
Top 20 minutes,22,2002,BRef BPM,-1.8175678203928904,5,5345.0
Top 20 minutes,22,2003,BRef BPM,-2.2060182697474477,9,11166.0
Top 20 minutes,22,2004,BRef BPM,-2.296187223042836,7,10832.0
Top 20 minutes,22,2005,BRef BPM,-0.6730758246465801,9,14006.0
Top 20 minutes,22,2006,BRef BPM,-2.3922722572153803,9,10637.0
Top 20 minutes,22,2007,BRef BPM,-1.2447077102349968,9,10298.0
Top 20 minutes,22,2008,BRef BPM,-2.2973746581586143,9,10970.0
Top 20 minutes,22,2009,BRef BPM,-2.6521931441208997,3,5426.0
Top 20 minutes,22,2010,BRef BPM,-0.758547398617812,12,15338.0
Top 20 minutes,22,2011,BRef BPM,-1.2369809992962701,9,11368.0
Top 20 minutes,22,2012,BRef BPM,-1.3459228675987613,8,10657.0
Top 20 minutes,22,2013,BRef BPM,-1.6250370841279933,7,9438.0
Top 20 minutes,22,2014,BRef BPM,-1.8840056617126677,8,9891.0
Top 20 minutes,22,2015,BRef BPM,-2.85130302453871,6,5257.0
Top 20 minutes,22,2016,BRef BPM,-0.6285677352637022,4,3868.0
Top 20 minutes,22,2017,BRef BPM,-3.5869585324495143,6,6487.0
Top 20 minutes,22,2018,BRef BPM,-2.097342793544797,4,7188.0
Top 20 minutes,22,2019,BRef BPM,-1.961261881801901,4,7259.0
Top 20 minutes,22,2020,BRef BPM,-2.9211683848797256,3,4365.0
Top 20 minutes,22,2021,BRef BPM,-0.35829638273045505,3,4285.0
Top 20 minutes,22,2022,BRef BPM,-2.8805717998700455,2,3078.0
Top 20 minutes,22,2023,BRef BPM,-1.296356046931408,5,8864.0
Top 20 minutes,22,2024,BRef BPM,0.41955778436289015,3,4387.0
Top 20 minutes,18,1997,BRef VORP,0.2946188340807175,2,1561.0
Top 20 minutes,18,2006,BRef VORP,-0.4000000000000001,1,338.0
Top 20 minutes,19,1998,BRef VORP,0.8,1,1179.0
Top 20 minutes,19,1999,BRef VORP,0.0,1,557.0
Top 20 minutes,19,2001,BRef VORP,0.8,1,2133.0
Top 20 minutes,19,2002,BRef VORP,-0.5050522061300101,3,2969.0
Top 20 minutes,19,2004,BRef VORP,2.9,1,3122.0
Top 20 minutes,19,2005,BRef VORP,0.6158528337616664,4,7393.0
Top 20 minutes,19,2006,BRef VORP,-0.1,1,1070.0
Top 20 minutes,19,2008,BRef VORP,1.3,1,2768.0
Top 20 minutes,19,2009,BRef VORP,-0.1,1,1129.0
Top 20 minutes,19,2011,BRef VORP,-0.5,1,1535.0
Top 20 minutes,19,2012,BRef VORP,-1.0,1,1455.0
Top 20 minutes,19,2013,BRef VORP,0.3466034271725826,2,3268.0
Top 20 minutes,19,2014,BRef VORP,-0.2,2,2430.0
Top 20 minutes,19,2015,BRef VORP,-0.8255929609793421,2,2614.0
Top 20 minutes,19,2016,BRef VORP,-0.6287873914441943,2,3109.0
Top 20 minutes,19,2017,BRef VORP,-0.7820931244560487,3,4596.0
Top 20 minutes,19,2018,BRef VORP,-1.3,1,1706.0
Top 20 minutes,19,2019,BRef VORP,0.7,1,1515.0
Top 20 minutes,19,2020,BRef VORP,-0.14838255977496487,2,1422.0
Top 20 minutes,19,2021,BRef VORP,0.03348891481913651,4,6856.0
Top 20 minutes,19,2022,BRef VORP,0.16643566210900915,4,5339.0
Top 20 minutes,19,2023,BRef VORP,0.454379680885705,2,3071.0
Top 20 minutes,19,2024,BRef VORP,-0.28827063740856845,3,3828.0
Top 20 minutes,20,1997,BRef VORP,0.3770009881422925,3,8096.0
Top 20 minutes,20,1999,BRef VORP,0.9,1,988.0
Top 20 minutes,20,2000,BRef VORP,0.9771978422510571,4,6859.0
Top 20 minutes,20,2001,BRef VORP,-0.4,1,293.0
Top 20 minutes,20,2002,BRef VORP,0.430927680048113,5,6651.0
Top 20 minutes,20,2003,BRef VORP,0.2199700449326011,5,8012.0
Top 20 minutes,20,2004,BRef VORP,0.7815123752222072,4,7313.0
Top 20 minutes,20,2005,BRef VORP,0.07858390220669949,5,6299.0
Top 20 minutes,20,2006,BRef VORP,-0.5493991989319092,4,4494.0
Top 20 minutes,20,2007,BRef VORP,-0.020011691348402187,4,5132.0
Top 20 minutes,20,2008,BRef VORP,-0.14777131782945738,5,6192.0
Top 20 minutes,20,2009,BRef VORP,0.7300334996923498,7,14627.0
Top 20 minutes,20,2010,BRef VORP,1.0600591216216217,6,11840.0
Top 20 minutes,20,2011,BRef VORP,0.07467362924281991,4,6894.0
Top 20 minutes,20,2012,BRef VORP,0.5319454545454545,4,5500.0
Top 20 minutes,20,2013,BRef VORP,0.6135185450379494,4,6983.0
Top 20 minutes,20,2014,BRef VORP,-0.37899891186071816,2,1838.0
Top 20 minutes,20,2015,BRef VORP,-0.4942744197908696,6,7842.0
Top 20 minutes,20,2016,BRef VORP,0.31917349841057396,10,17931.0
Top 20 minutes,20,2017,BRef VORP,-0.16689483509645303,5,4821.0
Top 20 minutes,20,2018,BRef VORP,0.45404375614552606,10,16272.0
Top 20 minutes,20,2019,BRef VORP,0.5066192170818505,9,18265.0
Top 20 minutes,20,2020,BRef VORP,-0.30339972276938787,9,13707.0
Top 20 minutes,20,2021,BRef VORP,-0.6180958336590323,11,12793.0
Top 20 minutes,20,2022,BRef VORP,0.3597577696526509,7,13128.0
Top 20 minutes,20,2023,BRef VORP,-0.5580875781948168,8,12309.0
Top 20 minutes,20,2024,BRef VORP,0.181640798226164,10,13530.0
Top 20 minutes,21,1997,BRef VORP,0.2301208755308723,4,6122.0
Top 20 minutes,21,1998,BRef VORP,0.23496732026143796,3,5508.0
Top 20 minutes,21,1999,BRef VORP,0.7741548309661932,5,4999.0
Top 20 minutes,21,2000,BRef VORP,1.6534621578099837,3,4968.0
Top 20 minutes,21,2001,BRef VORP,0.11698692551505546,8,10096.0
Top 20 minutes,21,2002,BRef VORP,1.5674843030556718,7,11945.0
Top 20 minutes,21,2003,BRef VORP,0.21049392712550608,4,6175.0
Top 20 minutes,21,2004,BRef VORP,0.04728479962058334,4,4217.0
Top 20 minutes,21,2005,BRef VORP,1.0747796172866049,2,4651.0
Top 20 minutes,21,2006,BRef VORP,2.0277718663545437,5,9398.0
Top 20 minutes,21,2007,BRef VORP,0.1785022745829932,7,8573.0
Top 20 minutes,21,2008,BRef VORP,-0.6959028108623154,5,6297.0
Top 20 minutes,21,2009,BRef VORP,0.41404067796610167,9,14750.0
Top 20 minutes,21,2010,BRef VORP,-0.1102269762588051,2,3833.0
Top 20 minutes,21,2011,BRef VORP,0.33062607838304164,6,8114.0
Top 20 minutes,21,2012,BRef VORP,0.3704169339320077,7,7795.0
Top 20 minutes,21,2013,BRef VORP,-0.1026634382566586,7,8673.0
Top 20 minutes,21,2014,BRef VORP,-0.49155263441439506,8,9281.0
Top 20 minutes,21,2015,BRef VORP,0.3911782850092536,6,9726.0
Top 20 minutes,21,2016,BRef VORP,0.7358269308532147,4,4946.0
Top 20 minutes,21,2017,BRef VORP,-0.27755965476391947,6,5909.0
Top 20 minutes,21,2018,BRef VORP,1.7077021822849805,5,10127.0
Top 20 minutes,21,2019,BRef VORP,0.10333735424205867,6,7461.0
Top 20 minutes,21,2020,BRef VORP,-0.5039775122979621,6,7115.0
Top 20 minutes,21,2021,BRef VORP,0.6988406757204373,2,3019.0
Top 20 minutes,21,2022,BRef VORP,0.10522791099589542,7,9258.0
Top 20 minutes,21,2023,BRef VORP,0.02058712834023335,5,7971.0
Top 20 minutes,21,2024,BRef VORP,0.36907948647910416,4,7322.0
Top 20 minutes,22,1997,BRef VORP,0.3334423214468173,9,9787.0
Top 20 minutes,22,1998,BRef VORP,1.563578599567925,9,15738.0
Top 20 minutes,22,1999,BRef VORP,0.8319374550682963,7,5564.0
Top 20 minutes,22,2000,BRef VORP,0.09259707107349187,7,7443.0
Top 20 minutes,22,2001,BRef VORP,-0.48974165566660377,5,5303.0
Top 20 minutes,22,2002,BRef VORP,0.12346117867165576,5,5345.0
Top 20 minutes,22,2003,BRef VORP,0.17284614006806373,9,11166.0
Top 20 minutes,22,2004,BRef VORP,-0.09190361890694243,7,10832.0
Top 20 minutes,22,2005,BRef VORP,0.6065757532486078,9,14006.0
Top 20 minutes,22,2006,BRef VORP,0.09166118266428507,9,10637.0
Top 20 minutes,22,2007,BRef VORP,0.19856282773354048,9,10298.0
Top 20 minutes,22,2008,BRef VORP,-0.08476754785779399,9,10970.0
Top 20 minutes,22,2009,BRef VORP,-0.37379284924437894,3,5426.0
Top 20 minutes,22,2010,BRef VORP,0.6567349067675056,12,15338.0
Top 20 minutes,22,2011,BRef VORP,0.8995777621393385,9,11368.0
Top 20 minutes,22,2012,BRef VORP,0.22913577929999063,8,10657.0
Top 20 minutes,22,2013,BRef VORP,0.5137847001483367,7,9438.0
Top 20 minutes,22,2014,BRef VORP,0.2402588211505409,8,9891.0
Top 20 minutes,22,2015,BRef VORP,-0.1996575993912878,6,5257.0
Top 20 minutes,22,2016,BRef VORP,0.3741726990692865,4,3868.0
Top 20 minutes,22,2017,BRef VORP,-0.5581778942500385,6,6487.0
Top 20 minutes,22,2018,BRef VORP,-0.05043127434613242,4,7188.0
Top 20 minutes,22,2019,BRef VORP,0.07164898746383798,4,7259.0
Top 20 minutes,22,2020,BRef VORP,-0.6140664375715921,3,4365.0
Top 20 minutes,22,2021,BRef VORP,0.5993698949824972,3,4285.0
Top 20 minutes,22,2022,BRef VORP,-0.22014294996751135,2,3078.0
Top 20 minutes,22,2023,BRef VORP,0.4702391696750902,5,8864.0
Top 20 minutes,22,2024,BRef VORP,1.6801230909505356,3,4387.0
Top 20 minutes,18,1997,RAPM VORP,0.5428320726172465,2,6610.0
Top 20 minutes,18,2006,RAPM VORP,-2.057,1,1304.0
Top 20 minutes,19,1998,RAPM VORP,-1.417,1,4688.0
Top 20 minutes,19,1999,RAPM VORP,0.909,1,2101.0
Top 20 minutes,19,2001,RAPM VORP,4.154,1,7911.0
Top 20 minutes,19,2002,RAPM VORP,-0.30158614718614724,3,11550.0
Top 20 minutes,19,2004,RAPM VORP,3.668,1,11925.0
Top 20 minutes,19,2005,RAPM VORP,-0.3538040552474478,4,28309.0
Top 20 minutes,19,2006,RAPM VORP,-2.98,1,4007.0
Top 20 minutes,19,2008,RAPM VORP,-0.872,1,11062.0
Top 20 minutes,19,2009,RAPM VORP,-1.439,1,4674.0
Top 20 minutes,19,2011,RAPM VORP,-0.565,1,5712.0
Top 20 minutes,19,2012,RAPM VORP,-2.899,1,5467.0
Top 20 minutes,19,2013,RAPM VORP,0.7321289535734612,2,12299.0
Top 20 minutes,19,2014,RAPM VORP,1.8779998938316171,2,9419.0
Top 20 minutes,19,2015,RAPM VORP,2.1707729483282674,2,9870.0
Top 20 minutes,19,2016,RAPM VORP,-2.118767142857143,2,12600.0
Top 20 minutes,19,2017,RAPM VORP,-0.9481768610715979,3,18981.0
Top 20 minutes,19,2018,RAPM VORP,0.82,1,6867.0
Top 20 minutes,19,2019,RAPM VORP,-0.45,1,5940.0
Top 20 minutes,19,2020,RAPM VORP,-0.42132202531645563,2,5925.0
Top 20 minutes,19,2021,RAPM VORP,-0.3697157393901506,4,28794.0
Top 20 minutes,19,2022,RAPM VORP,-1.261218794326241,4,22560.0
Top 20 minutes,19,2023,RAPM VORP,0.688619756427605,2,12563.0
Top 20 minutes,19,2024,RAPM VORP,-1.3155854040182766,3,15977.0
Top 20 minutes,20,1997,RAPM VORP,-1.728069710467706,3,31430.0
Top 20 minutes,20,1999,RAPM VORP,1.447,1,4504.0
Top 20 minutes,20,2000,RAPM VORP,2.462727930211751,4,26824.0
Top 20 minutes,20,2001,RAPM VORP,-1.607,1,1182.0
Top 20 minutes,20,2002,RAPM VORP,0.6600255282352054,5,26598.0
Top 20 minutes,20,2003,RAPM VORP,0.09932902115727758,5,31384.0
Top 20 minutes,20,2004,RAPM VORP,0.46939643011371823,4,27788.0
Top 20 minutes,20,2005,RAPM VORP,1.425704759959142,5,24475.0
Top 20 minutes,20,2006,RAPM VORP,0.977185187309965,4,17431.0
Top 20 minutes,20,2007,RAPM VORP,1.9678119197652606,4,20789.0
Top 20 minutes,20,2008,RAPM VORP,1.3916664775950085,5,24682.0
Top 20 minutes,20,2009,RAPM VORP,-0.2785985207562894,7,57597.0
Top 20 minutes,20,2010,RAPM VORP,0.7435470417890887,6,47309.0
Top 20 minutes,20,2011,RAPM VORP,-0.8020832180642267,4,26749.0
Top 20 minutes,20,2012,RAPM VORP,0.6743276641854331,4,21226.0
Top 20 minutes,20,2013,RAPM VORP,-0.7263365296803654,4,26280.0
Top 20 minutes,20,2014,RAPM VORP,-1.061456197576887,2,8584.0
Top 20 minutes,20,2015,RAPM VORP,-0.5497977571539058,6,31032.0
Top 20 minutes,20,2016,RAPM VORP,-0.4267157034282902,10,73156.0
Top 20 minutes,20,2017,RAPM VORP,0.1013319191533988,5,20978.0
Top 20 minutes,20,2018,RAPM VORP,0.6047375317536634,10,69677.0
Top 20 minutes,20,2019,RAPM VORP,0.42156631294566893,9,76991.0
Top 20 minutes,20,2020,RAPM VORP,-1.2302926833294814,9,60574.0
Top 20 minutes,20,2021,RAPM VORP,0.12546644450140995,11,58515.0
Top 20 minutes,20,2022,RAPM VORP,-0.8111642578656271,7,55145.0
Top 20 minutes,20,2023,RAPM VORP,-0.928355711933511,8,51016.0
Top 20 minutes,20,2024,RAPM VORP,-0.9937217559369351,10,55879.0
Top 20 minutes,21,1997,RAPM VORP,-0.09459547845266367,4,23576.0
Top 20 minutes,21,1998,RAPM VORP,-2.44754541561593,3,21017.0
Top 20 minutes,21,1999,RAPM VORP,0.9726784098770688,5,18791.0
Top 20 minutes,21,2000,RAPM VORP,-0.14318623968237373,3,19142.0
Top 20 minutes,21,2001,RAPM VORP,0.868940498000258,8,38755.0
Top 20 minutes,21,2002,RAPM VORP,3.35253099822623,7,46793.0
Top 20 minutes,21,2003,RAPM VORP,-1.172304245283019,4,25016.0
Top 20 minutes,21,2004,RAPM VORP,0.5353190775160067,4,16087.0
Top 20 minutes,21,2005,RAPM VORP,3.8401483315954117,2,19180.0
Top 20 minutes,21,2006,RAPM VORP,2.7397756942139617,5,36156.0
Top 20 minutes,21,2007,RAPM VORP,3.0861455473071744,7,34889.0
Top 20 minutes,21,2008,RAPM VORP,-0.8274511387497981,5,24764.0
Top 20 minutes,21,2009,RAPM VORP,-0.47530365107913675,9,55600.0
Top 20 minutes,21,2010,RAPM VORP,-0.710325054690516,2,15542.0
Top 20 minutes,21,2011,RAPM VORP,0.0519997455389803,6,31439.0
Top 20 minutes,21,2012,RAPM VORP,0.8997614949828528,7,31492.0
Top 20 minutes,21,2013,RAPM VORP,0.3926896541909777,7,35135.0
Top 20 minutes,21,2014,RAPM VORP,0.383481223732329,8,36642.0
Top 20 minutes,21,2015,RAPM VORP,1.8976001031991738,6,38760.0
Top 20 minutes,21,2016,RAPM VORP,0.3958578682755153,4,19890.0
Top 20 minutes,21,2017,RAPM VORP,-0.6480979490664855,6,25013.0
Top 20 minutes,21,2018,RAPM VORP,0.7390080811246416,5,44672.0
Top 20 minutes,21,2019,RAPM VORP,-0.22407752748471313,6,31563.0
Top 20 minutes,21,2020,RAPM VORP,0.2038053301304941,6,30806.0
Top 20 minutes,21,2021,RAPM VORP,-0.14929427749360616,2,12512.0
Top 20 minutes,21,2022,RAPM VORP,-0.4848562375003248,7,38501.0
Top 20 minutes,21,2023,RAPM VORP,-0.6528841053642147,5,33332.0
Top 20 minutes,21,2024,RAPM VORP,1.13101295379812,4,30107.0
Top 20 minutes,22,1997,RAPM VORP,-0.28857878921327357,9,38603.0
Top 20 minutes,22,1998,RAPM VORP,1.6478534692684828,9,61598.0
Top 20 minutes,22,1999,RAPM VORP,2.8573203713917996,7,21756.0
Top 20 minutes,22,2000,RAPM VORP,1.0309172721268165,7,30280.0
Top 20 minutes,22,2001,RAPM VORP,-0.3807998673048671,5,21101.0
Top 20 minutes,22,2002,RAPM VORP,0.8097096170523531,5,21909.0
Top 20 minutes,22,2003,RAPM VORP,0.8708719559913456,9,43446.0
Top 20 minutes,22,2004,RAPM VORP,0.2705220198560552,7,43211.0
Top 20 minutes,22,2005,RAPM VORP,2.3285760557311117,9,55696.0
Top 20 minutes,22,2006,RAPM VORP,1.034224477137966,9,40307.0
Top 20 minutes,22,2007,RAPM VORP,0.7824426339285713,9,40320.0
Top 20 minutes,22,2008,RAPM VORP,-0.06497249994433187,9,44909.0
Top 20 minutes,22,2009,RAPM VORP,1.1420146566756209,3,21219.0
Top 20 minutes,22,2010,RAPM VORP,1.041091604038319,12,62006.0
Top 20 minutes,22,2011,RAPM VORP,0.1382297829927967,9,44146.0
Top 20 minutes,22,2012,RAPM VORP,1.228632962223772,8,41587.0
Top 20 minutes,22,2013,RAPM VORP,0.37587375742804724,7,36517.0
Top 20 minutes,22,2014,RAPM VORP,0.2470206742839575,8,39034.0
Top 20 minutes,22,2015,RAPM VORP,-1.1430830910852716,6,20640.0
Top 20 minutes,22,2016,RAPM VORP,0.631621837626495,4,17392.0
Top 20 minutes,22,2017,RAPM VORP,0.9799115752634127,6,26859.0
Top 20 minutes,22,2018,RAPM VORP,0.42907576124987007,4,28867.0
Top 20 minutes,22,2019,RAPM VORP,1.0943877168610474,4,30953.0
Top 20 minutes,22,2020,RAPM VORP,-0.2885051751592356,3,20096.0
Top 20 minutes,22,2021,RAPM VORP,2.094317053734062,3,17568.0
Top 20 minutes,22,2022,RAPM VORP,-1.6733415678776289,2,13075.0
Top 20 minutes,22,2023,RAPM VORP,0.5870649721111479,5,39263.0
Top 20 minutes,22,2024,RAPM VORP,1.7246013154288848,3,18245.0
