Key,Coefficient
2038_off,-0.015373448246878842
2038_def,-0.015679035413202293
200750_off,0.04113366098032962
200750_def,0.0032181780070326274
101110_off,0.0010458738449726514
101110_def,0.011875525165838329
101127_off,-0.007344401967511126
101127_def,0.011446914320522668
200746_off,0.025737754925946165
200746_def,-0.01775239432587644
1495_off,0.011191855592614711
1495_def,-0.03199271626351046
1477_off,-0.01904166709026065
1477_def,-0.007468282675081453
2225_off,0.018848789543432175
2225_def,-0.01560506386282283
101177_off,-0.017910654012612166
101177_def,-0.0033286319682775045
714_off,0.014818638025022238
714_def,0.027842532518798473
2581_off,0.006736766687985075
2581_def,-0.004278050858972594
2588_off,0.04285051278459143
2588_def,-0.010189698470387504
1938_off,0.046304700450342386
1938_def,-0.010164171874933212
2566_off,0.00036119773573973964
2566_def,0.01243867787288651
2592_off,0.009835738299012938
2592_def,-0.004372321628753982
200827_off,0.004351673202840218
200827_def,-4.361450806976768e-05
200771_off,-0.008407604035872887
200771_def,0.015454982249277927
699_off,0.0038356091258891964
699_def,-0.0032849345494673507
101112_off,0.015577967876674884
101112_def,0.008639679535034764
1922_off,-0.016214063270185035
1922_def,0.0013393511964162705
101133_off,-0.015908928075917442
101133_def,-0.01652594463365378
1503_off,0.0014492385087061643
1503_def,-0.013600100999444273
1747_off,0.0002494740086007166
1747_def,-0.0171792043261665
2397_off,0.01577196276936776
2397_def,-0.018817020915611306
2203_off,0.015848064626320685
2203_def,-0.012483632122761741
101236_off,0.010286484880797357
101236_def,-0.012031860465895985
2198_off,-0.019511745838760145
2198_def,0.0038138809672240517
965_off,0.023300126341212906
965_def,-0.0034638419222628703
2575_off,0.006664310709217938
2575_def,-0.012288506731631545
101142_off,0.011677483617959493
101142_def,-0.005524914020762792
977_off,0.029852161424480377
977_def,0.0002989283443416019
2449_off,0.013314075852710466
2449_def,-0.006020613274960234
2229_off,-0.013981208503285596
2229_def,-0.0009020698442405081
200770_off,-0.006301132477485528
200770_def,0.0016973812602414174
1719_off,-0.010723223711170151
1719_def,-0.00549618647548224
101115_off,0.0012533818887708748
101115_def,-0.02175215594005716
2230_off,-1.2214968684557109e-06
2230_def,0.009853783622277831
2567_off,-0.015633126158028147
2567_def,0.002749788291200043
101129_off,0.00079372411463563
101129_def,0.0012081718151715419
87_off,0.0005714861406901667
87_def,-0.004617374343138342
201207_off,-0.0021817962684721835
201207_def,-0.00022650552594200287
2036_off,-0.0007660897844861865
2036_def,0.0057866584979049136
2246_off,0.00991323691123091
2246_def,0.009114471061559022
200758_off,-0.0002921668114549925
200758_def,-0.016431877057768784
2430_off,0.02760925204127135
2430_def,0.01525614488898664
101114_off,0.040244584616608264
101114_def,0.020546281525028413
1905_off,0.01054729588019877
1905_def,-0.010328051612906466
2740_off,-0.004572745398419626
2740_def,0.002725005554381773
101235_off,0.005045447599324486
101235_def,0.005185264369798399
2554_off,-0.00907505037198562
2554_def,-0.010468954859977108
1884_off,0.034232680006830815
1884_def,0.003977995739498451
101145_off,0.011708584690567259
101145_def,0.009895431193625228
200794_off,0.02564663693194095
200794_def,-0.024948532409495246
1733_off,0.023844330925737182
1733_def,0.005353973868016472
2078_off,-0.015372800766516882
2078_def,-0.002679416467736608
1723_off,-0.00839767359332515
1723_def,0.0028674791445149933
2440_off,0.01501616160335952
2440_def,0.008937048645708543
1607_off,-5.966862992181592e-05
1607_def,-5.719168039983678e-05
1921_off,-0.00399826148213234
1921_def,-0.006751658880974567
201158_off,0.005611683922565542
201158_def,0.013186227092080281
101139_off,0.017685268850711533
101139_def,-0.0024845422267328198
101179_off,-0.018058154578716675
101179_def,-0.014122891564654025
1506_off,-0.004337135708989232
1506_def,-0.0005492340437434027
200753_off,-0.0018523238055824934
200753_def,0.005265502802241073
2260_off,-0.01092855925682366
2260_def,-0.007799504060408194
2223_off,-0.0002997385550265736
2223_def,-0.0011002940949328339
2501_off,-0.013111562311793981
2501_def,0.004630852453551354
2738_off,0.0011725357939439947
2738_def,-0.02297021432593121
2584_off,-0.01015301851043863
2584_def,0.010542746062559505
1889_off,0.03378991694870346
1889_def,-0.00035844809915792117
2547_off,0.028128303059964117
2547_def,-0.012605941873962858
2551_off,-0.0014311212494877716
2551_def,-0.005535838425180044
2574_off,-0.006098856555491445
2574_def,0.005547580968286116
200745_off,0.016206372285493435
200745_def,0.03241469032164111
1515_off,0.005859287271784643
1515_def,-0.010400960302727597
1725_off,0.007650379821253224
1725_def,0.004457512088495586
201160_off,-0.012047821230278503
201160_def,-0.005322558096896773
2743_off,-0.001046825454860031
2743_def,7.891026348589737e-05
2594_off,0.015118753612866914
2594_def,-0.015444409115335301
101150_off,0.010615915815198834
101150_def,0.011467750310355851
101181_off,0.02208381400826292
101181_def,0.01492430049909718
2413_off,-0.004182949778019955
2413_def,-0.004208616586535127
2568_off,-0.004034417587243478
2568_def,0.0060007562709326265
200816_off,0.0008726212597242742
200816_def,-4.5856192440285e-06
200760_off,-0.014393583209807315
200760_def,0.003647542369910243
101121_off,-0.014841450455621527
101121_def,0.00753175415806806
1916_off,-0.006241983940393269
1916_def,-0.0018321287325221293
2046_off,-0.0013241502086089546
2046_def,0.0059411821910005744
101106_off,0.004537088145569559
101106_def,-0.04278363527085876
2072_off,0.010438031594773573
2072_def,0.025544613506822002
2590_off,0.006211691707418956
2590_def,0.012790675107120984
201146_off,-0.005060969121789371
201146_def,0.016208585844149942
2730_off,0.023955460527528675
2730_def,-0.03439980338142767
2045_off,0.031781375994120876
2045_def,0.009272507053679244
1740_off,0.016126032775503608
1740_def,-0.009953602617715504
2749_off,0.015334117725645777
2749_def,-0.009665437647439412
2586_off,0.00638034883982781
2586_def,0.005728547160305676
2039_off,-0.009857778234689153
2039_def,-0.003197121842456386
1727_off,-0.0055220962999787985
1727_def,-0.0035786418703800354
101111_off,0.013232970329846145
101111_def,0.030202977454707795
1502_off,-0.009115209764463552
1502_def,-0.007468981266076508
2250_off,0.003373725432379774
2250_def,0.004108947653611009
2294_off,-0.00347393424986948
2294_def,-0.0033909409978640573
2429_off,-0.009378145660300066
2429_def,5.5714596550246615e-05
200755_off,0.008201060675450822
200755_def,0.008692573449347676
2306_off,-0.003931598900049832
2306_def,0.00299158332043997
1913_off,0.003918053151971273
1913_def,-0.0015231157660841564
2772_off,-0.002111451767070121
2772_def,-0.013535442278956826
2767_off,-0.002879284956822441
2767_def,0.015853084316301665
200788_off,-0.0026114374661970778
200788_def,0.0005718301050225581
2240_off,0.002486954811766831
2240_def,-0.0025718868421931206
2406_off,0.026802656353657552
2406_def,0.00013793024903805524
2217_off,-0.004971252075543554
2217_def,-0.013448290147121896
1712_off,0.029444410600974785
1712_def,0.0291778685911375
2052_off,-0.00042440900607839484
2052_def,-0.002370827211902278
1902_off,0.010279392149201868
1902_def,-0.013731380643460042
2224_off,0.0010400581560293086
2224_def,-0.00043669984025573936
2399_off,0.012419387530425681
2399_def,-0.013982540434694457
101122_off,0.037739363241969116
101122_def,-0.005623189062367813
101113_off,-0.01281129949589986
101113_def,0.012406860211071782
2758_off,-0.004184795441436242
2758_def,-0.0006514860322005118
201156_off,-0.009204412030596567
201156_def,0.0001315394464320042
101143_off,0.010720786339978193
101143_def,0.010461773263146694
2605_off,-0.007168521044191281
2605_def,-0.0077996000780555215
201235_off,-0.0003054342954954029
201235_def,-0.0011028599535637166
101154_off,-0.003455663774377267
101154_def,0.003077933412269518
2443_off,0.0004358260600565475
2443_def,-0.0005010758229256002
1498_off,-0.0006499515180659145
1498_def,0.01379902169125735
2427_off,0.0036876596571367966
2427_def,-0.0007584833369798294
2416_off,-0.0045359658736705225
2416_def,0.013707956545090064
101261_off,-0.008143113540959068
101261_def,-0.0031177298440205493
201187_off,-0.020244403745759868
201187_def,0.008457102817569352
200748_off,-0.016971515247097856
200748_def,0.002004675264490359
2550_off,-0.006814107798238025
2550_def,-0.00042654151576497387
1112_off,-0.011967647208115011
1112_def,-0.01809055460012438
2736_off,0.00975454973932947
2736_def,-0.03191051101753398
2732_off,0.015314512967643804
2732_def,0.014170320806745861
2215_off,-0.033693630485400236
2215_def,-0.015623104899646948
2420_off,0.0008286492829170729
2420_def,-0.0006051146691482873
2210_off,0.0042052392209995125
2210_def,0.0024900735076742444
467_off,0.0115906651739087
467_def,-0.015183526538816671
1713_off,0.020869311971057486
1713_def,-0.012685192571272362
693_off,-0.011854236170303699
693_def,0.005682841958308759
200757_off,0.006452671832142588
200757_def,-0.030052911339103927
2804_off,0.01076751649845866
2804_def,0.013296662288671254
2048_off,-0.0004685938148467272
2048_def,-0.019669961004091553
2411_off,-0.013345080589246916
2411_def,0.007608784594378084
2768_off,-0.005792790505962236
2768_def,-0.0031628961374306954
101120_off,0.011459876758850006
101120_def,0.013126148424075876
353_off,-0.011928085423239088
353_def,0.00075331413544425
2124_off,-0.010254837328890421
2124_def,0.012468811251001667
200767_off,-0.008989174611345872
200767_def,0.009388919225722037
224_off,0.003953877316517214
224_def,-0.005873673451845129
711_off,-0.003920562255813423
711_def,0.00603133562179603
2734_off,0.029403248733016467
2734_def,0.018704210610850095
2205_off,-0.0062676632841906455
2205_def,0.003662152563591882
1717_off,0.04718435476447035
1717_def,-0.02225277419201843
980_off,0.01562659755383437
980_def,-0.005238854070253843
1716_off,-0.011881777545983614
1716_def,0.018567291313561225
200789_off,0.003827721234450007
200789_def,-0.0018174326080832432
2400_off,-0.002861208501880701
2400_def,0.025177021584759877
2544_off,0.05226043025831387
2544_def,-0.037862661197242097
1891_off,0.013160008784931053
1891_def,0.007937642988147735
923_off,0.011324837344590253
923_def,0.008943255595244767
1800_off,0.0027037103523016473
1800_def,0.010738304681138048
200826_off,0.0075739572023503735
200826_def,0.007266200802136122
2484_off,-0.016448699647857976
2484_def,0.0022688697540221812
101138_off,-0.0038135731989712945
101138_def,-0.019032176949441773
2239_off,-0.029033838297830978
2239_def,0.011509662655416714
1956_off,-0.008671300430712132
1956_def,0.008454161569893972
101204_off,2.8440405941631118e-05
101204_def,0.0070107152941525025
200769_off,-0.019883852956326737
200769_def,-0.009515129407562451
2200_off,0.02976897486003551
2200_def,-0.006697519490850439
2034_off,0.017824674129433282
2034_def,0.016575378403783682
200752_off,0.0012288784337809511
200752_def,0.012439981451533853
757_off,-0.007188357395539233
757_def,-0.0017295567819483638
2545_off,-0.023566298016228213
2545_def,-0.004673138109219011
2418_off,0.0011068746106312512
2418_def,-0.0010597511064332644
2031_off,-0.011387592538355688
2031_def,-0.0007034510348255765
200768_off,0.011091998240251014
200768_def,-0.022015396735630192
2434_off,0.004841217296413968
2434_def,0.01687578134414172
101124_off,-0.029095402961716414
101124_def,0.03138833723743576
101158_off,-0.0026466227571294667
101158_def,-0.0007911659504803882
2422_off,-0.010362796847355017
2422_def,0.001574595706937507
1802_off,0.02093586916025239
1802_def,0.006287902446114928
2755_off,0.033085259240675104
2755_def,0.03739985509260122
1903_off,0.002706322295914867
1903_def,0.0021873263348291217
2199_off,0.0013346305703963047
2199_def,-0.02823160917252992
101108_off,0.05667003350106662
101108_def,-0.016517513990804197
978_off,0.03489255022429727
978_def,0.012642180077405338
2050_off,0.0006601541000335819
2050_def,0.011349572916913837
2561_off,0.01573116425615186
2561_def,0.0012662620448377852
200763_off,-0.0045877034579091805
200763_def,0.005567648745636546
1517_off,-0.0018659174286589247
1517_def,0.0003107995125351612
1630_off,-0.0003222254736620688
1630_def,0.0033506781414699136
2446_off,-0.026033121623772738
2446_def,-0.005863100946223285
101128_off,-0.014110716011270655
101128_def,0.002547538288411628
200756_off,-0.02345625374191331
200756_def,-0.0011947716608957455
2408_off,0.0034726659830463316
2408_def,-0.00013483371201974975
949_off,-0.0012948357141978298
949_def,0.002210065720608778
2457_off,-0.004679641642444256
2457_def,-0.0024647727741516877
201208_off,-0.0016916537313990644
201208_def,0.001926281916103856
201142_off,0.014426178104091145
201142_def,0.008435148599769005
2248_off,-0.004733234768599773
2248_def,0.0010181362906541663
2555_off,0.011795436613545143
2555_def,-0.010283348183167267
2863_off,-0.026366525451039496
2863_def,-0.003504139763321694
2404_off,-0.010881912748177769
2404_def,0.013218803449291277
2546_off,0.03019482091196593
2546_def,0.019210625403448995
947_off,0.0011410223969393124
947_def,0.0008901765261531427
200821_off,-0.009762783187960668
200821_def,-0.0011707670862948203
2030_off,0.0004433443672280492
2030_def,-0.01712182866427496
948_off,0.001443159906336293
948_def,-0.014636752503153114
2753_off,-0.01579228836143135
2753_def,-0.015567221256411645
101132_off,0.00013288570624326858
101132_def,-0.0026554664103843966
2059_off,0.001148320115763173
2059_def,-0.011738117263761966
1887_off,0.011987220652668731
1887_def,0.0035972232556155865
101130_off,-0.03349585434453549
101130_def,0.00207883799835211
2366_off,-0.004997050115232149
2366_def,-0.00038183625577242216
201145_off,-0.010456078715895024
201145_def,0.028478576624701716
2403_off,0.016028144626382024
2403_def,-0.019716230278518536
101153_off,-0.0014084068423305333
101153_def,-0.0013652571576396662
200754_off,0.00015081185612396435
200754_def,0.001880563698057353
200784_off,-0.008844456854785566
200784_def,-0.0018933159196777307
101144_off,-0.010086566715843397
101144_def,-0.013552088744257815
2212_off,-0.007571221072887437
2212_def,-0.0024912843550172693
739_off,0.01025475717127473
739_def,-0.015922712949647505
1497_off,0.038097655822730406
1497_def,0.0014043857970934778
686_off,0.015824477790090694
686_def,-0.010689193817340582
2419_off,0.012680006716445535
2419_def,0.00959267946685958
201167_off,0.004079091760155084
201167_def,-0.0006887180442691137
406_off,0.01911124072798999
406_def,0.000994292949774942
1729_off,-0.023673269595654366
1729_def,0.019684862664401854
1715_off,0.006032674321428968
1715_def,0.013369853167096095
2748_off,0.0038157929693210632
2748_def,-0.009108254828509675
2617_off,-0.019158664425918466
2617_def,-0.005711354828504997
2436_off,0.010557325028358362
2436_def,-0.001128098096936933
1737_off,0.004120070297126903
1737_def,0.013200772961908004
2470_off,-0.008724559167427566
2470_def,-0.004043890685306751
2553_off,0.003712679125086108
2553_def,0.002080136781328665
297_off,-0.007764505752666295
297_def,-0.004877863369738333
101131_off,0.001719397407281268
101131_def,0.010603415359003561
1548_off,-0.022906523772018107
1548_def,1.8184032423226207e-05
358_off,-0.0048781722310686166
358_def,-0.004595661373659569
2405_off,0.024055941045961822
2405_def,0.018631997459319996
1890_off,-0.002823698921128507
1890_def,-0.005711672195394383
1952_off,-0.002838588823543675
1952_def,0.007295100563449691
959_off,0.07238418638084687
959_def,-0.004785233085585521
255_off,0.005577267432201579
255_def,-0.005158532269564453
2564_off,-0.0013296520770615023
2564_def,-0.015632937359702725
2571_off,0.015313731864488842
2571_def,0.017697820135022448
2556_off,-0.010966484262148801
2556_def,0.004507179443587117
2557_off,0.013224995521237026
2557_def,0.00894395629365
1730_off,-0.018552586390417562
1730_def,0.008477384237235456
2731_off,-0.011561924972885626
2731_def,-0.008015386797626098
101109_off,0.018526418441376053
101109_def,3.484613336657826e-05
2222_off,-0.0015790215505324424
2222_def,-0.025460602585913594
2202_off,0.014474346813229101
2202_def,0.013807836623110185
2056_off,-0.003360418823337087
2056_def,0.010009303682518839
2679_off,-0.01248112754564071
2679_def,0.013954047170164654
200835_off,0.00045679467468124973
200835_def,0.003897281434770277
976_off,-0.0013718967999559824
976_def,0.014739387863011502
200797_off,-0.0204642066529521
200797_def,0.0026342898469172015
201162_off,0.015828961607405944
201162_def,-0.003467827576656095
2063_off,0.0004223062861403075
2063_def,-0.001112159170226279
101161_off,0.013011245025195564
101161_def,-0.03062833566425603
2648_off,-0.0011490792801221877
2648_def,0.0005714933331112918
979_off,-0.012010883166109295
979_def,-0.014653015794050952
201161_off,0.0009393272804792839
201161_def,-0.005699625285668761
200809_off,0.011999698373163357
200809_def,0.01535121087958883
201157_off,-0.0074850487293937696
201157_def,0.009227563449362656
2746_off,0.008339702838178645
2746_def,-0.03983874710777901
101107_off,-0.005569971953415844
101107_def,0.0025328792953443237
2207_off,0.03642301958520881
2207_def,0.0042797003380320026
1533_off,-0.008587985725981125
1533_def,-0.00421284940486522
201143_off,0.019661125402667706
201143_def,-0.0032552636608484506
201151_off,-0.018540432319218102
201151_def,0.0097629216081723
2735_off,-0.001736247502650254
2735_def,0.023535091095473838
1731_off,-0.006677089366230962
1731_def,-0.002390652835489115
436_off,-0.01718356926785773
436_def,0.0067999664948027805
200749_off,-0.01346762197633665
200749_def,0.0102122386645348
201238_off,-0.003003677674616617
201238_def,-0.0012768780121474217
950_off,-0.012986863610398396
950_def,0.004233985517798008
2037_off,0.02372445244017527
2037_def,0.02671343288961055
2201_off,-0.022712946857771255
2201_def,0.019308113753897405
2216_off,0.023835557038752668
2216_def,-0.002710703203111028
2047_off,-0.0017704385340518922
2047_def,-0.0049506597513979365
101126_off,0.010875182927713773
101126_def,0.007553945175612776
101135_off,0.021946171912758175
101135_def,0.028175642370939353
200764_off,-0.0009191949417949709
200764_def,-0.005005872841887594
2410_off,-0.007451418955099277
2410_def,0.014734839840811548
2570_off,0.0010313727495129595
2570_def,-0.008405217420234855
708_off,0.020391785910905055
708_def,-0.05459206162371414
1718_off,0.018081346521908865
1718_def,-0.025116548950241513
951_off,0.03325037831882423
951_def,0.00026137895420008764
200765_off,0.008412367827737154
200765_def,-0.0022734486429470857
2243_off,0.0022962506628052674
2243_def,0.002234577021776222
2754_off,-0.0049184471922345254
2754_def,-0.037594133283390875
2067_off,0.0035789938067849335
2067_def,-0.010143885936777718
1513_off,0.0023770157026164686
1513_def,-0.0012653687714047498
200796_off,0.005485403783595593
200796_def,-0.006093373791654501
201175_off,-0.014853023115593462
201175_def,-0.002954379460872456
201153_off,0.0006739786046316242
201153_def,-0.004456879295875022
1763_off,-0.0036800973135600974
1763_def,0.006305407073282347
201192_off,-0.001262422019110043
201192_def,0.0014646105359318526
1711_off,-0.006044776815666097
1711_def,0.0014857887197247568
101119_off,0.0003431882383288655
101119_def,0.004543406754386823
101155_off,0.005293630929532167
101155_def,0.003465996823783886
2744_off,0.012559355901321468
2744_def,0.019270426745057707
2742_off,0.005365105939000988
2742_def,0.010793876411850227
689_off,-0.0015723866805326372
689_def,0.007456583446487564
1761_off,-0.0038095744828501956
1761_def,0.005487714418727016
200783_off,-0.008433423913032659
200783_def,0.0038584395612717612
2060_off,-0.005079993380883455
2060_def,-0.005555865882752411
201147_off,-0.012394727505408903
201147_def,-0.002795534650726701
952_off,-0.0005857866178330099
952_def,-0.0023250366612277583
201189_off,-0.007469004143025404
201189_def,0.009990441617824992
2137_off,0.0040477533477761675
2137_def,-0.022655816821802108
2209_off,0.018582238801151126
2209_def,-0.005264066450783025
201159_off,-0.007450873328633806
201159_def,0.013870718048693598
2756_off,0.008729286654470121
2756_def,0.019886161013324147
201199_off,0.00028525347291087833
201199_def,0.0012954321519782683
2549_off,-0.01800816412869224
2549_def,-0.02043057328766967
1739_off,0.0004339521024480576
1739_def,0.0021980662468839645
1894_off,-0.0019513605219056225
1894_def,0.018254282302087255
2624_off,-0.025336852892126168
2624_def,-0.021923417152216174
208_off,0.0049899715714585595
208_def,0.00479038392520363
1749_off,0.00420674294479136
1749_def,0.007422330741143647
1501_off,0.0024755953608516334
1501_def,-0.0034488218359543105
201154_off,-0.00835833244748047
201154_def,0.02132344032933479
1510_off,-0.02511759209452447
1510_def,-0.017319562047977275
200781_off,-0.010406022853404537
200781_def,-0.0011928294351739128
2810_off,0.0004244083024357771
2810_def,0.0070234359709412525
101211_off,-0.009674546730259196
101211_def,-0.003383245676424445
2572_off,0.015900871235180494
2572_def,-0.010275710044363473
200772_off,-0.004875883680848331
200772_def,-0.0009380223957128774
201174_off,0.0019122989684221194
201174_def,-0.004224955704275044
1899_off,-0.007069697735924419
1899_def,-0.001795709187873381
2741_off,-0.0005570888262625961
2741_def,0.006989875020025459
2424_off,0.005504619094841725
2424_def,0.0038442941011028863
2694_off,-0.015332325496905198
2694_def,0.0222733928851771
101123_off,-0.007098926799864084
101123_def,-0.004127032682206059
1888_off,0.006567811974106488
1888_def,-0.002077720073794738
2562_off,-0.02914650173382787
2562_def,-0.0016524146304967367
201176_off,-0.003356263199427917
201176_def,0.0012314377752666377
1507_off,-0.008141806833546249
1507_def,0.004945015054160367
1752_off,-0.015053567214769477
1752_def,0.0023811818712411617
201169_off,-0.0005667777552609999
201169_def,0.007168397490395486
200780_off,-0.02975493574380442
200780_def,-0.0007595423436627093
2747_off,0.030167550699010292
2747_def,-0.003322709115332703
200081_off,0.013809448239655788
200081_def,-0.0018236327733910564
1720_off,-0.002692717821836989
1720_def,-0.00195847750424163
201181_off,-0.000979737477005312
201181_def,0.0012552964022192734
201149_off,0.0111404455583689
201149_def,-0.008401111364127106
1425_off,-0.0035450460944672487
1425_def,0.006520895328455391
201148_off,-0.008106511474352828
201148_def,-0.004874581755266809
448_off,-3.481675090982576e-05
448_def,0.00030740637952403517
201152_off,0.01862070517858503
201152_def,-0.01602775385898658
101136_off,-0.006667940195855822
101136_def,0.00462883892216155
2211_off,0.000911093721267947
2211_def,0.014825620100317901
200761_off,0.001047725222212661
200761_def,0.009914626347425886
200792_off,-0.0030689061243618946
200792_def,0.006760182539749357
201165_off,-0.009316188978917056
201165_def,-0.004496006072815659
2073_off,-0.007937120291086945
2073_def,0.005764301712598508
201144_off,0.03406690460799154
201144_def,1.9631943350060938e-05
201186_off,-0.001308757576271227
201186_def,0.0008447874910635952
201172_off,-0.006254257554139189
201172_def,-0.0032385821768544584
990_off,-0.009444137717564971
990_def,-0.005158844337762455
200814_off,-0.00019373155608003794
200814_def,-0.005418348629830632
1885_off,0.024002379302752015
1885_def,-0.01669316538826927
200759_off,-0.0017419396426461176
200759_def,0.003407002010387135
2751_off,-0.0015210207879019653
2751_def,-0.001997736495927758
201150_off,-0.003681782826692362
201150_def,0.01967951036278215
2757_off,0.01962002828303711
2757_def,0.0014745068113708034
2585_off,-0.002777875076915337
2585_def,-0.0022034216750347222
200776_off,-0.010525744007783977
200776_def,-0.0067225270312390875
200811_off,-0.0025058252832691292
200811_def,-0.006384297402447229
1563_off,-0.008156262347841253
1563_def,-0.0023430327547094044
703_off,-0.02177298847124711
703_def,-0.028842613456478233
956_off,-0.0011125549166873217
956_def,-0.002823178977943756
15_off,-0.00029854138653556054
15_def,-0.002456929679058762
2407_off,-0.0008374710377997885
2407_def,-0.010458161181010209
201163_off,0.0043691835645001415
201163_def,-0.00029133650647604454
201043_off,-0.0049663462869552165
201043_def,0.007637990392132582
2548_off,0.05615875358449668
2548_def,0.0038172455119854527
1897_off,6.918377655391676e-05
1897_def,-0.027846419111531753
2745_off,0.005719925780939059
2745_def,0.0063388571719302554
283_off,-0.0076238082220114025
283_def,0.0010268926140175536
1521_off,-0.018250894617294094
1521_def,-0.013347736138041803
201242_off,-0.0016717828263059981
201242_def,-0.000943573142198884
1766_off,-0.0031985056510885996
1766_def,0.0010711018159699182
2109_off,-0.008589986446630163
2109_def,-0.0038929904509021635
200818_off,-0.0017516760793473305
200818_def,-0.0024321504581832337
200798_off,-0.0005371057567884566
200798_def,-0.0027115274726848566
970_off,-0.002743023199783742
970_def,-0.004684216238175297
200790_off,-0.0005738850671463438
200790_def,-0.000645772495722813
1883_off,-0.0030118049434809378
1883_def,0.0008208101079894826
201166_off,0.00842986300182779
201166_def,0.021085206069356
1559_off,-0.0013562414678959386
1559_def,-0.0035186651642227776
1536_off,0.017429211015615682
1536_def,0.0026430939232828317
201177_off,-0.003487317945427295
201177_def,0.010205322967065463
2788_off,-0.014164730532409561
2788_def,-0.018023649995350284
239_off,0.0008421255358230811
239_def,-0.0037118562549081644
2058_off,-0.004900189151649046
2058_def,-0.008067503807681573
727_off,-0.00643111585110024
727_def,0.0009627202507287399
1853_off,-0.00466858027374318
1853_def,-0.005017067349965325
201171_off,0.01157421680702535
201171_def,0.018505342389845737
201202_off,-0.012885710307877107
201202_def,-0.004398690308533872
2852_off,-0.0029212717812486313
2852_def,0.0023207124601277744
201193_off,-0.001396064767133467
201193_def,-0.00042631703075219604
1741_off,0.000907767074388318
1741_def,0.0005592438960584406
201178_off,0.004674454410612419
201178_def,-0.02108126079894691
109_off,-0.007864133656897358
109_def,-0.007071818811490828
1904_off,0.000834812197512374
1904_def,0.018926258207134387
101183_off,-0.001589762506296215
101183_def,-0.0015636629784285927
953_off,-0.006270106089972177
953_def,-0.011226710972260473
2760_off,0.025932263585895295
2760_def,-0.020186638305911504
2739_off,-0.004132023727513575
2739_def,-0.002422290108343427
2563_off,-0.018346316205887093
2563_def,0.00020097460043548752
2499_off,-0.0027695408868484103
2499_def,-0.0031031468671393284
200766_off,-0.005498636055227364
200766_def,0.020251970536098257
2853_off,-0.0023929143931289234
2853_def,0.006341059492618373
1088_off,-0.004320639203014577
1088_def,0.003956584132046995
200978_off,-0.0007927711454819374
200978_def,0.002740666887839267
201155_off,0.019538072967521723
201155_def,0.001946375024601381
2873_off,-0.00010906602023477931
2873_def,-0.0004400403826012023
201173_off,-0.0011256153406219483
201173_def,0.0005215298600320388
101247_off,-0.0007839022785001404
101247_def,-0.0004885107572986775
2035_off,-9.56349241888957e-05
2035_def,6.39219561611316e-05
200779_off,-0.012405104817127713
200779_def,0.0014799987143567321
201228_off,-0.004708994320890568
201228_def,-0.003484811744682856
200762_off,-0.00421165345628607
200762_def,0.005868237605126856
200799_off,0.0003052001344626908
200799_def,0.0007158369760571971
1710_off,0.0069281260664338425
1710_def,0.016573116536574877
1744_off,0.0
1744_def,0.0
200785_off,-0.0002145718954574558
200785_def,-0.00031832047771046046
200751_off,-0.009252387044301898
200751_def,0.013240228573644777
1863_off,-0.012965666218127883
1863_def,0.003493760581970742
185_off,-0.0038513738738262535
185_def,0.0008059140894387856
2079_off,-0.0006644639262796516
2079_def,-0.0001281807046997277
2669_off,-0.0033772021178409698
2669_def,0.0018857952826930797
101162_off,-0.003944027544311637
101162_def,-0.009686591850088124
2857_off,-2.2512827308959272e-05
2857_def,-0.0004708605639003916
136_off,-0.0015140351403389646
136_def,-6.462299347237326e-05
201196_off,0.0013580466576714816
201196_def,0.010375688772589119
200839_off,-0.0009983752913088075
200839_def,-0.002758217033845224
200984_off,0.0
200984_def,0.0
201336_off,-0.005339175456057995
201336_def,-0.00036871938386399034
2867_off,-0.0030867046465566004
2867_def,-0.0006165030759488335
2254_off,-0.0007233006654619723
2254_def,9.99422522054601e-05
2365_off,0.007741895764743806
2365_def,-0.017135025515858642
1882_off,0.004028653254837628
1882_def,-0.009660680896242136
201565_off,0.03196963616355663
201565_def,0.006439955911606915
201601_off,-0.003911948359101597
201601_def,-0.03152166231780095
201141_off,0.02159466674945144
201141_def,0.009577007493127216
201164_off,0.0055862984325672025
201164_def,-0.008194010412829193
201573_off,0.010334413233377502
201573_def,0.01212414088718863
201587_off,0.016339724281794032
201587_def,0.01302762690633121
1499_off,-0.021362726891409736
1499_def,-0.022055281153948975
101146_off,-0.008441148374963667
101146_def,0.0010306323429985322
2041_off,-0.007395401647969361
2041_def,0.009168212342794352
201583_off,0.03154323184265988
201583_def,-0.021721329890691223
201572_off,-0.0002558205546759698
201572_def,0.0200128039885292
201604_off,-0.013027239699982046
201604_def,-0.0037032143874921966
201580_off,-0.008231011329500451
201580_def,0.024849749686364418
200793_off,-0.0006632206268225909
200793_def,0.0038635905536238226
201596_off,0.0014439720332393479
201596_def,-0.009153351420322892
201563_off,0.004474636819104577
201563_def,0.0025187495289612895
2733_off,-0.009032744744689328
2733_def,-0.016281805948852625
201568_off,0.014799561756884322
201568_def,-0.006293009387911509
201575_off,-0.005064317752097322
201575_def,0.0020084954538627502
201579_off,0.0003761221082498308
201579_def,-0.010035868188102957
201574_off,0.009139058377932812
201574_def,0.008135956876990261
201567_off,0.02404849519640007
201567_def,0.006696397560535693
201566_off,0.02807400282979043
201566_def,-0.004787839797538613
201602_off,-0.00417006783506917
201602_def,-0.006947026122635677
201609_off,0.007046411271138078
201609_def,0.0009171723154076868
201577_off,-0.010322215778988135
201577_def,0.0032212547948353514
201188_off,0.012369274942004824
201188_def,-0.022445002254673333
201564_off,0.013019992846943619
201564_def,0.01786372599967268
201589_off,-0.021260622821473344
201589_def,-0.00855268070074929
201634_off,-0.008638370396528003
201634_def,0.001092849005644935
201569_off,0.015598758384748569
201569_def,0.01905550348480641
201446_off,-0.0035934877810836026
201446_def,0.0030082417596049684
101118_off,-0.006499322301244561
101118_def,0.0012822548536823904
201571_off,0.01275335921612506
201571_def,0.020762027414117985
200747_off,-0.005856699831838762
200747_def,0.011297348778519524
201581_off,-0.007435177764548518
201581_def,0.03208958156108684
201582_off,-0.0023188952030476374
201582_def,-0.0036801651202777235
101194_off,-0.009076252723933424
101194_def,0.005427969170644189
201578_off,-0.008670349910886345
201578_def,0.014579030185369449
201628_off,-0.014984104710971582
201628_def,0.018678051173409267
201590_off,-0.0069528382396748245
201590_def,-0.002954501180455349
2824_off,0.0015434058540623288
2824_def,0.0012290350686965845
201585_off,-0.006109543603724168
201585_def,-0.001144643141736736
201599_off,-0.0005281119270475431
201599_def,0.009657611715655781
201570_off,-0.0015013950325178161
201570_def,0.009074013061429197
101198_off,0.00270843306353376
101198_def,0.022836477078135242
101165_off,0.0005358074914361469
101165_def,0.003486384584236997
201594_off,-0.0007303826259923261
201594_def,-0.0004718118698589851
201584_off,0.012325687049453775
201584_def,0.006355299327982159
201576_off,-0.009221368880056577
201576_def,0.013759203224852704
101189_off,-0.0075659780495391646
101189_def,-0.008347314217120835
201606_off,-0.010334244231924111
201606_def,0.000944276662614135
201588_off,0.007166228909141056
201588_def,-0.005383297130863178
2226_off,-0.0030066046164827446
2226_def,0.0033273079154295736
200801_off,-0.0004938145286722305
200801_def,0.00170192241943829
201611_off,-0.00578085957068588
201611_def,-0.01100507279509378
201229_off,0.01902738846298711
201229_def,-0.001441771828733786
201633_off,-0.009466604768272824
201633_def,0.0038176529869211897
201627_off,0.018079103026250667
201627_def,0.004766752708083334
201595_off,-0.0048441889507250735
201595_def,-0.010538017722226733
201629_off,0.0026431610962679205
201629_def,-3.212930999919175e-05
201631_off,0.0
201631_def,0.0
201616_off,-0.011620981168646459
201616_def,0.0009558841273572663
201180_off,0.0005214122092780929
201180_def,0.0016723025221189506
101214_off,-0.005236455592000858
101214_def,0.016468844032717242
201632_off,0.0015966821906602533
201632_def,-0.015553370698536134
2032_off,-0.01130929940128651
2032_def,0.00334286548938734
201603_off,0.0036364079122919975
201603_def,0.023981897931884835
201605_off,-0.008356271498622558
201605_def,-0.004709886635740382
201858_off,0.00929026491082497
201858_def,-0.001314083190487178
201612_off,-0.0018732518187065683
201612_def,0.006079923885829042
201234_off,-0.004665823947076963
201234_def,-0.0012546930838072971
201592_off,-0.0051720842747165615
201592_def,0.006481083493366485
200822_off,-0.007211228047784478
200822_def,0.0006760183420000741
200778_off,-0.0004148844034626976
200778_def,-0.0005117526541079581
200971_off,-0.0007189801562335913
200971_def,-0.0012673222726487996
201591_off,-0.006941458818688406
201591_def,0.007124872707238331
201621_off,0.0
201621_def,0.0
2431_off,0.00452487684471235
2431_def,-0.001689585576129971
201978_off,0.018321649415207322
201978_def,-0.004892238726591369
201952_off,0.0018281348486426975
201952_def,-0.006596293849405613
201942_off,0.0022724157627185882
201942_def,0.009235472035639326
201945_off,-0.006173002248703089
201945_def,-0.0027101904065676614
201974_off,-0.010600775205399454
201974_def,0.0032681396286195464
201991_off,-0.0005625712028079365
201991_def,-0.006061025930792703
201962_off,0.006126057812375071
201962_def,0.008745880397443048
201941_off,-0.005855239313492279
201941_def,0.020040265370187518
202068_off,-0.001980227641515687
202068_def,0.0014389063828880576
201934_off,-0.012892202921620204
201934_def,0.01411100491334454
201960_off,0.0010653046962262648
201960_def,-0.003558091424298791
201970_off,-0.018195769766677767
201970_def,-0.002241587423377204
201821_off,0.0
201821_def,0.0
201938_off,-0.010855343955660094
201938_def,0.034014713812265354
201944_off,-0.023340600215235527
201944_def,0.008761660476631544
201961_off,-0.017295717699747696
201961_def,-0.002660254251347411
201936_off,-0.011316622931896215
201936_def,-0.002955081350454957
201956_off,-0.008457282553606345
201956_def,-0.0032682625697960863
201935_off,0.045576107870482475
201935_def,-0.013666642335601794
201972_off,0.008515452951320598
201972_def,-0.0011345057159465096
201971_off,-0.0003720741927320244
201971_def,0.01185283821109457
201954_off,0.0010688019786534485
201954_def,0.013072371759289493
202083_off,-0.0017200500933023124
202083_def,-0.0029120048312815416
201951_off,0.021566294383359625
201951_def,-0.00025477297692830345
201953_off,0.007997316670562695
201953_def,-0.017996837431722396
201939_off,0.020125450064772094
201939_def,-0.00010346711660371029
201947_off,-0.031948047159239726
201947_def,0.0028251137548596533
201959_off,-0.007328964761403426
201959_def,-0.030285134532437537
201943_off,0.004555680821303663
201943_def,-0.00019532162024696862
101141_off,0.018557877025004207
101141_def,-0.006430477054700396
201950_off,0.01766764178764761
201950_def,-0.004298688587173445
201949_off,-0.025540380143050774
201949_def,-0.016175415122487043
201948_off,-0.007710509338511928
201948_def,0.010388078433983414
201586_off,-0.0011596294840844636
201586_def,-0.016904512392040202
201985_off,0.004075942129488764
201985_def,-0.006710164337262933
201958_off,-0.01063474014459562
201958_def,0.0061339498123932235
201973_off,-0.0032780753705105793
201973_def,-0.003595438789116469
201966_off,0.001514583039433246
201966_def,0.017435691381212984
201975_off,0.014614506339896511
201975_def,-0.015386922643993118
201981_off,-0.00024439614675984345
201981_def,-0.000257948865926243
201969_off,-0.016518277506919102
201969_def,0.00841898349821484
201946_off,-0.009139745437668191
201946_def,0.009377490108283785
201977_off,0.009088284966262194
201977_def,0.007232650873240723
201967_off,-0.012686494388897334
201967_def,0.0001434490748419359
201980_off,-0.0032304557213986462
201980_def,-0.018025314730178685
201805_off,0.009454756020830514
201805_def,0.012962605526271386
2409_off,-0.0015663727392997036
2409_def,-0.00048101801914805775
1886_off,-0.009240506732085202
1886_def,0.0034415882082310515
201965_off,0.0053021639571451396
201965_def,0.0070180274688534956
201957_off,0.0048254386782109766
201957_def,0.012681689616453221
201988_off,-0.0038118703400930854
201988_def,0.0123448416100456
202178_off,-0.009413367951442863
202178_def,-0.001610797833954698
202132_off,0.0007609695018716477
202132_def,-0.0017079947360391478
101215_off,-0.003845147993512734
101215_def,0.002161404564693868
202087_off,-0.007486044429125531
202087_def,-0.00580439108978669
202066_off,-0.004302414552480546
202066_def,-0.0004660834610835107
202130_off,0.008720330946870419
202130_def,0.026639974623686828
202079_off,0.0
202079_def,0.0
201785_off,0.014395686727132932
201785_def,-0.0010573542674927239
202356_off,-0.005492544058251633
202356_def,-0.003854713278571611
202382_off,-0.0010216350052938024
202382_def,0.004710636178048228
202397_off,-0.009593494966611448
202397_def,-0.007148882923518989
202324_off,-0.021166310996654093
202324_def,-0.012745817799994072
202345_off,-0.010415569344116148
202345_def,-0.013709038899504136
202323_off,-0.01093542636394712
202323_def,-0.02422895950230318
202389_off,-0.0079661326624094
202389_def,0.018611748163587304
202361_off,0.009168614293944263
202361_def,-0.017677239503951187
202333_off,-0.012904141927289052
202333_def,-0.003783926768650288
202348_off,0.001158877710215082
202348_def,0.0259152842023497
202326_off,0.005539192516526024
202326_def,0.0026384130152193696
201593_off,0.003245506783836194
201593_def,0.0009736079657604376
202325_off,-0.0050757464413880675
202325_def,0.004014527290796059
200817_off,-0.008124116660975367
200817_def,0.0027498496309537454
202355_off,-0.003878333687834312
202355_def,-0.0033430786317276656
202336_off,-0.015780119717692446
202336_def,-0.016429672067095422
201600_off,0.004477499970396098
201600_def,-0.029557552202650862
202346_off,-0.020498014730687835
202346_def,0.0039673811141438045
202331_off,0.0056711752201261114
202331_def,-0.021373994260788075
202341_off,0.0018243946461829964
202341_def,-0.00236454602974997
202390_off,0.020125633002578643
202390_def,0.016950392975915385
202330_off,-0.005608964099498395
202330_def,0.003790087414801137
202379_off,-0.006693009118917949
202379_def,0.00596720219374252
201814_off,0.0004058434907520383
201814_def,0.006099721331029276
202399_off,-0.00306510717119124
202399_def,-0.0066721054276404415
201933_off,0.021365713315046112
201933_def,-0.013602526585094619
202329_off,-0.012486576741538984
202329_def,-0.01466336437861316
202339_off,-0.008054840557012588
202339_def,-0.0003148654324065794
202322_off,-0.002759801140608458
202322_def,0.005807105766848817
202344_off,0.013382263061595222
202344_def,0.00918187166599332
202380_off,-0.001812047667226548
202380_def,0.0023839562156875603
202412_off,-0.01026147950202896
202412_def,0.005158757119685449
202396_off,-0.020824083184550684
202396_def,-0.008229658963524731
202351_off,-0.0015512541722446332
202351_def,0.01392444903049095
202391_off,-0.003054589660533594
202391_def,-0.014533412861400984
202328_off,0.012336877880532433
202328_def,0.01856217371739142
202349_off,0.006599615923507678
202349_def,-0.0005503700851500309
202332_off,-0.001017923109042142
202332_def,0.00032290894808422057
202365_off,-0.0046425829403027455
202365_def,0.0039727672316067116
202337_off,-0.008606452050410043
202337_def,0.007538433415572089
201168_off,0.009586979454122948
201168_def,-0.003783218455423651
202378_off,0.0036198351649555038
202378_def,-0.006194734672445376
201623_off,-0.010231468447719598
201623_def,0.00536270945733428
202376_off,-0.010345908320730395
202376_def,0.007204290769497977
202395_off,-0.0009762726085238144
202395_def,0.0032217992459324307
202081_off,-0.0002554961243180266
202081_def,-0.0009305449119861699
202347_off,-0.006021036067676829
202347_def,-0.024826806985554575
202360_off,-5.734618862168459e-05
202360_def,-0.0006337595185125579
202374_off,-0.003070515670300906
202374_def,-0.001265733688258973
202386_off,-0.01924417183045093
202386_def,-0.00033998876015004203
202338_off,-0.01150174415875659
202338_def,0.007590161350197157
202340_off,-0.02279925534301357
202340_def,-0.01512940352713115
202342_off,0.00012037129187542227
202342_def,0.0033498191434096153
101249_off,0.00739335306365145
101249_def,-0.015419827597304231
202334_off,-0.03172264374976289
202334_def,0.012783532248100127
202327_off,0.020438021711138024
202327_def,-0.03481603303852988
202335_off,-0.0062757077666724835
202335_def,-0.000992638711415989
202371_off,0.0
202371_def,0.0
201963_off,-0.012907395422202973
201963_def,0.016483986457941958
202220_off,-0.0036158103329846183
202220_def,0.003466905602224633
202082_off,-0.0078771515751459
202082_def,-0.006588468131305056
201203_off,0.0020157018891542445
201203_def,0.0038159558530992187
202419_off,-0.006499520752263866
202419_def,0.006081471482276873
202362_off,-0.00913152669982064
202362_def,0.004516003678962176
202408_off,-0.0005963065088760934
202408_def,0.0005653066479697082
201607_off,-0.0003390710280255115
201607_def,-0.00031921491675699775
202354_off,-0.0031140781049664944
202354_def,-0.0062029395451141806
202377_off,-0.00027163436755808025
202377_def,-0.00035825510575277565
202697_off,-0.012318411409009515
202697_def,-0.020740457007624457
202725_off,-0.005278079117084862
202725_def,-0.02416423182306341
202708_off,-0.013256661304789061
202708_def,-0.0032784951201651215
202227_off,-0.0076695406273645204
202227_def,0.007681203798888597
202148_off,-0.002530718646701816
202148_def,-0.003929692721972409
202726_off,-0.007533230889479856
202726_def,-0.004151252389275388
202691_off,0.004356380800091031
202691_def,0.0007084726233069923
202724_off,-0.016154114815594447
202724_def,0.007994019355611242
202719_off,-0.0005276407507914988
202719_def,0.006117796481738583
202698_off,6.73553371431119e-05
202698_def,-0.01429696769431453
202705_off,-0.009663287703051948
202705_def,0.015119020330422506
202714_off,-0.012657265500235887
202714_def,-0.0017083391343167941
202689_off,-0.027953566405867353
202689_def,0.004709723798075289
202687_off,-0.0255144329615799
202687_def,0.005811998911042452
202720_off,0.004477915898167484
202720_def,0.00016377743218798686
202694_off,-0.004409250790222893
202694_def,-0.000640693850111468
202712_off,-0.00013224869680734033
202712_def,-0.00045604895813211664
202681_off,0.002477561111388957
202681_def,0.012517674195913021
202684_off,-0.015345510525415142
202684_def,0.004354936033739441
202688_off,-0.0215226955968923
202688_def,-0.0026648249092517734
201937_off,-0.0024946876721756383
201937_def,-0.025529411143615063
202682_off,-0.0060254414845116264
202682_def,-0.0018412465924059656
202695_off,0.007656598620883552
202695_def,0.004909925963416421
202951_off,-0.022375274122151532
202951_def,-0.0026900921079135954
202709_off,0.004413080118400843
202709_def,0.012450520185009877
202693_off,-0.013010339415795416
202693_def,-0.006130658994491216
201291_off,-0.0009949593658834961
201291_def,-0.002796941725210451
202690_off,-0.00791375798943
202690_def,0.010336288003440724
202738_off,0.02102044552150977
202738_def,0.0056539108028967385
202701_off,-0.016252604189628678
202701_def,0.0006554375546544038
202862_off,-0.001009391303600903
202862_def,0.0003121602647405407
201274_off,-0.016919992685077174
201274_def,0.003766708050303952
202343_off,-0.0038514363015006627
202343_def,-0.002307114894899485
202683_off,-0.02605510902085996
202683_def,0.0017452320018547772
202692_off,-0.0026031576474205786
202692_def,0.0017182486473843114
202731_off,0.00033947586532570047
202731_def,0.0
202729_off,-0.0031029792137627836
202729_def,0.0029035617969528937
2668_off,0.0016982247958981982
2668_def,0.002424128988825816
201880_off,-0.021068915770169956
201880_def,-0.0055583709404018605
202734_off,-0.011524690845574719
202734_def,-0.004309226150471051
202707_off,-0.009492728613399703
202707_def,0.006669985371655248
202498_off,-0.008768796352789026
202498_def,0.0028756477026839534
202717_off,-0.0008295945462944925
202717_def,0.0032834058906390474
202727_off,0.00031871424905336685
202727_def,0.0006387462998233678
202702_off,-0.00032406757600067596
202702_def,0.01192762382257379
202696_off,-0.006418804836365823
202696_def,-0.014208756817707334
202366_off,-0.001854602302578188
202366_def,-0.0012478135297326368
202718_off,0.001699851967109342
202718_def,-0.014988467566734075
202704_off,-0.00864940450090425
202704_def,-0.011998680544618806
202715_off,-0.0012528422583953198
202715_def,0.0010427027101575477
202874_off,-0.002150416402198141
202874_def,0.0028986992755668413
202809_off,-0.007315468389546538
202809_def,0.007158390154872704
202710_off,0.0004840613385033914
202710_def,-0.0066681546499030965
202970_off,0.0052439627122149645
202970_def,-0.006255802043467051
202716_off,0.006226512171017795
202716_def,0.0010330080318501917
202814_off,-0.000541108382901558
202814_def,-0.0009810159034218207
202730_off,-0.005251749830016883
202730_def,-0.016603732026849786
202699_off,0.0027530557805687554
202699_def,0.004874517214385677
202359_off,-0.00041181777869255144
202359_def,0.0002640478466811083
202686_off,-0.012753412724335576
202686_def,-0.0009378300178570612
202388_off,-0.004402177183629834
202388_def,0.002454909918245257
202933_off,-0.004485997214798114
202933_def,0.00400500214182345
202721_off,-0.009533681510381324
202721_def,-0.0014470432871362098
202952_off,0.0
202952_def,0.0009491862396284784
202622_off,-0.005844353981586212
202622_def,0.0032135898181610235
201041_off,-0.010042165464304417
201041_def,-0.0019681575100335825
202706_off,0.003042354608957607
202706_def,0.003663942395445449
202350_off,-0.003159646977914416
202350_def,-0.002040707346091565
202385_off,0.0
202385_def,0.0
2765_off,-0.0019872393237266466
2765_def,-0.0015661333833310563
202962_off,-0.0010794024546193104
202962_def,0.001084166560921199
202732_off,-0.00011309635108263306
202732_def,0.003138153276165843
201286_off,-0.0008727856421836206
201286_def,0.002083129081003564
202880_off,0.00038408930111555643
202880_def,-0.0013269661234899493
202723_off,-0.008337085155614979
202723_def,5.755808940180224e-05
202536_off,-0.0031087621412185214
202536_def,-0.0018199179218842958
202775_off,-0.00592915641702703
202775_def,0.0029791224118774356
202458_off,-0.009941088832489373
202458_def,-0.0034670338444763226
202728_off,0.0006299423425836396
202728_def,-0.0009059451529100422
101187_off,-0.0026067552224850565
101187_def,-0.0004909590332035788
202406_off,0.0016433041475400045
202406_def,-0.0007338945403803975
META_home,0.03652151236631136
META_rb_q1,3.391912266941897e-05
META_rb_q2,0.0006487971899607237
META_rb_q3,0.0005749125114333061
META_rb_q4,0.00024408699294176429
META_fatigue,0.016814905109795733
