key,coef
101108_def,-0.036105463077494945
101108_off,0.004852358759932979
101139_def,0.0008545064708332674
101139_off,-0.0004551687257755944
101150_def,-0.002923509692382736
101150_off,-0.0024205357623647214
1626144_def,-0.00022332706760361688
1626144_off,-0.002937778361292283
1626145_def,0.010168570995270049
1626145_off,0.015988331611267958
1626147_def,0.009818823273147677
1626147_off,0.005538143027726689
1626149_def,-0.022981640236451724
1626149_off,0.004137376836501413
1626153_def,-0.03132857847651182
1626153_off,0.0038336542906557258
1626156_def,-0.0021542236835894123
1626156_off,0.009908287787447626
1626157_def,-0.01250883874139089
1626157_off,0.024441188757028116
1626158_def,0.002991679480842989
1626158_off,-0.0187925087211339
1626159_def,-0.02019585446513833
1626159_off,0.0010267854634809239
1626161_def,-0.009427671232304053
1626161_off,-0.008361700996376653
1626162_def,0.006001987896980004
1626162_off,-0.007494887581663825
1626163_def,-0.007634813746448729
1626163_off,-0.0028986228643210657
1626164_def,-0.005978074390924305
1626164_off,0.05286121764888002
1626166_def,-0.006523440923092727
1626166_off,-0.004377686016936532
1626167_def,-0.02207352198741168
1626167_off,0.021977744546699925
1626168_def,0.003323762587773987
1626168_off,0.009938418316408236
1626169_def,0.02199695902684317
1626169_off,0.012535736658747127
1626171_def,0.003339459027655547
1626171_off,0.011195916085971307
1626172_def,-0.003731269987352416
1626172_off,0.023025012915488145
1626174_def,0.013834140434724517
1626174_off,-0.012752978437699972
1626179_def,0.006617572209742934
1626179_off,-0.004089847090328444
1626181_def,0.018439408024169702
1626181_off,-0.011012909524661664
1626192_def,0.012061421474770477
1626192_off,-0.014024585695478584
1626195_def,0.006963943498614287
1626195_off,0.004031954354233305
1626196_def,0.0071468971757103665
1626196_off,-0.007499323766137357
1626204_def,-0.018339262357307026
1626204_off,0.002037492866913508
1626208_def,0.002160203035605257
1626208_off,-0.0038794451067445668
1626220_def,-0.01691003399802979
1626220_off,0.0023800072670631892
1626224_def,0.009882578927110567
1626224_off,-0.007287761764252926
1626246_def,-0.012722325630792173
1626246_off,-0.0036270970011425124
1627732_def,-0.003268048666979429
1627732_off,-0.0007886226997793569
1627734_def,-0.014740781667521949
1627734_off,0.01600713036141957
1627736_def,0.005920735250502168
1627736_off,-0.00896152683311675
1627737_def,-3.0099437855951408e-05
1627737_off,-0.0030425422804120877
1627739_def,0.0065647308713359725
1627739_off,0.015980630284676584
1627741_def,0.008342987246288567
1627741_off,0.008137804061754053
1627742_def,-0.019618924089125998
1627742_off,0.017533082046887503
1627745_def,0.0048905451992461695
1627745_off,-0.02994937995198174
1627747_def,0.0048458327540837984
1627747_off,-0.0010898346912352494
1627749_def,-0.005047603537335207
1627749_off,0.01345732915745483
1627750_def,0.0036252561056538163
1627750_off,0.011753761152722164
1627751_def,-0.0065264117931368906
1627751_off,0.013304398765049213
1627752_def,0.013824438516434681
1627752_off,0.0009323396737300558
1627756_def,0.0017423415259711454
1627756_off,-0.005299686041937179
1627759_def,-0.01068634389527353
1627759_off,-0.002356569375518267
1627760_def,0.0015243265843211517
1627760_off,-4.663025155752749e-05
1627761_def,0.007702266160834399
1627761_off,-0.0010406651822252521
1627763_def,-0.005933427361184885
1627763_off,0.0018574034255962662
1627767_def,0.005197746820904975
1627767_off,-0.004285745486689129
1627774_def,0.005291875371309716
1627774_off,0.002986585145945143
1627777_def,0.004893904701091847
1627777_off,-0.0034251413833818515
1627780_def,-0.023109250941462767
1627780_off,0.015390176913127884
1627782_def,0.001928353763191522
1627782_off,-0.0023201077107043843
1627783_def,-0.003263309540988532
1627783_off,0.026866002981859656
1627788_def,-0.016689815883132605
1627788_off,-0.014544453081778987
1627789_def,0.006534569069420054
1627789_off,-0.0072255671867515
1627814_def,-0.016428568770453233
1627814_off,-0.013338862770671908
1627820_def,0.005186217130742948
1627820_off,-0.00017290006678703833
1627822_def,0.0012033754936882624
1627822_off,-0.0003928471235713021
1627823_def,0.012455444051930954
1627823_off,0.009846402655484815
1627826_def,0.0013285228957612553
1627826_off,-0.008499738478139212
1627827_def,-0.010464272843107785
1627827_off,-0.0016100725965715306
1627832_def,-0.027033204073459608
1627832_off,0.023581082682870545
1627846_def,-0.00634976989134214
1627846_off,-0.009308653870157729
1627853_def,-0.009401448437474971
1627853_off,-0.010686085178299125
1627854_def,-0.0006432602353113169
1627854_off,-0.012901122213221546
1627863_def,-0.012324383118763455
1627863_off,-0.0025093979150097403
1627884_def,-0.020212818113379254
1627884_off,-0.0034162241258618212
1627885_def,-0.003082734174486548
1627885_off,-0.002289205688967947
1627936_def,-0.04722573412189033
1627936_off,-0.011210515431335747
1628021_def,0.014592142970884047
1628021_off,-0.010512981499074455
1628035_def,0.01315374842706157
1628035_off,0.00044940463794500345
1628221_def,0.0004277966140140781
1628221_off,0.002501504183666154
1628238_def,0.0
1628238_off,0.0002996098053123888
1628365_def,-0.0066694059613256786
1628365_off,-0.010681966985534022
1628366_def,-0.017507769705215347
1628366_off,-0.006353052671875646
1628367_def,-0.0005637379786467108
1628367_off,-0.00813146768454217
1628368_def,0.0006871438112824354
1628368_off,0.023404588809137462
1628369_def,-0.020591337160797946
1628369_off,0.039609591041625376
1628370_def,0.001148878550760001
1628370_off,0.009753256902154726
1628371_def,-0.04079476764905337
1628371_off,0.007855753617833337
1628372_def,-0.03088355320479914
1628372_off,-0.019647483454489186
1628373_def,-0.0186419619546495
1628373_off,-0.002915934798299084
1628374_def,-0.005890028984525574
1628374_off,0.028387253443759006
1628378_def,-0.012705066115438653
1628378_off,0.03607738582861776
1628379_def,-0.007317418236664163
1628379_off,0.009624503549392933
1628380_def,-0.010682681228246456
1628380_off,-0.011013814093557877
1628381_def,0.00714592816881971
1628381_off,-0.0060084994300894645
1628382_def,-0.0019243671952679678
1628382_off,-0.0041639552755177575
1628384_def,-0.03184644797254025
1628384_off,0.004106920672724997
1628385_def,0.004198220149744144
1628385_off,-0.003383042172563615
1628386_def,-0.018363098678066087
1628386_off,0.008058204908768095
1628389_def,-0.030008447333887522
1628389_off,-0.00958734349163479
1628391_def,0.0020926963027098483
1628391_off,0.0014990524400550454
1628392_def,-0.021826640876158314
1628392_off,0.021907707262211685
1628395_def,0.0008147601136446935
1628395_off,0.0011327640456522965
1628396_def,-0.0050628525331011245
1628396_off,0.007784122607559363
1628398_def,0.005124016743865099
1628398_off,-0.009530417466310866
1628400_def,0.003207071779391619
1628400_off,-0.02532768369092966
1628401_def,-0.038498206769939
1628401_off,0.021396730545871438
1628402_def,-0.0018164911782458353
1628402_off,-0.01865070830585293
1628404_def,-0.016674443817723223
1628404_off,0.01833421567624857
1628408_def,-0.0012381643078162481
1628408_off,-0.024968970819423286
1628410_def,-0.004324014209091386
1628410_off,0.0012642009898055694
1628411_def,0.0016438433705014404
1628411_off,0.0011488542056676957
1628415_def,-0.02707849339638593
1628415_off,0.0070699332008900126
1628416_def,0.0002869799021874254
1628416_off,-0.0003774660058204272
1628418_def,0.00450179894341124
1628418_off,-0.010148431078590581
1628419_def,0.002873785994202977
1628419_off,0.0025709251558376847
1628420_def,-0.0044698315825252325
1628420_off,0.026624048167870246
1628422_def,0.0002525338914040046
1628422_off,0.0004590454573391118
1628424_def,0.003891041660382643
1628424_off,-0.00372491808651539
1628425_def,-0.010700853769875358
1628425_off,-0.010796396490162194
1628426_def,0.004633468088361724
1628426_off,0.010905636923699119
1628427_def,-0.006713049350351212
1628427_off,0.0016768465480944946
1628432_def,-0.00015481476930653305
1628432_off,-0.013603356076429552
1628435_def,0.0015390423717945919
1628435_off,-0.000525930884831686
1628436_def,-0.006296553896780639
1628436_off,0.010603766746751878
1628449_def,-0.02514425273492589
1628449_off,0.00972686688374953
1628464_def,-0.01649189077653603
1628464_off,-0.0027191952043203373
1628467_def,-0.02066519791221612
1628467_off,-0.02006972757720557
1628470_def,0.032812002981741924
1628470_off,-0.015209617185291334
1628476_def,-0.007906747294343626
1628476_off,-0.0038246144690754647
1628539_def,0.005257341523202401
1628539_off,-0.00863185807198223
1628591_def,0.00023860017385138023
1628591_off,-0.001087227160710169
1628778_def,0.0020238055226646044
1628778_off,-0.007691766764241961
1628960_def,-0.0028834758826508057
1628960_off,-0.0013597445073985184
1628962_def,0.00020586118780037405
1628962_off,-0.014371735615824329
1628963_def,0.0015808300178054558
1628963_off,-0.005408868173140966
1628964_def,-0.004329701227964482
1628964_off,-0.021468263310378103
1628966_def,0.0004304951484955635
1628966_off,-0.01422606493678198
1628969_def,-0.021608304758488364
1628969_off,0.020366291280524456
1628970_def,-0.01010104113305162
1628970_off,0.01188818128478061
1628971_def,0.017391710506829312
1628971_off,0.004142358752387767
1628972_def,0.006705527501706514
1628972_off,-0.00843986198681393
1628973_def,-0.006290948166470762
1628973_off,0.04447557326026109
1628975_def,-0.02180426468752011
1628975_off,-0.01931383451012407
1628976_def,-0.01794960062025885
1628976_off,-0.00888036992922357
1628977_def,-0.01753674729657292
1628977_off,-0.019965383515868677
1628978_def,-0.0007130560932655356
1628978_off,-0.001503445230230716
1628981_def,-0.0029659945772465297
1628981_off,-0.023698226167366762
1628982_def,0.007000077912115006
1628982_off,-0.005958111643858294
1628983_def,-0.013859565197829325
1628983_off,0.027106659560256485
1628984_def,3.228979670651473e-06
1628984_off,-0.007935712926936758
1628988_def,-0.02132696209670181
1628988_off,-0.014607311163748037
1628989_def,0.0002081414500847557
1628989_off,0.030528031830496658
1628990_def,-0.0012634413405500737
1628990_off,6.16260617483626e-05
1628991_def,-0.01582003762038996
1628991_off,0.0019861412970544248
1628993_def,0.0028715975888224327
1628993_off,-0.0029450088849508425
1628994_def,0.002901369055267176
1628994_off,-0.0008104618469890307
1628995_def,0.01058743228691988
1628995_off,-0.015351757698393457
1628997_def,-0.00789786851400587
1628997_off,0.0012009319253505882
1628998_def,-0.00013862693141652912
1628998_off,0.006443424606951387
1629001_def,-0.011853850006147037
1629001_off,0.013359566665381408
1629002_def,-0.010161437447994486
1629002_off,-0.01599707264386102
1629003_def,-0.008921392846433599
1629003_off,-0.003970438302832997
1629004_def,-0.008730821673162695
1629004_off,-0.0023083473589614934
1629006_def,-0.028328725782966198
1629006_off,-0.014178688655959079
1629007_def,-0.0028282476066640895
1629007_off,-0.0038086854584581274
1629008_def,-0.007630118136588435
1629008_off,0.0144194213112294
1629010_def,0.0009481874696620809
1629010_off,-0.001734264644237511
1629011_def,-0.004489346487528007
1629011_off,0.02490447323109407
1629012_def,0.01774230942422686
1629012_off,0.012554471149199007
1629013_def,-0.024780954203163924
1629013_off,-0.007131025580754886
1629014_def,0.015495341860685784
1629014_off,0.014129817322010862
1629018_def,0.01383347689175562
1629018_off,-0.00015010799382133278
1629020_def,-0.0009327067834421342
1629020_off,0.004625429102595375
1629021_def,-0.007473322763633816
1629021_off,0.0035371094653921607
1629022_def,0.014562193929917016
1629022_off,-0.008611895802238947
1629023_def,-0.0037153131442398536
1629023_off,-0.0014882254192326557
1629026_def,-0.035795712978052355
1629026_off,0.0003759056400874869
1629027_def,0.011551292838599694
1629027_off,0.02192206135198067
1629028_def,-0.00357088632246214
1629028_off,-0.006560317628176423
1629029_def,-0.006419820885895392
1629029_off,0.02778286039583308
1629033_def,0.008049459076626108
1629033_off,-0.007943507821918595
1629035_def,-0.00022275968527061342
1629035_off,-0.001848434677882981
1629048_def,-0.006512856710618551
1629048_off,0.008317028447363707
1629052_def,0.014391878193918458
1629052_off,0.0035803253572169844
1629056_def,0.001758015868210404
1629056_off,0.010613269487866842
1629057_def,-0.03954433076427207
1629057_off,-0.0037847994888323524
1629060_def,-0.0038464442514850785
1629060_off,0.004651670354410364
1629067_def,-0.003982174714291072
1629067_off,-0.004557233030929379
1629076_def,0.00022413771387293972
1629076_off,-0.007013332993634528
1629083_def,0.0017329323910356288
1629083_off,-0.0005847136757112548
1629103_def,-0.002596810769604142
1629103_off,-0.006877379732381157
1629109_def,0.0003420436463088197
1629109_off,-0.011034555067923951
1629111_def,-0.017806238578252077
1629111_off,0.0059445643136097895
1629117_def,-0.0036818102830380862
1629117_off,0.003789511567606389
1629130_def,-0.006090712961118228
1629130_off,-0.0011778298225765204
1629134_def,0.0024395530889797573
1629134_off,-0.005005224461278852
1629139_def,-0.0014583228645165536
1629139_off,-0.0038027206526376977
1629150_def,0.002379794318990671
1629150_off,-0.002358845786997066
1629162_def,-0.03836788288040055
1629162_off,0.003604065024191761
1629164_def,0.014522311887558561
1629164_off,-0.004079339675584382
1629168_def,0.002037877519966853
1629168_off,-2.2858552722117567e-05
1629185_def,0.0031932453857387607
1629185_off,-0.007611602303957231
1629203_def,0.002537212939970707
1629203_off,8.265684510524234e-05
1629216_def,-0.010752244610207852
1629216_off,-0.0036886546738196246
1629232_def,-0.0011137249666937374
1629232_off,-0.0012211992341336817
1629234_def,0.014797770469701342
1629234_off,-0.019777521458427653
1629308_def,0.0009664477792652956
1629308_off,-0.011746408337440313
1629309_def,-0.0010576172949918904
1629309_off,-0.0040928294738855975
1629312_def,-0.007193275022181235
1629312_off,-0.023224860681436373
1629597_def,0.0017909210571666586
1629597_off,-0.0015897698223802494
1629599_def,0.011740983891956812
1629599_off,-0.003692693838696226
1629600_def,0.0006077085264567546
1629600_off,0.0
1629603_def,-0.0054607053787253616
1629603_off,-0.007942835926312147
1629604_def,0.0034119706365931266
1629604_off,-0.01672109288270085
1629605_def,-0.0004321891754967891
1629605_off,-0.001907673027293
1629607_def,0.004152548147607134
1629607_off,0.0005127574332625691
1629610_def,-0.0008299092940828192
1629610_off,-0.0005328696468326433
1629611_def,-0.00686027575119709
1629611_off,0.005639798624004514
1629614_def,-0.0030839786050784086
1629614_off,-0.010347983252603908
1629617_def,0.002974577965011549
1629617_off,-0.004534060386055238
1629618_def,-0.0034515337705306615
1629618_off,-0.004285643036461378
1629619_def,0.005953098697714282
1629619_off,0.0006854872424013239
1629620_def,-0.003853389489376618
1629620_off,-0.015894036000848277
1629622_def,-0.00474307385170669
1629622_off,0.006142516167816286
1629623_def,0.015710041960231493
1629623_off,-0.0016057753342379293
1629626_def,-0.010877336366646938
1629626_off,-0.013944995122894979
1629627_def,-0.017142727355090287
1629627_off,0.008405050985889732
1629628_def,0.01819727283960797
1629628_off,-0.010463059906571317
1629629_def,0.012149356109171925
1629629_off,-0.03849787589500516
1629630_def,-0.011397659544629566
1629630_off,0.017159543883656894
1629631_def,-0.003812995067218955
1629631_off,-0.001271617167531965
1629632_def,0.008641788365214124
1629632_off,0.01804788503548091
1629633_def,-0.009553592120689939
1629633_off,0.00036949473547525497
1629634_def,-0.021439792410488472
1629634_off,-0.008017909509798103
1629636_def,-0.013829809449840968
1629636_off,0.033947387458804656
1629637_def,0.0006498605527057224
1629637_off,-0.020193871772416088
1629638_def,-0.007636171831300021
1629638_off,-0.0013655300582090684
1629639_def,-0.006638840235141042
1629639_off,0.025232658182455816
1629640_def,0.005530104198021768
1629640_off,0.0053944756372675895
1629641_def,-0.014463831962902135
1629641_off,-0.025099607098252277
1629642_def,-7.613479993309612e-05
1629642_off,0.003263489333534423
1629643_def,0.003192792817634791
1629643_off,-0.043350246865917534
1629644_def,-0.0164989246902568
1629644_off,-0.0053433833023755865
1629645_def,-0.0011418108639090823
1629645_off,-0.0006880899897000856
1629646_def,-0.012417046392896003
1629646_off,-0.0025237051583400748
1629647_def,0.008234331453851688
1629647_off,-0.045312573206664014
1629649_def,0.012676569936868583
1629649_off,-0.014311301805798206
1629650_def,0.007485527567953452
1629650_off,-0.010588098963373128
1629651_def,-0.010765585552408963
1629651_off,-0.010407976452055321
1629652_def,-0.012340756825840293
1629652_off,0.002360974473513981
1629653_def,0.005993383016613363
1629653_off,-0.0035468492851743008
1629655_def,0.004808170184192164
1629655_off,2.6204980015676306e-05
1629656_def,-0.006950942140598682
1629656_off,-0.009959543447234117
1629657_def,-0.0032727497495697935
1629657_off,0.002780528898435597
1629658_def,0.009374851866282542
1629658_off,-0.009134430969702272
1629659_def,-0.0014722159668438283
1629659_off,-0.010914837701694931
1629660_def,-0.008890967580651114
1629660_off,-0.01890564796065984
1629661_def,-0.010828277161108102
1629661_off,-0.00016981808901511396
1629662_def,-0.00020288489206127713
1629662_off,-0.0006214967586106759
1629663_def,0.0037857476427757193
1629663_off,0.0005153187995188238
1629667_def,-0.008714680260089605
1629667_off,-0.001069705291616734
1629669_def,0.004295920387954177
1629669_off,0.014125211878938596
1629670_def,0.027564353702782655
1629670_off,-0.019892393448285084
1629671_def,3.8497398683984034e-05
1629671_off,-0.003158897140420886
1629672_def,0.001663532564048277
1629672_off,-0.002405369454072617
1629673_def,-0.0013457983579025395
1629673_off,-0.006200542144511546
1629674_def,0.0033041083453908106
1629674_off,0.003474521284405237
1629675_def,-0.018531075360645237
1629675_off,-0.01667939825468858
1629676_def,0.011227798543020152
1629676_off,-0.02853551061773251
1629677_def,-0.0028397965823119668
1629677_off,-0.0054549018075905785
1629678_def,0.010963941594820694
1629678_off,-0.027321131609458305
1629680_def,-0.031563704754932885
1629680_off,-0.015425258564891237
1629681_def,-0.004235262170474854
1629681_off,-0.004806707326514557
1629682_def,0.0022572852973837994
1629682_off,0.0018488560940565393
1629683_def,9.518457240288521e-05
1629683_off,0.0031272271784333516
1629684_def,0.0016673224847705765
1629684_off,-0.006770790567571108
1629685_def,-0.0008822347963097219
1629685_off,-0.013515474768356127
1629686_def,0.00033254875144146233
1629686_off,-0.0047831274391456746
1629712_def,-0.00037827084860217474
1629712_off,-0.012548155638268143
1629714_def,-0.004089966723384306
1629714_off,-0.001341911122884206
1629716_def,-0.0019807502444973437
1629716_off,-0.005854942024826715
1629717_def,0.00928193772065378
1629717_off,0.005113535246649604
1629718_def,-0.006771517089561372
1629718_off,-0.005496106672550268
1629719_def,-0.00015253714906347747
1629719_off,-0.0025391942750136063
1629723_def,-0.023685548970839167
1629723_off,-0.0021918290125381916
1629726_def,0.018245995029720005
1629726_off,-0.0018114373996087852
1629730_def,0.003999129118652516
1629730_off,0.001649277289164703
1629731_def,-0.049875834901533064
1629731_off,-0.016262680996222068
1629735_def,0.004060448861978245
1629735_off,0.004006730551236721
1629744_def,-0.003649828826529338
1629744_off,-0.0004816862277015154
1629750_def,-0.014204713130210985
1629750_off,0.020926156105854105
1629752_def,0.0028044787064692425
1629752_off,-0.000868744273616306
1629755_def,-0.003774762438442631
1629755_off,3.298140138195001e-05
1629783_def,-0.00031525051155300275
1629783_off,-0.0014103598546378996
1629833_def,0.012853282805489852
1629833_off,-0.005139181009158449
1629873_def,0.0001853614248213398
1629873_off,-0.003490896665430436
1629875_def,0.0063817557398911625
1629875_off,-0.00805949849751873
1629958_def,-0.00014704791865772132
1629958_off,0.00027946041495192616
1629962_def,-0.0006114117971578741
1629962_off,0.0030122577834378345
1630162_def,-0.017897801300673134
1630162_off,0.0229655482050168
1630163_def,0.008599313467284594
1630163_off,0.022069195126362427
1630164_def,0.03046328240794805
1630164_off,-0.021973411480647777
1630165_def,-0.0033879882081048435
1630165_off,-0.03602347461957204
1630166_def,-0.016540842537202526
1630166_off,-0.0030962600163388274
1630167_def,-0.0014832154953749353
1630167_off,0.03885275439546895
1630168_def,0.00028653435398664313
1630168_off,0.0070006706383608265
1630169_def,0.005195892828049468
1630169_off,0.026179021470836922
1630170_def,0.0018627219023216893
1630170_off,-0.016350682525249224
1630171_def,-0.0013948066907887966
1630171_off,0.0019506191200722193
1630172_def,-0.0029684197871819177
1630172_off,-0.002007347558450444
1630173_def,-0.0025817825951638374
1630173_off,-0.011776390331185731
1630174_def,0.004104059449369224
1630174_off,0.003951951036116013
1630175_def,0.0008475024472745479
1630175_off,0.007175523983280474
1630176_def,0.008462288620059573
1630176_off,-0.004128585108330476
1630177_def,0.023771530649040886
1630177_off,-0.020411076974339033
1630178_def,0.002068133346371194
1630178_off,0.02596950802254051
1630180_def,0.018553319989159284
1630180_off,0.007337620364399686
1630181_def,0.018465577274377348
1630181_off,-0.038298000631975235
1630182_def,0.0037061067220026246
1630182_off,0.00785790076097701
1630183_def,-0.003791493850475502
1630183_off,-0.004913739766657525
1630184_def,-0.0033979788662274334
1630184_off,-0.0368272910866659
1630186_def,0.009993838485215395
1630186_off,-0.005414017677143792
1630187_def,0.0015443389565289107
1630187_off,-0.001240994266952284
1630188_def,0.004790552825136883
1630188_off,0.013059498010852048
1630190_def,0.016529345053752947
1630190_off,-0.008563017187685698
1630191_def,-0.0077102311631550196
1630191_off,-0.014241446929856327
1630192_def,-0.011444522287824846
1630192_off,-0.023048697474738266
1630193_def,-0.037779820825466284
1630193_off,-0.004597623173698932
1630194_def,0.004128809625991465
1630194_off,0.012075248460795836
1630195_def,-0.006591720265062807
1630195_off,-0.006482079686438799
1630197_def,0.0007358608265195641
1630197_off,-0.03145330912549448
1630198_def,-0.008878621291670366
1630198_off,0.015798353267117333
1630199_def,-0.0020214933117444836
1630199_off,-0.0002273478427609699
1630200_def,-0.009095963905921442
1630200_off,0.011556928887817845
1630201_def,0.02240661477573959
1630201_off,-0.023476315684060865
1630202_def,-0.007997414398157678
1630202_off,0.01321899972490508
1630204_def,-0.0002597636527701532
1630204_off,-0.00920158907774483
1630205_def,0.0008404988540726117
1630205_off,-0.006023225117132839
1630206_def,-0.0016315280639323606
1630206_off,-0.00048084267773674784
1630207_def,-0.004683163222199889
1630207_off,0.0007175699611960038
1630208_def,0.007899637048733813
1630208_off,-0.02330019829923882
1630209_def,0.008192915054340694
1630209_off,0.008369093936296385
1630210_def,0.009084492368159966
1630210_off,0.005697572777267266
1630214_def,-0.015214563070935154
1630214_off,-0.01945114920484315
1630215_def,-0.003952665368705981
1630215_off,-0.00673009871627131
1630216_def,0.0020449265503278856
1630216_off,0.0014178171279642367
1630217_def,-0.017301376186107813
1630217_off,0.013640904928185161
1630218_def,-0.0009121214581940411
1630218_off,-0.0018932064452567147
1630219_def,0.020819830109182758
1630219_off,-0.0047498861233938984
1630222_def,-0.002072252447188196
1630222_off,0.002920518006281479
1630224_def,0.0248616027744529
1630224_off,-0.003856278317081129
1630225_def,0.003034186585294697
1630225_off,-0.011598134770430127
1630227_def,0.004711948558555986
1630227_off,-0.022224654503655305
1630228_def,0.0008074976229789181
1630228_off,-0.003654304202244354
1630230_def,-0.02045525901106036
1630230_off,-0.008685299761402266
1630231_def,0.004922196123828451
1630231_off,-0.005592455668050503
1630233_def,-0.009476721757536081
1630233_off,-0.0014383481016051543
1630235_def,0.0021150968720233224
1630235_off,0.00389028982167496
1630237_def,-0.004216280301927862
1630237_off,-0.002029808798934382
1630238_def,0.0015529806934922836
1630238_off,-0.00131442707647674
1630240_def,-0.003258188524759053
1630240_off,-0.017252813745728793
1630241_def,-0.005838619819773238
1630241_off,-0.002065791652735622
1630243_def,-0.006294289836206675
1630243_off,-0.006202093377607729
1630245_def,-0.0071849209241296235
1630245_off,-0.02555892475140677
1630249_def,0.02124454456765406
1630249_off,0.008579877240294175
1630250_def,-0.0007698355372763418
1630250_off,0.0015761905072691632
1630256_def,-0.024452377405019037
1630256_off,-0.02189822396525217
1630257_def,-0.0003474158956812205
1630257_off,-0.00035625632192974805
1630259_def,0.0008692218919864936
1630259_off,0.00014088052200948525
1630264_def,0.006500329404665637
1630264_off,0.005153605475606631
1630267_def,0.0040634430050816225
1630267_off,-0.02851353610635809
1630270_def,0.004920947320548153
1630270_off,-0.005658281568133355
1630271_def,-0.0026248712964411502
1630271_off,-0.003731933186047681
1630273_def,-5.355533576729437e-05
1630273_off,-0.0053539494784273015
1630284_def,-0.008198752669852209
1630284_off,-0.0023976538450643722
1630285_def,0.0027273395133901963
1630285_off,-0.017119822429337756
1630286_def,-0.00045516872577559445
1630286_off,0.0008545064708332673
1630288_def,0.007898980697756902
1630288_off,-0.003064081178158138
1630296_def,-0.012640531833032119
1630296_off,0.0016827347932153965
1630306_def,-0.0007735876779857461
1630306_off,-0.002397844913402719
1630311_def,0.000246889254918375
1630311_off,-0.0007839514200595337
1630314_def,0.012871473953024593
1630314_off,-0.018390217628302192
1630322_def,-0.005301019577811601
1630322_off,0.003496481246745557
1630346_def,-0.00025864466191847173
1630346_off,-0.002708887627379026
1630466_def,0.0003355782496201296
1630466_off,-0.002122516832433884
1630525_def,0.0
1630525_off,0.0002898135041042934
1630526_def,0.010066809325456451
1630526_off,-0.019174745299639886
1630527_def,-0.006506950729367822
1630527_off,-0.032673483494292624
1630528_def,0.04115025548219367
1630528_off,-0.021593542704870215
1630529_def,-0.03185401931670047
1630529_off,0.014903140494910299
1630530_def,0.001686692202375999
1630530_off,-0.0074719062778736646
1630531_def,-0.00010402873861551149
1630531_off,-0.005104160528489116
1630532_def,-0.03732448594535736
1630532_off,0.0031125280956757788
1630533_def,0.0031667723054833417
1630533_off,-0.016678075450383717
1630534_def,-0.0023912572407500544
1630534_off,0.008796411327916752
1630535_def,0.003373152197824381
1630535_off,-0.02029196333880956
1630536_def,0.0007684630903884097
1630536_off,-0.003880994803847043
1630537_def,-0.005785056946264168
1630537_off,-0.01919143506516333
1630538_def,0.009240344173772964
1630538_off,0.014704415337587588
1630539_def,-0.00601332381686497
1630539_off,-0.0033150151596924547
1630540_def,-0.01775446933678443
1630540_off,0.0017023449290908578
1630541_def,-0.004887665397774817
1630541_off,-0.009869791140118519
1630543_def,0.005290175546894982
1630543_off,0.005166561394169389
1630544_def,-0.002763449279309255
1630544_off,-0.016331671538275812
1630547_def,0.001214190893411465
1630547_off,-0.008819592423173726
1630548_def,0.006560255789757512
1630548_off,-0.019068819794493833
1630549_def,-0.002632220796056576
1630549_off,0.005208553389100359
1630550_def,-0.009982101071256794
1630550_off,-0.014619717553693215
1630551_def,0.008055278900038333
1630551_off,0.002099703094046378
1630552_def,-0.015390838177400994
1630552_off,-0.021259821524636586
1630553_def,0.03287788751816706
1630553_off,-0.016570091591485724
1630554_def,0.002258076097123837
1630554_off,-0.0021310448512428383
1630555_def,-0.0005054460476953857
1630555_off,-0.0007469043793293909
1630556_def,0.014631280299662434
1630556_off,0.007979345242520338
1630557_def,0.025490047116083065
1630557_off,0.0018632440579937257
1630558_def,-0.004313131495928876
1630558_off,-0.022041977426352277
1630559_def,-0.010631338051116329
1630559_off,0.010649433506387971
1630560_def,0.020670803919258737
1630560_off,-0.01127039572335304
1630561_def,0.005399685754687026
1630561_off,-0.007302121794162289
1630562_def,-0.008599911657801048
1630562_off,-0.00016996875475594364
1630563_def,0.001674204451013521
1630563_off,-0.0035903176136602376
1630564_def,0.002904280544314179
1630564_off,0.0017614161214483124
1630565_def,-6.320859980637573e-05
1630565_off,0.00016622251925129815
1630567_def,-0.003895046800517972
1630567_off,-0.004092615594423779
1630568_def,0.0130456131680587
1630568_off,-0.00991959305411685
1630570_def,0.021753629572268254
1630570_off,-0.013296888339971938
1630572_def,-0.000587286581167238
1630572_off,-0.013604141957905906
1630573_def,-0.02445971951044739
1630573_off,0.010818515613147672
1630577_def,0.008825699500416445
1630577_off,-0.0016184513858793735
1630578_def,0.0038555827731423273
1630578_off,0.011129831152963903
1630579_def,-0.0006042014607410697
1630579_off,-0.011362344321140305
1630580_def,0.0007411333389754822
1630580_off,0.001079404783120924
1630581_def,0.004154098841177516
1630581_off,-0.006239476474442145
1630582_def,-0.0005259602006472589
1630582_off,-0.003485443102092835
1630583_def,-0.0025876924493898773
1630583_off,-0.01374503374517605
1630585_def,-0.0033926033902375624
1630585_off,0.008501011935425363
1630586_def,0.01959893346581739
1630586_off,-0.0175699336464541
1630587_def,0.015782362528130943
1630587_off,-0.0019099135890122585
1630589_def,0.0019501835732015523
1630589_off,0.0018353379907602848
1630590_def,-0.0026767089427457034
1630590_off,-0.018161744115747995
1630591_def,-0.016977942205853472
1630591_off,-0.01872981001579959
1630592_def,0.005715699548173536
1630592_off,0.002474182346874496
1630593_def,0.009664260723974779
1630593_off,-0.013762275014150163
1630595_def,-0.004640371091129207
1630595_off,-0.005799839608315084
1630596_def,-0.026434968270278695
1630596_off,-0.025869172557448302
1630598_def,0.0057247094938136164
1630598_off,0.0008217351898293247
1630600_def,-0.0011106747571636942
1630600_off,0.000711990993533528
1630602_def,0.0023995264763068203
1630602_off,-0.00532166853196233
1630604_def,0.00026915340686390997
1630604_off,-0.0007450448574276566
1630605_def,0.001403538138221104
1630605_off,-0.0004850840133673599
1630606_def,0.0009512780512544727
1630606_off,-0.0061552434357174815
1630610_def,0.0004107246269489795
1630610_off,-0.008016324030395216
1630611_def,0.0017392095446002657
1630611_off,0.0046925389751470495
1630612_def,0.000502380681636131
1630612_off,-0.0031368514132353847
1630613_def,0.001960717410175846
1630613_off,-0.007389091986915503
1630618_def,0.0016987138169105556
1630618_off,-0.004054798658198563
1630624_def,-0.0015011425761138964
1630624_off,-0.00256103090228853
1630625_def,0.00801768748054278
1630625_off,-0.020551360477912638
1630631_def,-0.037967864477573485
1630631_off,0.01086947509850006
1630637_def,-0.003087414595228247
1630637_off,-0.0005978557669852169
1630639_def,-0.0005553739034762043
1630639_off,-0.010128243624208855
1630641_def,0.002408036448857749
1630641_off,-0.0060142487820323415
1630643_def,0.0018929709895625156
1630643_off,-0.0012292103282713221
1630644_def,-0.001500761063831585
1630644_off,0.0021184388283437714
1630647_def,0.018399556810481905
1630647_off,-0.012225029554637813
1630648_def,0.0004501780085858733
1630648_off,0.0007223240383510297
1630649_def,-0.0033271692992692115
1630649_off,-0.012008282615595734
1630658_def,0.0005126009083204651
1630658_off,-0.0008917167798971513
1630678_def,0.029950695270896405
1630678_off,-0.0004910800436634899
1630686_def,0.0079836212162949
1630686_off,-0.008064087590495038
1630688_def,-0.013069989440988033
1630688_off,0.002546002663211304
1630691_def,-0.00106460221899061
1630691_off,0.002849414294427637
1630692_def,-0.0100847900972181
1630692_off,-0.01746452870992497
1630695_def,0.005377267040190007
1630695_off,-0.013661457010805919
1630696_def,-0.003753793536301778
1630696_off,-0.012337284031026201
1630698_def,0.009035407415611029
1630698_off,-0.003383872469589888
1630699_def,0.0022189610447294053
1630699_off,-0.010886453522117291
1630700_def,-0.01014993989065663
1630700_off,-0.002717974119383377
1630701_def,0.00028865493550595683
1630701_off,-0.0007694971710015794
1630702_def,0.01801458949031056
1630702_off,-0.00438731496701502
1630703_def,0.021153862713744507
1630703_off,-0.017611415956188557
1630758_def,0.004270633235765179
1630758_off,-0.003277651153942638
1630787_def,0.0022408382862166374
1630787_off,0.0013321703444119206
1630792_def,0.00571206193446582
1630792_off,-0.0026943836947540918
1630846_def,-0.016617579923389504
1630846_off,-0.0037399164896641805
1630994_def,-0.0005859091481938355
1630994_off,0.000291648434308909
1631093_def,0.021632488518226602
1631093_off,-0.012119197844445408
1631094_def,0.00921002454964611
1631094_off,0.01270117070389673
1631095_def,0.005343821935204015
1631095_off,-0.011604638082776949
1631096_def,-0.01726876154564291
1631096_off,0.027151834258502424
1631097_def,0.009447612028375959
1631097_off,-0.015547596936236585
1631098_def,0.009409012201607635
1631098_off,-0.036803498604773326
1631099_def,-0.0008554492488447836
1631099_off,0.015030831491099888
1631100_def,-0.00155326105097232
1631100_off,0.006576154172981607
1631101_def,0.013743436820934764
1631101_off,-0.005747027305008713
1631102_def,0.0016616483138067503
1631102_off,-0.01717715491761309
1631103_def,0.017250092235608167
1631103_off,-0.01179295037493357
1631104_def,0.0026066423740231316
1631104_off,-0.02404881374578971
1631105_def,-0.0052344468483806975
1631105_off,0.0009453045574344984
1631106_def,-0.02694842589818265
1631106_off,6.489856279262415e-05
1631107_def,-0.002258940174079191
1631107_off,0.012524792095752755
1631108_def,-0.004815577389560724
1631108_off,-0.01772195946061077
1631109_def,-0.013347148373937325
1631109_off,-0.003441916273101499
1631110_def,0.005166306260408063
1631110_off,-0.012175203548120479
1631111_def,0.001146411716045285
1631111_off,-0.01327606284468108
1631112_def,-0.0031347561921330203
1631112_off,-0.0014772482879613009
1631113_def,-0.0032435323257092425
1631113_off,-0.0016768381888657598
1631114_def,-0.017603591206155414
1631114_off,0.006586009611143144
1631115_def,0.0019881225022969204
1631115_off,0.0022572395075597627
1631116_def,-0.0011146938600778797
1631116_off,-0.011981368469505965
1631117_def,-0.015999762701345153
1631117_off,0.0014769650860938285
1631119_def,0.01279755290026568
1631119_off,-0.0029359903465940793
1631120_def,0.0016485586003825506
1631120_off,-0.0032194274118848188
1631121_def,0.01218873639883025
1631121_off,-0.02652232800172955
1631123_def,0.008678025504252191
1631123_off,-0.007387139916679954
1631124_def,0.017040741737601107
1631124_off,-0.0017668196278681158
1631128_def,-0.02213794996751278
1631128_off,-0.02253300551325398
1631131_def,0.0006288361124081014
1631131_off,-0.00110540869486925
1631132_def,-0.016821109805100695
1631132_off,0.00013432299752297262
1631133_def,0.01710680285443887
1631133_off,-0.01680393206894096
1631157_def,0.0012437614891755925
1631157_off,-0.0014633747156944739
1631159_def,-3.785762457147652e-05
1631159_off,-0.0005064401641695389
1631160_def,8.466326565875052e-05
1631160_off,-0.0035092817315823103
1631165_def,-0.023572949343459715
1631165_off,-0.005735837869036366
1631169_def,0.00010595771195977026
1631169_off,-0.00017759648722039649
1631170_def,-0.010245288426223522
1631170_off,0.004262260017145566
1631172_def,-0.01369090044940285
1631172_off,0.0016756462943617364
1631173_def,0.0044013207084283084
1631173_off,-0.0031894187874552493
1631197_def,-0.0014114096288365208
1631197_off,0.0024787250501849866
1631199_def,-0.0013937990074583816
1631199_off,0.0025772578257485133
1631200_def,-0.013223547161134644
1631200_off,-0.006031644430215799
1631204_def,0.020344102546396722
1631204_off,-0.015054055481484382
1631205_def,-0.007044312111731492
1631205_off,-0.0034690297325978272
1631207_def,0.008435520794442531
1631207_off,0.004978446732406511
1631210_def,0.0055398245557435645
1631210_off,-0.0020757880221374545
1631212_def,-0.017768486884104047
1631212_off,-0.013116411117946794
1631213_def,-0.0016212738363824003
1631213_off,-0.0003169797414651125
1631214_def,0.0012606875627774927
1631214_off,-0.0008454166169823484
1631216_def,0.004459368797535104
1631216_off,-0.005319701714123325
1631217_def,0.007568251734542556
1631217_off,-0.006603314312954489
1631218_def,0.007346182248186573
1631218_off,-0.004449048397320421
1631219_def,-0.0013361791130993357
1631219_off,-0.003558695875123465
1631220_def,-0.002585389713960034
1631220_off,-0.0013595353646142885
1631221_def,-0.0050764486377631955
1631221_off,-0.002877263468998693
1631222_def,0.0019320426067829736
1631222_off,-0.018800631627597493
1631223_def,0.0021470323236081243
1631223_off,-0.017599824298418092
1631230_def,0.013901660474920459
1631230_off,0.005614576212220256
1631241_def,0.0077051502031147134
1631241_off,-0.008786511949676506
1631243_def,0.00016956973885069796
1631243_off,0.0005205496561433681
1631245_def,0.0017566894886154158
1631245_off,-0.0050237875696751725
1631246_def,-0.01370354644704536
1631246_off,-0.004925774268506079
1631250_def,-0.0003572546151204891
1631250_off,0.0
1631254_def,-0.0006206480820489909
1631254_off,-0.0010271343673504988
1631257_def,-0.0014382342819811672
1631257_off,-0.0008165176147116539
1631260_def,-0.007654057540769709
1631260_off,0.005241851083966154
1631262_def,-0.0005781547573864331
1631262_off,0.00030006503293419185
1631288_def,-0.01036210131348386
1631288_off,-0.004315498485382934
1631298_def,-0.0032513090941927616
1631298_off,-0.007845296245786004
1631303_def,-0.0008355505181944814
1631303_off,-0.0075405795649897255
1631306_def,0.006146559888415799
1631306_off,-0.002246028788774613
1631311_def,-0.006203832640641472
1631311_off,-0.0037358402699857397
1631320_def,0.0017298977500259745
1631320_off,-0.0010682823224501072
1631321_def,-0.005119878938377154
1631321_off,-0.0074483046948029714
1631323_def,0.001503209721229806
1631323_off,-0.010301761601983182
1631338_def,-0.0032639897984060233
1631338_off,-0.011581147510103942
1631367_def,0.018714735785300245
1631367_off,-0.010350160808642093
1631466_def,-0.001472106350861485
1631466_off,0.005412194402465149
1631495_def,-0.0012990830124109216
1631495_off,0.0005361881074716498
1641645_def,-0.0009563299492657626
1641645_off,-0.0018941030116512237
1641705_def,-0.03440614194246525
1641705_off,-0.012237752544871309
1641706_def,0.020759116072408445
1641706_off,-0.024591758143360495
1641707_def,-0.002360498517030596
1641707_off,-0.012989383722821676
1641708_def,-0.01354965640108451
1641708_off,-0.003176824665479791
1641709_def,-0.013955854520458935
1641709_off,-0.012733321347563824
1641710_def,-0.011223362846622443
1641710_off,-0.01081536968368243
1641711_def,0.01412751293081691
1641711_off,-0.02418966021515222
1641712_def,-0.002207906230003248
1641712_off,-0.0012303291559955735
1641713_def,-0.012060218369699342
1641713_off,-0.024879740071767145
1641715_def,-0.0020849204381720235
1641715_off,-0.01048516277993577
1641716_def,0.0008522826514309014
1641716_off,0.007511090625782734
1641717_def,-0.0034162737802213216
1641717_off,-0.004044657878255234
1641718_def,0.010488847470958516
1641718_off,-0.03243213032674813
1641720_def,-0.00025735135933445917
1641720_off,-0.006803349635399093
1641721_def,-0.00053439138565636
1641721_off,-0.004858926359508242
1641722_def,0.013947098937629254
1641722_off,0.008222097846048045
1641723_def,-0.007064413187642283
1641723_off,-0.01045022646187244
1641724_def,0.0011240387160929963
1641724_off,-0.00044026514417154657
1641726_def,0.002955075389032115
1641726_off,0.026407495961517025
1641727_def,0.004438471076767561
1641727_off,0.00124921563283751
1641729_def,0.026875118997190833
1641729_off,-0.00529333184995876
1641730_def,-0.0006597536218564041
1641730_off,-0.007141596285519467
1641731_def,0.0199596986131925
1641731_off,-0.037128608159666454
1641732_def,-0.009399767558498456
1641732_off,-0.00727968523298076
1641733_def,0.001815508316727441
1641733_off,-0.02728131716623592
1641734_def,0.004976722546735616
1641734_off,-0.0066753435654699446
1641738_def,0.007321709242037453
1641738_off,0.0010211102824543529
1641739_def,-0.02330835462284176
1641739_off,-0.018788228917344305
1641741_def,0.00199937777545565
1641741_off,-0.0011131424684553818
1641748_def,0.02405239452136009
1641748_off,-0.0005622271916620365
1641749_def,0.0010476910556467458
1641749_off,-0.0002691598837151307
1641753_def,0.0006961248626282523
1641753_off,-0.0016787502087641341
1641754_def,0.0050219463560975605
1641754_off,0.000946659375006382
1641757_def,0.0005100589242044661
1641757_off,0.0009868487275308487
1641763_def,0.001976761078915981
1641763_off,0.0023570941472459694
1641764_def,-0.014148458045894777
1641764_off,0.023575644888621603
1641765_def,0.0023494166587763048
1641765_off,-0.004388117841500688
1641766_def,0.0016608622724855488
1641766_off,0.0021522336537727524
1641767_def,-0.006588055383989139
1641767_off,0.010133035808287498
1641771_def,-9.477900990523494e-05
1641771_off,0.00025613550282914095
1641774_def,-0.012386147249125776
1641774_off,-0.0029896968812435846
1641775_def,-0.003548974145337356
1641775_off,-0.0012635429723780443
1641778_def,-0.0007269856505984145
1641778_off,-0.007773493446231185
1641787_def,0.005826154280086411
1641787_off,-0.01200315607630478
1641793_def,0.001116976678151113
1641793_off,0.0003251679410016413
1641816_def,-0.00045733670094092686
1641816_off,-0.0008591944465677648
1641851_def,-0.0008177923446642282
1641851_off,-0.014197403269792927
1641854_def,0.006547412463569697
1641854_off,0.008092676056993627
1641871_def,0.002071598237219881
1641871_off,0.007647472649430511
1641877_def,0.005094122178486829
1641877_off,-0.02062567493051935
1641926_def,0.0014580188110715397
1641926_off,-0.001674229826036926
1641931_def,0.00499723234080215
1641931_off,-0.004697660316569706
1641970_def,-0.004590400165124982
1641970_off,-0.006035106060995868
1641998_def,0.007342173541836868
1641998_off,-0.009498593435932068
1642013_def,0.0005274710205727614
1642013_off,-0.0016285057143271854
200746_def,-0.004817941489662573
200746_off,0.0029503858873270454
200752_def,-0.0225032912212418
200752_off,0.005413628520369516
200765_def,-0.0015454210626011829
200765_off,-0.0290854361999981
200768_def,-0.01994146712936756
200768_off,-0.004715704703110938
200782_def,-0.00536490669798112
200782_off,0.008560171040791886
200794_def,-0.001898854645448154
200794_off,-0.011362695680499975
201142_def,-0.030825585833624554
201142_off,0.039371509801460654
201143_def,-0.014189248318877235
201143_off,0.014075672188781398
201144_def,-0.009373306706781109
201144_off,0.015590572305102877
201145_def,0.00881460289708607
201145_off,-0.016082540020517143
201152_def,0.002547211111511266
201152_off,-0.007898328514726998
201565_def,-0.007524114255933402
201565_off,-0.02711381584602818
201566_def,0.0012068735200575884
201566_off,-0.006622794835468191
201567_def,-0.01270247892779053
201567_off,-0.0005298363145483575
201568_def,0.008965370295399101
201568_off,0.012294962972790426
201569_def,-0.004210663696715459
201569_off,0.0025461934098209233
201571_def,0.025499850748615813
201571_off,-0.008895680314393629
201572_def,-0.04055728259924798
201572_off,-0.011936776653889208
201577_def,0.005585151772532168
201577_off,-0.023193248435052473
201580_def,-0.010985610550742325
201580_off,-0.014891819445815453
201586_def,-0.004727013587480287
201586_off,-0.023042493521518295
201587_def,-0.013054273032338595
201587_off,0.008626457502197558
201588_def,-0.05185243573521378
201588_off,-0.002393117375404152
201599_def,0.012362891733427256
201599_off,-0.03109036977135603
201609_def,0.00531922440028533
201609_off,0.0042592549635624265
201933_def,0.001957995415945556
201933_off,-0.010164382669494062
201935_def,0.005213229204793124
201935_off,0.033926781852795136
201937_def,-0.0411189479788222
201937_off,-0.013485356826125896
201939_def,-0.016403364330512288
201939_off,0.043161368788964295
201942_def,-0.0031536059791219635
201942_off,0.02207787355595598
201949_def,-0.004308648139284546
201949_off,-0.010267773976924454
201950_def,-0.02401685247683171
201950_off,0.044641104750658724
201954_def,0.002177457623393009
201954_off,-0.002859042672331027
201959_def,-0.016167752014913106
201959_off,-0.000143380247168748
201961_def,0.009293661519721988
201961_off,-0.012230815675636835
201976_def,-0.014292156295548284
201976_off,-0.012756567985436174
201980_def,-0.0015984463548719475
201980_off,-0.008041371041553749
201988_def,0.002720726142103594
201988_off,-0.004545154921108934
202066_def,0.01731153210883326
202066_off,-0.04474281461776534
202083_def,-0.01818880496674708
202083_off,-0.00020704341210628027
202322_def,0.0022214232067514585
202322_off,-0.03074844728490004
202324_def,-0.011783998832159704
202324_off,-0.028676136910520646
202326_def,-0.0007075902335978847
202326_off,0.021102265784757646
202328_def,0.0027329209642923337
202328_off,0.005295936756950012
202330_def,-0.006663167735653991
202330_off,-0.008024408665847691
202331_def,-0.03538278246529963
202331_off,0.03609899643087129
202334_def,-0.007335508348902098
202334_off,-0.01358272508708099
202339_def,-0.012301856970294765
202339_off,-0.02245696198019999
202340_def,6.856699463100727e-05
202340_off,-0.02309849286653838
202355_def,-0.014063099812499428
202355_off,0.029123788938375438
202357_def,-0.007284969211609068
202357_off,0.0050850359104838505
202362_def,0.021341807810484708
202362_off,-0.002540276404046938
202397_def,0.011301045733054911
202397_off,-0.024988187714060577
202681_def,-0.011436889715660151
202681_off,0.04495918527028633
202683_def,-0.012172692767927259
202683_off,0.007579788982393657
202684_def,-0.0019259345542674757
202684_off,0.006382529376116415
202685_def,0.002739325437163694
202685_off,0.012697465475643469
202687_def,-0.0073999163871438355
202687_off,8.223702086679929e-05
202688_def,-0.004773506224361867
202688_off,-0.003201958895732767
202689_def,0.0024935900588682
202689_off,-0.010349167835073286
202691_def,0.017464780783076464
202691_off,0.0024112649861708513
202692_def,-0.011876666933137978
202692_off,0.006040254520017132
202693_def,-0.003373783348487385
202693_off,-0.00656446356344098
202694_def,0.015413333442803944
202694_off,-0.003358732053196506
202695_def,-0.03392394070458131
202695_off,0.03161002222148328
202696_def,0.005548660532444118
202696_off,0.0007987181844622344
202699_def,-0.004458910716750194
202699_off,0.008749482163576858
202704_def,-0.014438986329314438
202704_off,-0.022710410958610223
202709_def,-0.004425547996401097
202709_off,0.0017556762079803101
202710_def,-0.010899082837913156
202710_off,0.02628998470330486
202711_def,0.029806854547236587
202711_off,0.007555302896764657
202722_def,0.005797018197847938
202722_off,-0.0065462234053317156
202738_def,-0.01264600387693378
202738_off,0.0014250571923000927
202954_def,0.0010942710698767387
202954_off,-0.00775797400491774
203076_def,-0.04070443687798137
203076_off,-0.002864893814552142
203078_def,0.00010958067782827443
203078_off,-0.00042704392558364683
203081_def,-0.004738955260972677
203081_off,0.04465799637230634
203082_def,0.024679529240877615
203082_off,-0.012133587119593054
203083_def,-0.013276383555257284
203083_off,0.007818104051676914
203084_def,0.010973964115349231
203084_off,0.002750752979282914
203085_def,0.01133606929916911
203085_off,-0.0027433107124413816
203086_def,0.01023605774867638
203086_off,0.0030612371945562275
203087_def,-0.00846622372334789
203087_off,0.003945831416783351
203090_def,-0.00817994736224766
203090_off,-0.012762572308605372
203095_def,-0.005763464581580469
203095_off,-0.020568536038954206
203107_def,-0.00040024460195786155
203107_off,-0.026417483157597368
203109_def,-0.014024362681420462
203109_off,0.006286910190479234
203110_def,-0.0489043294607636
203110_off,0.006490304666414618
203114_def,-0.011158274610491627
203114_off,0.016258699507479327
203115_def,-9.596897141652024e-05
203115_off,-0.03349358713664739
203145_def,-0.0036118529725164238
203145_off,-0.02187110134791681
203200_def,0.008135158921004767
203200_off,-0.017199824236918966
203210_def,-0.00040505185820331724
203210_off,-0.012516568883206756
203457_def,8.483926865254602e-05
203457_off,-0.014335342014624488
203458_def,-0.016100413852559742
203458_off,-0.009289668997934111
203463_def,0.004201457173973263
203463_off,-0.02580566330208698
203468_def,0.016136644200431167
203468_off,0.01629682613876509
203469_def,0.006433483681639205
203469_off,-0.005344345179752828
203471_def,-0.008306886914535336
203471_off,-0.0049060404634805556
203473_def,-0.013732154919579312
203473_off,-0.01551211006222625
203476_def,-0.007061636672601127
203476_off,-0.017007813525419697
203482_def,0.011849245555188317
203482_off,0.0011990006685923134
203484_def,-0.006099614871844548
203484_off,0.007579183825388038
203486_def,-0.004921279609270613
203486_off,0.0012565115267022203
203487_def,0.0033899845637869468
203487_off,-0.0013190344841230352
203488_def,-0.017959672870466636
203488_off,0.00779102051932663
203490_def,-0.014692786837469812
203490_off,-0.008212359585238952
203493_def,-0.007227685951244803
203493_off,-0.003096207767244133
203496_def,-0.028224724414574954
203496_off,-0.008193028478791919
203497_def,-0.03545046045596236
203497_off,-0.005849279004771397
203500_def,-0.01820184320784294
203500_off,0.039781332483452225
203501_def,-0.007610043699624541
203501_off,0.004331665585904238
203503_def,0.008878462594376448
203503_off,-0.016997738970782366
203504_def,-0.0016385459417770666
203504_off,-0.0012837760988659952
203506_def,0.005626157897979651
203506_off,-0.016376639577176576
203507_def,-0.017872510295019673
203507_off,0.03858395218041142
203516_def,0.0014117056397044397
203516_off,-0.0019275886604166895
203521_def,-0.0050390916343845855
203521_off,-0.011703231275523788
203524_def,-0.009949449207608438
203524_off,0.001982520789662885
203526_def,0.00880052567280962
203526_off,-0.0027386527902596024
203552_def,-0.0016436727369257336
203552_off,-0.00607575671542218
203585_def,-0.005714883352315689
203585_off,-0.005291466639571162
203648_def,0.012999118453643039
203648_off,-0.005976113341955641
203658_def,0.0014477388607233457
203658_off,-0.006989666576467341
203816_def,-0.0009480250869158929
203816_off,-0.00022358267134236853
203897_def,-0.007520510482360174
203897_off,0.0007869447299657383
203901_def,-0.0035874687698256615
203901_off,-0.013667223960845626
203903_def,0.005699595330816473
203903_off,0.009305414469221606
203914_def,0.008856122996325785
203914_off,0.0022894250562879364
203915_def,-0.0005989338390434683
203915_off,0.013529786274220749
203917_def,-0.004569533440987168
203917_off,0.0003910316228301611
203918_def,-0.011501044058776581
203918_off,-0.0156250787171593
203920_def,0.005185189179473482
203920_off,-0.0026081764111003406
203924_def,-0.0018050870953223302
203924_off,-0.018412484077300464
203925_def,0.00827023767746866
203925_off,-0.012917357204290289
203926_def,0.02940171370177181
203926_off,0.007847905128139487
203932_def,-0.01597612880359189
203932_off,0.02128130445020399
203933_def,-0.019001631116104305
203933_off,0.000948038558746756
203935_def,-0.014944216573744716
203935_off,0.007686552208155934
203937_def,-0.02058687892751307
203937_off,-0.009017316335741278
203939_def,-0.0018790764852349715
203939_off,0.013188354586182977
203943_def,0.005433752491026332
203943_off,0.01041146888288761
203944_def,0.0013503461791627958
203944_off,0.01867498798784582
203952_def,-0.017206606400959185
203952_off,-0.007569633126985391
203953_def,-0.00042180566109221556
203953_off,-0.00748085733737344
203954_def,-0.037837448376965246
203954_off,0.03052813752854041
203957_def,-0.011175870626164416
203957_off,0.03398478802602842
203967_def,0.007928295988069935
203967_off,0.0027516744523020777
203991_def,-0.013654899166874174
203991_off,0.01571420493219339
203992_def,-0.009492611450211177
203992_off,0.02930955867773886
203994_def,-0.01817440748065979
203994_off,0.008803151998085545
203995_def,0.00349970026184435
203995_off,0.015393060967564477
203999_def,-0.039731428241060504
203999_off,0.07052668043545017
204001_def,-0.013549820144728532
204001_off,0.011945302903267122
204020_def,0.00390965124050576
204020_off,0.0029338981544352327
204025_def,-0.0026603831649509445
204025_off,-0.015152847109229935
204038_def,-0.010230128047491542
204038_off,-0.009428777762475735
204060_def,-0.016664019959461172
204060_off,0.014350130807205796
204456_def,-0.008674384749312107
204456_off,-0.003778847156730451
2207_def,0.0008545064708332673
2207_off,-0.0004551687257755944
2544_def,-0.01319888258416886
2544_off,0.04018551202998931
2546_def,0.0021804518933752695
2546_off,-0.006626113737220636
2617_def,0.00099826377246556
2617_off,-0.00923030508466286
2730_def,0.0003161282549866996
2730_off,-0.002633810068150905
2738_def,-0.02106315994918202
2738_off,-0.0048670044308367225
2772_def,0.0034188380715273743
2772_off,-0.014541324523385293
