col_idx,key,coef,block,zero_penalty,target_penalty,target
0,2544_off,0.015143865636305683,off,3000.0,1000.0,0.04018551202998931
1,2544_def,-0.013247560089090765,def,3000.0,1000.0,-0.01319888258416886
2,2738_off,-0.0007226051535873732,off,3000.0,1000.0,-0.0048670044308367225
3,2738_def,-0.0002394302903339156,def,3000.0,1000.0,-0.02106315994918202
4,101108_off,0.011357733380652105,off,3000.0,1000.0,0.004852358759932979
5,101108_def,-0.009679597481999471,def,3000.0,1000.0,-0.036105463077494945
6,200765_off,-0.010279993820387402,off,3000.0,1000.0,-0.0290854361999981
7,200765_def,0.0010224561911438559,def,3000.0,1000.0,-0.0015454210626011829
8,200768_off,0.003497913276553066,off,3000.0,1000.0,-0.004715704703110938
9,200768_def,-0.007040202815209917,def,3000.0,1000.0,-0.01994146712936756
10,200782_off,0.007686503344355219,off,3000.0,1000.0,0.008560171040791886
11,200782_def,-0.00817109603588591,def,3000.0,1000.0,-0.00536490669798112
12,200794_off,-0.002521257581681346,off,3000.0,1000.0,-0.011362695680499975
13,200794_def,-6.503293411802152e-05,def,3000.0,1000.0,-0.001898854645448154
14,201142_off,0.022390106456601,off,3000.0,1000.0,0.039371509801460654
15,201142_def,0.0007250659864154087,def,3000.0,1000.0,-0.030825585833624554
16,201143_off,0.007354582591930594,off,3000.0,1000.0,0.014075672188781398
17,201143_def,-0.011206740385810062,def,3000.0,1000.0,-0.014189248318877235
18,201144_off,-0.004856222990745545,off,3000.0,1000.0,0.015590572305102877
19,201144_def,-0.004446036495072996,def,3000.0,1000.0,-0.009373306706781109
20,201145_off,-0.0044890061469923925,off,3000.0,1000.0,-0.016082540020517143
21,201145_def,0.005197063427587664,def,3000.0,1000.0,0.00881460289708607
22,201152_off,-0.0020722616366886056,off,3000.0,1000.0,-0.007898328514726998
23,201152_def,-0.0002744419283536687,def,3000.0,1000.0,0.002547211111511266
24,201566_off,0.0028966282149040165,off,3000.0,1000.0,-0.006622794835468191
25,201566_def,0.006267382561923839,def,3000.0,1000.0,0.0012068735200575884
26,201567_off,-0.0017944267387967738,off,3000.0,1000.0,-0.0005298363145483575
27,201567_def,-0.002084855185158834,def,3000.0,1000.0,-0.01270247892779053
28,201568_off,-0.0009883160387088588,off,3000.0,1000.0,0.012294962972790426
29,201568_def,0.0023567944761961144,def,3000.0,1000.0,0.008965370295399101
30,201569_off,-0.0019595934095731583,off,3000.0,1000.0,0.0025461934098209233
31,201569_def,0.00513914750934904,def,3000.0,1000.0,-0.004210663696715459
32,201572_off,-0.012327378465911613,off,3000.0,1000.0,-0.011936776653889208
33,201572_def,-0.0033806794124232307,def,3000.0,1000.0,-0.04055728259924798
34,201580_off,-0.005588249376666877,off,3000.0,1000.0,-0.014891819445815453
35,201580_def,-0.002118416204559554,def,3000.0,1000.0,-0.010985610550742325
36,201586_off,-0.005556563477272515,off,3000.0,1000.0,-0.023042493521518295
37,201586_def,-0.0006845861528131092,def,3000.0,1000.0,-0.004727013587480287
38,201587_off,-0.005454286566273593,off,3000.0,1000.0,0.008626457502197558
39,201587_def,-0.001464240667093872,def,3000.0,1000.0,-0.013054273032338595
40,201588_off,-0.005871523865060208,off,3000.0,1000.0,-0.002393117375404152
41,201588_def,-0.010668969913512258,def,3000.0,1000.0,-0.05185243573521378
42,201599_off,-0.010435041277524097,off,3000.0,1000.0,-0.03109036977135603
43,201599_def,0.005854707877887646,def,3000.0,1000.0,0.012362891733427256
44,201609_off,0.004350841176907826,off,3000.0,1000.0,0.0042592549635624265
45,201609_def,0.002471542080114614,def,3000.0,1000.0,0.00531922440028533
46,201933_off,-0.0010761954845120683,off,3000.0,1000.0,-0.010164382669494062
47,201933_def,0.0014750010617752866,def,3000.0,1000.0,0.001957995415945556
48,201935_off,0.010291467962663675,off,3000.0,1000.0,0.033926781852795136
49,201935_def,0.0014613819432645065,def,3000.0,1000.0,0.005213229204793124
50,201937_off,-0.006062009738519592,off,3000.0,1000.0,-0.013485356826125896
51,201937_def,-0.011188984273445803,def,3000.0,1000.0,-0.0411189479788222
52,201939_off,0.017358224491411146,off,3000.0,1000.0,0.043161368788964295
53,201939_def,-0.010160039863803146,def,3000.0,1000.0,-0.016403364330512288
54,201942_off,-0.0006613695662985184,off,3000.0,1000.0,0.02207787355595598
55,201942_def,-0.002149270998256272,def,3000.0,1000.0,-0.0031536059791219635
56,201950_off,0.0147275100885561,off,3000.0,1000.0,0.044641104750658724
57,201950_def,-0.007054623603197436,def,3000.0,1000.0,-0.02401685247683171
58,201959_off,-0.0018368127944052483,off,3000.0,1000.0,-0.000143380247168748
59,201959_def,-0.006379082957467155,def,3000.0,1000.0,-0.016167752014913106
60,201976_off,-0.0050940258101464485,off,3000.0,1000.0,-0.012756567985436174
61,201976_def,-0.0031756027828566476,def,3000.0,1000.0,-0.014292156295548284
62,201980_off,-0.00023056856108620558,off,3000.0,1000.0,-0.008041371041553749
63,201980_def,-0.0055846397597657214,def,3000.0,1000.0,-0.0015984463548719475
64,201988_off,0.0012640586613567562,off,3000.0,1000.0,-0.004545154921108934
65,201988_def,0.0019578843644381602,def,3000.0,1000.0,0.002720726142103594
66,202066_off,-0.011015440876667911,off,3000.0,1000.0,-0.04474281461776534
67,202066_def,0.0054290186378223165,def,3000.0,1000.0,0.01731153210883326
68,202083_off,-0.005674989053644142,off,3000.0,1000.0,-0.00020704341210628027
69,202083_def,-0.011132556461123001,def,3000.0,1000.0,-0.01818880496674708
70,202326_off,0.006243408334210557,off,3000.0,1000.0,0.021102265784757646
71,202326_def,0.0002660644807645381,def,3000.0,1000.0,-0.0007075902335978847
72,202328_off,-5.400279348101827e-05,off,3000.0,1000.0,0.005295936756950012
73,202328_def,-3.998784761079594e-05,def,3000.0,1000.0,0.0027329209642923337
74,202330_off,-7.535230133623337e-05,off,3000.0,1000.0,-0.008024408665847691
75,202330_def,-0.0025555911154538312,def,3000.0,1000.0,-0.006663167735653991
76,202331_off,0.011490610048811257,off,3000.0,1000.0,0.03609899643087129
77,202331_def,-0.014370478769690593,def,3000.0,1000.0,-0.03538278246529963
78,202355_off,0.006520751545895542,off,3000.0,1000.0,0.029123788938375438
79,202355_def,-0.0029333425055829165,def,3000.0,1000.0,-0.014063099812499428
80,202357_off,-0.0017781056194264419,off,3000.0,1000.0,0.0050850359104838505
81,202357_def,-0.0023774815322951783,def,3000.0,1000.0,-0.007284969211609068
82,202681_off,0.011597506483155735,off,3000.0,1000.0,0.04495918527028633
83,202681_def,0.0037883375626121003,def,3000.0,1000.0,-0.011436889715660151
84,202684_off,-0.005645144885386847,off,3000.0,1000.0,0.006382529376116415
85,202684_def,0.002523546488614657,def,3000.0,1000.0,-0.0019259345542674757
86,202685_off,-2.696950708867101e-05,off,3000.0,1000.0,0.012697465475643469
87,202685_def,0.013375101994030974,def,3000.0,1000.0,0.002739325437163694
88,202687_off,0.000726616498489705,off,3000.0,1000.0,8.223702086679929e-05
89,202687_def,-0.0031713842926667157,def,3000.0,1000.0,-0.0073999163871438355
90,202691_off,0.002671782853213118,off,3000.0,1000.0,0.0024112649861708513
91,202691_def,0.0005785570075811891,def,3000.0,1000.0,0.017464780783076464
92,202692_off,0.0029282065419288673,off,3000.0,1000.0,0.006040254520017132
93,202692_def,-0.0005457617390551131,def,3000.0,1000.0,-0.011876666933137978
94,202693_off,-0.0038322644431128985,off,3000.0,1000.0,-0.00656446356344098
95,202693_def,-0.0023159905678046067,def,3000.0,1000.0,-0.003373783348487385
96,202694_off,-0.0014191396853064525,off,3000.0,1000.0,-0.003358732053196506
97,202694_def,0.008009281911055958,def,3000.0,1000.0,0.015413333442803944
98,202695_off,0.009930773933461867,off,3000.0,1000.0,0.03161002222148328
99,202695_def,-0.008035708070926118,def,3000.0,1000.0,-0.03392394070458131
100,202696_off,-0.008679845362312378,off,3000.0,1000.0,0.0007987181844622344
101,202696_def,0.0022201291730272713,def,3000.0,1000.0,0.005548660532444118
102,202699_off,-0.0007096974085007428,off,3000.0,1000.0,0.008749482163576858
103,202699_def,-0.006771547653349985,def,3000.0,1000.0,-0.004458910716750194
104,202704_off,-0.01137493576566119,off,3000.0,1000.0,-0.022710410958610223
105,202704_def,-0.008848192328973338,def,3000.0,1000.0,-0.014438986329314438
106,202710_off,0.011658310832951496,off,3000.0,1000.0,0.02628998470330486
107,202710_def,-0.01082548437480224,def,3000.0,1000.0,-0.010899082837913156
108,202711_off,0.001105069925123182,off,3000.0,1000.0,0.007555302896764657
109,202711_def,0.0076663818668450635,def,3000.0,1000.0,0.029806854547236587
110,202722_off,-0.0011019864201232564,off,3000.0,1000.0,-0.0065462234053317156
111,202722_def,-0.002062005012797558,def,3000.0,1000.0,0.005797018197847938
112,202738_off,0.00034195099497719416,off,3000.0,1000.0,0.0014250571923000927
113,202738_def,-0.0036371375232625916,def,3000.0,1000.0,-0.01264600387693378
114,203076_off,0.007252770090945054,off,3000.0,1000.0,-0.002864893814552142
115,203076_def,-0.012987483118831845,def,3000.0,1000.0,-0.04070443687798137
116,203078_off,0.0029159658506847986,off,3000.0,1000.0,-0.00042704392558364683
117,203078_def,-0.003124078520696616,def,3000.0,1000.0,0.00010958067782827443
118,203081_off,0.009642491611841945,off,3000.0,1000.0,0.04465799637230634
119,203081_def,-0.00132316519940817,def,3000.0,1000.0,-0.004738955260972677
120,203082_off,-0.004254152241503324,off,3000.0,1000.0,-0.012133587119593054
121,203082_def,0.008529628635679975,def,3000.0,1000.0,0.024679529240877615
122,203083_off,0.0038479456860370334,off,3000.0,1000.0,0.007818104051676914
123,203083_def,-0.005085200612295486,def,3000.0,1000.0,-0.013276383555257284
124,203084_off,-0.004117586705308507,off,3000.0,1000.0,0.002750752979282914
125,203084_def,0.0001281889570748944,def,3000.0,1000.0,0.010973964115349231
126,203085_off,-0.005607518889431527,off,3000.0,1000.0,-0.0027433107124413816
127,203085_def,0.0030816275503634085,def,3000.0,1000.0,0.01133606929916911
128,203095_off,-0.008414191522623564,off,3000.0,1000.0,-0.020568536038954206
129,203095_def,-0.00461145193379522,def,3000.0,1000.0,-0.005763464581580469
130,203109_off,-2.301318655627851e-05,off,3000.0,1000.0,0.006286910190479234
131,203109_def,0.0016548545629108682,def,3000.0,1000.0,-0.014024362681420462
132,203110_off,0.006194330849708794,off,3000.0,1000.0,0.006490304666414618
133,203110_def,-0.016864144415961027,def,3000.0,1000.0,-0.0489043294607636
134,203114_off,0.006058016927298734,off,3000.0,1000.0,0.016258699507479327
135,203114_def,-0.0012008084024135088,def,3000.0,1000.0,-0.011158274610491627
136,203115_off,-0.007718979647365722,off,3000.0,1000.0,-0.03349358713664739
137,203115_def,0.006762448504228724,def,3000.0,1000.0,-9.596897141652024e-05
138,203200_off,-0.0043224925479815515,off,3000.0,1000.0,-0.017199824236918966
139,203200_def,0.0010565314873754836,def,3000.0,1000.0,0.008135158921004767
140,203210_off,-0.006284253535654867,off,3000.0,1000.0,-0.012516568883206756
141,203210_def,0.003925408511871895,def,3000.0,1000.0,-0.00040505185820331724
142,203458_off,-0.0004149209617295149,off,3000.0,1000.0,-0.009289668997934111
143,203458_def,-0.007825348597815078,def,3000.0,1000.0,-0.016100413852559742
144,203468_off,-2.1464175312815924e-05,off,3000.0,1000.0,0.01629682613876509
145,203468_def,0.006427019034011869,def,3000.0,1000.0,0.016136644200431167
146,203469_off,-0.002069312988312465,off,3000.0,1000.0,-0.005344345179752828
147,203469_def,-8.248605060422262e-05,def,3000.0,1000.0,0.006433483681639205
148,203471_off,0.0024329264296693,off,3000.0,1000.0,-0.0049060404634805556
149,203471_def,-0.012142759527563371,def,3000.0,1000.0,-0.008306886914535336
150,203473_off,-0.00564963415161339,off,3000.0,1000.0,-0.01551211006222625
151,203473_def,-0.007748235735279143,def,3000.0,1000.0,-0.013732154919579312
152,203476_off,-0.003722386255710077,off,3000.0,1000.0,-0.017007813525419697
153,203476_def,-0.0020778760028536394,def,3000.0,1000.0,-0.007061636672601127
154,203482_off,-0.0012260259865514178,off,3000.0,1000.0,0.0011990006685923134
155,203482_def,0.0026067297545147214,def,3000.0,1000.0,0.011849245555188317
156,203484_off,0.008924070968394439,off,3000.0,1000.0,0.007579183825388038
157,203484_def,-0.004711371382375569,def,3000.0,1000.0,-0.006099614871844548
158,203486_off,-0.0027889180570210923,off,3000.0,1000.0,0.0012565115267022203
159,203486_def,0.004138142689934992,def,3000.0,1000.0,-0.004921279609270613
160,203488_off,0.0020700292239394505,off,3000.0,1000.0,0.00779102051932663
161,203488_def,-0.004392880965296788,def,3000.0,1000.0,-0.017959672870466636
162,203490_off,0.007750118122236539,off,3000.0,1000.0,-0.008212359585238952
163,203490_def,-0.006430789066108226,def,3000.0,1000.0,-0.014692786837469812
164,203493_off,0.002974516327711251,off,3000.0,1000.0,-0.003096207767244133
165,203493_def,-0.0027161708820737174,def,3000.0,1000.0,-0.007227685951244803
166,203496_off,-0.0032504299603482245,off,3000.0,1000.0,-0.008193028478791919
167,203496_def,-0.007529126002691056,def,3000.0,1000.0,-0.028224724414574954
168,203497_off,0.0020352654652853086,off,3000.0,1000.0,-0.005849279004771397
169,203497_def,-0.00807370801771939,def,3000.0,1000.0,-0.03545046045596236
170,203500_off,0.012715975969870374,off,3000.0,1000.0,0.039781332483452225
171,203500_def,-0.002099604308264031,def,3000.0,1000.0,-0.01820184320784294
172,203501_off,-0.0044115161230463456,off,3000.0,1000.0,0.004331665585904238
173,203501_def,0.0015143733964649796,def,3000.0,1000.0,-0.007610043699624541
174,203503_off,-0.005428369477772269,off,3000.0,1000.0,-0.016997738970782366
175,203503_def,0.0028931461259914743,def,3000.0,1000.0,0.008878462594376448
176,203504_off,-5.073395511637518e-06,off,3000.0,1000.0,-0.0012837760988659952
177,203504_def,0.0002496404310705367,def,3000.0,1000.0,-0.0016385459417770666
178,203506_off,-0.00904063906242434,off,3000.0,1000.0,-0.016376639577176576
179,203506_def,-0.002450973641351331,def,3000.0,1000.0,0.005626157897979651
180,203507_off,0.009557890940977032,off,3000.0,1000.0,0.03858395218041142
181,203507_def,-0.019595076411956566,def,3000.0,1000.0,-0.017872510295019673
182,203552_off,-0.0019370533900816425,off,3000.0,1000.0,-0.00607575671542218
183,203552_def,0.004626068994759602,def,3000.0,1000.0,-0.0016436727369257336
184,203648_off,-0.0012725874677980992,off,3000.0,1000.0,-0.005976113341955641
185,203648_def,0.0029425853873149576,def,3000.0,1000.0,0.012999118453643039
186,203897_off,-0.006064179244234564,off,3000.0,1000.0,0.0007869447299657383
187,203897_def,-0.006255889848277343,def,3000.0,1000.0,-0.007520510482360174
188,203903_off,0.005588698865659585,off,3000.0,1000.0,0.009305414469221606
189,203903_def,0.0057013247859820865,def,3000.0,1000.0,0.005699595330816473
190,203914_off,-0.003565297960476162,off,3000.0,1000.0,0.0022894250562879364
191,203914_def,-0.0010715852753730621,def,3000.0,1000.0,0.008856122996325785
192,203915_off,-0.0025196700258978745,off,3000.0,1000.0,0.013529786274220749
193,203915_def,0.0034721690539120374,def,3000.0,1000.0,-0.0005989338390434683
194,203917_off,0.000519366170775534,off,3000.0,1000.0,0.0003910316228301611
195,203917_def,-0.0011801699883574929,def,3000.0,1000.0,-0.004569533440987168
196,203920_off,-0.0016879055340014533,off,3000.0,1000.0,-0.0026081764111003406
197,203920_def,0.0019439857512862956,def,3000.0,1000.0,0.005185189179473482
198,203925_off,-0.004264270431762278,off,3000.0,1000.0,-0.012917357204290289
199,203925_def,-0.002290762626949367,def,3000.0,1000.0,0.00827023767746866
200,203926_off,0.0031110354154235977,off,3000.0,1000.0,0.007847905128139487
201,203926_def,0.008939875465447845,def,3000.0,1000.0,0.02940171370177181
202,203932_off,0.02355481021240913,off,3000.0,1000.0,0.02128130445020399
203,203932_def,-0.016539145230570432,def,3000.0,1000.0,-0.01597612880359189
204,203933_off,0.0014058538834603952,off,3000.0,1000.0,0.000948038558746756
205,203933_def,-0.0077553584903674675,def,3000.0,1000.0,-0.019001631116104305
206,203935_off,0.0008488106320171987,off,3000.0,1000.0,0.007686552208155934
207,203935_def,-0.005850233492711586,def,3000.0,1000.0,-0.014944216573744716
208,203937_off,-0.005894930481482271,off,3000.0,1000.0,-0.009017316335741278
209,203937_def,-0.005142582319324672,def,3000.0,1000.0,-0.02058687892751307
210,203939_off,-0.0006403598290324508,off,3000.0,1000.0,0.013188354586182977
211,203939_def,-0.00017993482756697803,def,3000.0,1000.0,-0.0018790764852349715
212,203944_off,0.002725432396515108,off,3000.0,1000.0,0.01867498798784582
213,203944_def,-0.0032633798665087223,def,3000.0,1000.0,0.0013503461791627958
214,203952_off,0.0004920023542076406,off,3000.0,1000.0,-0.007569633126985391
215,203952_def,-0.016345360149438708,def,3000.0,1000.0,-0.017206606400959185
216,203954_off,0.009783520179433194,off,3000.0,1000.0,0.03052813752854041
217,203954_def,-0.010982015544991496,def,3000.0,1000.0,-0.037837448376965246
218,203957_off,0.0071276171133099545,off,3000.0,1000.0,0.03398478802602842
219,203957_def,-0.002222233179466999,def,3000.0,1000.0,-0.011175870626164416
220,203967_off,0.0005669793345318269,off,3000.0,1000.0,0.0027516744523020777
221,203967_def,0.006345088015456405,def,3000.0,1000.0,0.007928295988069935
222,203991_off,0.00439940591622313,off,3000.0,1000.0,0.01571420493219339
223,203991_def,0.0028696365784238705,def,3000.0,1000.0,-0.013654899166874174
224,203992_off,0.014390609664842237,off,3000.0,1000.0,0.02930955867773886
225,203992_def,0.003978754194835323,def,3000.0,1000.0,-0.009492611450211177
226,203994_off,0.006425061541533178,off,3000.0,1000.0,0.008803151998085545
227,203994_def,-0.007144516607350286,def,3000.0,1000.0,-0.01817440748065979
228,203995_off,0.0016232121580524047,off,3000.0,1000.0,0.015393060967564477
229,203995_def,0.0026583411917843994,def,3000.0,1000.0,0.00349970026184435
230,203999_off,0.028192517378425732,off,3000.0,1000.0,0.07052668043545017
231,203999_def,-0.011385350558853013,def,3000.0,1000.0,-0.039731428241060504
232,204001_off,0.0029146837884138207,off,3000.0,1000.0,0.011945302903267122
233,204001_def,-0.0058248569070100615,def,3000.0,1000.0,-0.013549820144728532
234,204060_off,0.006239906961781536,off,3000.0,1000.0,0.014350130807205796
235,204060_def,0.0004382775435732866,def,3000.0,1000.0,-0.016664019959461172
236,204456_off,0.0008188149459611977,off,3000.0,1000.0,-0.003778847156730451
237,204456_def,0.0006925214619587243,def,3000.0,1000.0,-0.008674384749312107
238,1626145_off,-0.005473854356031844,off,3000.0,1000.0,0.015988331611267958
239,1626145_def,-0.0012635424425765898,def,3000.0,1000.0,0.010168570995270049
240,1626149_off,6.235080815805481e-05,off,3000.0,1000.0,0.004137376836501413
241,1626149_def,-0.005229495527470732,def,3000.0,1000.0,-0.022981640236451724
242,1626153_off,0.010991401548413209,off,3000.0,1000.0,0.0038336542906557258
243,1626153_def,-0.019282615600929632,def,3000.0,1000.0,-0.03132857847651182
244,1626156_off,0.010496136729563755,off,3000.0,1000.0,0.009908287787447626
245,1626156_def,-0.0019275519751216113,def,3000.0,1000.0,-0.0021542236835894123
246,1626157_off,0.0013351357999896731,off,3000.0,1000.0,0.024441188757028116
247,1626157_def,0.005230272417565378,def,3000.0,1000.0,-0.01250883874139089
248,1626162_off,0.0011117770074797727,off,3000.0,1000.0,-0.007494887581663825
249,1626162_def,-0.0020579961824390212,def,3000.0,1000.0,0.006001987896980004
250,1626164_off,0.018368604242390216,off,3000.0,1000.0,0.05286121764888002
251,1626164_def,0.004290853050286416,def,3000.0,1000.0,-0.005978074390924305
252,1626166_off,-0.009097027153351324,off,3000.0,1000.0,-0.004377686016936532
253,1626166_def,-0.002172915557285283,def,3000.0,1000.0,-0.006523440923092727
254,1626167_off,0.01107515235410872,off,3000.0,1000.0,0.021977744546699925
255,1626167_def,-0.002128944021208688,def,3000.0,1000.0,-0.02207352198741168
256,1626168_off,0.0016257998359697316,off,3000.0,1000.0,0.009938418316408236
257,1626168_def,-0.006180640005964672,def,3000.0,1000.0,0.003323762587773987
258,1626171_off,0.0034068409296632044,off,3000.0,1000.0,0.011195916085971307
259,1626171_def,-0.008497611272430159,def,3000.0,1000.0,0.003339459027655547
260,1626172_off,0.00940953431044945,off,3000.0,1000.0,0.023025012915488145
261,1626172_def,-0.01575180834472806,def,3000.0,1000.0,-0.003731269987352416
262,1626179_off,-0.0033793684363951915,off,3000.0,1000.0,-0.004089847090328444
263,1626179_def,0.00427232107096974,def,3000.0,1000.0,0.006617572209742934
264,1626181_off,-0.003791654680497942,off,3000.0,1000.0,-0.011012909524661664
265,1626181_def,0.006154334514221307,def,3000.0,1000.0,0.018439408024169702
266,1626192_off,-0.009819237861901215,off,3000.0,1000.0,-0.014024585695478584
267,1626192_def,-0.0013580593961645608,def,3000.0,1000.0,0.012061421474770477
268,1626196_off,-0.0004918105666579902,off,3000.0,1000.0,-0.007499323766137357
269,1626196_def,0.004538949319108615,def,3000.0,1000.0,0.0071468971757103665
270,1626204_off,0.0037661414644862092,off,3000.0,1000.0,0.002037492866913508
271,1626204_def,-0.01104509036981995,def,3000.0,1000.0,-0.018339262357307026
272,1626220_off,-0.009703851582648837,off,3000.0,1000.0,0.0023800072670631892
273,1626220_def,0.002757230851583158,def,3000.0,1000.0,-0.01691003399802979
274,1626224_off,-0.005521140714052313,off,3000.0,1000.0,-0.007287761764252926
275,1626224_def,7.331442973242778e-05,def,3000.0,1000.0,0.009882578927110567
276,1626246_off,-0.000510386580296112,off,3000.0,1000.0,-0.0036270970011425124
277,1626246_def,-0.005438443997052068,def,3000.0,1000.0,-0.012722325630792173
278,1627734_off,-0.0008516044964565479,off,3000.0,1000.0,0.01600713036141957
279,1627734_def,-0.008449233792555327,def,3000.0,1000.0,-0.014740781667521949
280,1627736_off,-0.007714872195766168,off,3000.0,1000.0,-0.00896152683311675
281,1627736_def,0.003935740622523726,def,3000.0,1000.0,0.005920735250502168
282,1627741_off,0.0003744833739573317,off,3000.0,1000.0,0.008137804061754053
283,1627741_def,0.0019679399956437087,def,3000.0,1000.0,0.008342987246288567
284,1627742_off,0.002686455404879557,off,3000.0,1000.0,0.017533082046887503
285,1627742_def,0.00730820418424139,def,3000.0,1000.0,-0.019618924089125998
286,1627745_off,-0.010830260017874812,off,3000.0,1000.0,-0.02994937995198174
287,1627745_def,0.0025752121418563317,def,3000.0,1000.0,0.0048905451992461695
288,1627747_off,-0.005819891126817471,off,3000.0,1000.0,-0.0010898346912352494
289,1627747_def,-0.006030307965163075,def,3000.0,1000.0,0.0048458327540837984
290,1627749_off,0.005009065640622974,off,3000.0,1000.0,0.01345732915745483
291,1627749_def,0.01349275748172319,def,3000.0,1000.0,-0.005047603537335207
292,1627750_off,0.018369214555046445,off,3000.0,1000.0,0.011753761152722164
293,1627750_def,-0.009254547738348301,def,3000.0,1000.0,0.0036252561056538163
294,1627751_off,0.001652997679477646,off,3000.0,1000.0,0.013304398765049213
295,1627751_def,-0.003260360552723668,def,3000.0,1000.0,-0.0065264117931368906
296,1627752_off,-0.0015253235250118956,off,3000.0,1000.0,0.0009323396737300558
297,1627752_def,-0.0013608008707433298,def,3000.0,1000.0,0.013824438516434681
298,1627759_off,0.0020907066650419446,off,3000.0,1000.0,-0.002356569375518267
299,1627759_def,-0.010481026790968268,def,3000.0,1000.0,-0.01068634389527353
300,1627763_off,0.008560132156446597,off,3000.0,1000.0,0.0018574034255962662
301,1627763_def,0.0036328771374889235,def,3000.0,1000.0,-0.005933427361184885
302,1627777_off,-0.0028213258466137014,off,3000.0,1000.0,-0.0034251413833818515
303,1627777_def,-0.0028355263415479792,def,3000.0,1000.0,0.004893904701091847
304,1627780_off,0.009192636400483355,off,3000.0,1000.0,0.015390176913127884
305,1627780_def,-0.009470599212814913,def,3000.0,1000.0,-0.023109250941462767
306,1627783_off,0.012508427784599502,off,3000.0,1000.0,0.026866002981859656
307,1627783_def,0.008220023860048558,def,3000.0,1000.0,-0.003263309540988532
308,1627788_off,-0.0033665302990079655,off,3000.0,1000.0,-0.014544453081778987
309,1627788_def,-0.003693971721085354,def,3000.0,1000.0,-0.016689815883132605
310,1627789_off,-0.0019415734291653006,off,3000.0,1000.0,-0.0072255671867515
311,1627789_def,0.0007708000674167324,def,3000.0,1000.0,0.006534569069420054
312,1627814_off,-0.00584338061274211,off,3000.0,1000.0,-0.013338862770671908
313,1627814_def,-0.00073998900109202,def,3000.0,1000.0,-0.016428568770453233
314,1627823_off,0.0014261519730432487,off,3000.0,1000.0,0.009846402655484815
315,1627823_def,0.002313700504470458,def,3000.0,1000.0,0.012455444051930954
316,1627826_off,-0.0028860878173444897,off,3000.0,1000.0,-0.008499738478139212
317,1627826_def,-0.0002793657225307357,def,3000.0,1000.0,0.0013285228957612553
318,1627827_off,0.006197365412055893,off,3000.0,1000.0,-0.0016100725965715306
319,1627827_def,-0.0016221926922543725,def,3000.0,1000.0,-0.010464272843107785
320,1627832_off,0.0036834711284085405,off,3000.0,1000.0,0.023581082682870545
321,1627832_def,0.0035932361174245324,def,3000.0,1000.0,-0.027033204073459608
322,1627854_off,-0.00358238984143563,off,3000.0,1000.0,-0.012901122213221546
323,1627854_def,0.00025205390601699924,def,3000.0,1000.0,-0.0006432602353113169
324,1627863_off,-0.0005211081035399397,off,3000.0,1000.0,-0.0025093979150097403
325,1627863_def,-0.0027659493424458245,def,3000.0,1000.0,-0.012324383118763455
326,1627884_off,-0.008704811771242075,off,3000.0,1000.0,-0.0034162241258618212
327,1627884_def,-0.007995415001482934,def,3000.0,1000.0,-0.020212818113379254
328,1627885_off,-0.0008358097787735272,off,3000.0,1000.0,-0.002289205688967947
329,1627885_def,-0.0008496499985190205,def,3000.0,1000.0,-0.003082734174486548
330,1627936_off,-0.010670372181223922,off,3000.0,1000.0,-0.011210515431335747
331,1627936_def,-0.013333917540410509,def,3000.0,1000.0,-0.04722573412189033
332,1628365_off,-0.004881471608698997,off,3000.0,1000.0,-0.010681966985534022
333,1628365_def,-0.0019793343212951065,def,3000.0,1000.0,-0.0066694059613256786
334,1628368_off,0.00788676279654973,off,3000.0,1000.0,0.023404588809137462
335,1628368_def,-0.0027097142000938558,def,3000.0,1000.0,0.0006871438112824354
336,1628369_off,0.018719585799123764,off,3000.0,1000.0,0.039609591041625376
337,1628369_def,-0.016440128108755545,def,3000.0,1000.0,-0.020591337160797946
338,1628370_off,0.0066271070673475565,off,3000.0,1000.0,0.009753256902154726
339,1628370_def,-0.00419893722490861,def,3000.0,1000.0,0.001148878550760001
340,1628371_off,-0.0023453550194135015,off,3000.0,1000.0,0.007855753617833337
341,1628371_def,-0.013285824965830527,def,3000.0,1000.0,-0.04079476764905337
342,1628373_off,-0.005203649155742633,off,3000.0,1000.0,-0.002915934798299084
343,1628373_def,-0.00913042546047635,def,3000.0,1000.0,-0.0186419619546495
344,1628374_off,0.006347374494521404,off,3000.0,1000.0,0.028387253443759006
345,1628374_def,-0.0014747422552053157,def,3000.0,1000.0,-0.005890028984525574
346,1628378_off,0.0015947128369584104,off,3000.0,1000.0,0.03607738582861776
347,1628378_def,-0.005339093920915324,def,3000.0,1000.0,-0.012705066115438653
348,1628379_off,0.00513130155304213,off,3000.0,1000.0,0.009624503549392933
349,1628379_def,-0.0023545876834357537,def,3000.0,1000.0,-0.007317418236664163
350,1628380_off,-0.0029038173510069257,off,3000.0,1000.0,-0.011013814093557877
351,1628380_def,-0.002136863519239502,def,3000.0,1000.0,-0.010682681228246456
352,1628381_off,-0.008794893043606367,off,3000.0,1000.0,-0.0060084994300894645
353,1628381_def,0.001869601578750561,def,3000.0,1000.0,0.00714592816881971
354,1628384_off,-0.0012840298053830503,off,3000.0,1000.0,0.004106920672724997
355,1628384_def,-0.00153954847177162,def,3000.0,1000.0,-0.03184644797254025
356,1628386_off,-0.001488475532254953,off,3000.0,1000.0,0.008058204908768095
357,1628386_def,-0.006799502569699864,def,3000.0,1000.0,-0.018363098678066087
358,1628389_off,-0.0004613829533569183,off,3000.0,1000.0,-0.00958734349163479
359,1628389_def,-0.01267955506775659,def,3000.0,1000.0,-0.030008447333887522
360,1628392_off,0.006068869603979044,off,3000.0,1000.0,0.021907707262211685
361,1628392_def,-0.003523448321318906,def,3000.0,1000.0,-0.021826640876158314
362,1628401_off,0.0035944825226177884,off,3000.0,1000.0,0.021396730545871438
363,1628401_def,-0.014182652006001528,def,3000.0,1000.0,-0.038498206769939
364,1628404_off,-0.00030693977536395517,off,3000.0,1000.0,0.01833421567624857
365,1628404_def,-0.002042254413017051,def,3000.0,1000.0,-0.016674443817723223
366,1628415_off,-0.005038931357553276,off,3000.0,1000.0,0.0070699332008900126
367,1628415_def,-0.01501452704122598,def,3000.0,1000.0,-0.02707849339638593
368,1628418_off,-0.000976146814900269,off,3000.0,1000.0,-0.010148431078590581
369,1628418_def,0.0008013050402068676,def,3000.0,1000.0,0.00450179894341124
370,1628420_off,0.006566497217346065,off,3000.0,1000.0,0.026624048167870246
371,1628420_def,0.0058578118218027275,def,3000.0,1000.0,-0.0044698315825252325
372,1628425_off,-0.0025164846086527123,off,3000.0,1000.0,-0.010796396490162194
373,1628425_def,-0.001808584857148658,def,3000.0,1000.0,-0.010700853769875358
374,1628426_off,0.0008998794219382362,off,3000.0,1000.0,0.010905636923699119
375,1628426_def,-0.000754565377372235,def,3000.0,1000.0,0.004633468088361724
376,1628436_off,0.00921712149263849,off,3000.0,1000.0,0.010603766746751878
377,1628436_def,-0.0049935621498921005,def,3000.0,1000.0,-0.006296553896780639
378,1628449_off,0.0032382752347882887,off,3000.0,1000.0,0.00972686688374953
379,1628449_def,-0.006522744603775967,def,3000.0,1000.0,-0.02514425273492589
380,1628464_off,-0.0077525287300797855,off,3000.0,1000.0,-0.0027191952043203373
381,1628464_def,-0.006173822938803795,def,3000.0,1000.0,-0.01649189077653603
382,1628467_off,-0.004964233051892529,off,3000.0,1000.0,-0.02006972757720557
383,1628467_def,0.0014448803003481638,def,3000.0,1000.0,-0.02066519791221612
384,1628470_off,-0.000519913017573437,off,3000.0,1000.0,-0.015209617185291334
385,1628470_def,0.011521194182766403,def,3000.0,1000.0,0.032812002981741924
386,1628960_off,0.0005405597382361163,off,3000.0,1000.0,-0.0013597445073985184
387,1628960_def,-0.0017243332365089175,def,3000.0,1000.0,-0.0028834758826508057
388,1628964_off,-0.006149624765877226,off,3000.0,1000.0,-0.021468263310378103
389,1628964_def,-0.0034789455868753233,def,3000.0,1000.0,-0.004329701227964482
390,1628966_off,-0.0024913872360817282,off,3000.0,1000.0,-0.01422606493678198
391,1628966_def,0.0018427608303161406,def,3000.0,1000.0,0.0004304951484955635
392,1628969_off,0.006319685781294144,off,3000.0,1000.0,0.020366291280524456
393,1628969_def,-0.002265226135251474,def,3000.0,1000.0,-0.021608304758488364
394,1628970_off,-0.00018749205696721557,off,3000.0,1000.0,0.01188818128478061
395,1628970_def,0.0014187590120580413,def,3000.0,1000.0,-0.01010104113305162
396,1628971_off,0.005702636886258437,off,3000.0,1000.0,0.004142358752387767
397,1628971_def,-0.002287007021962689,def,3000.0,1000.0,0.017391710506829312
398,1628972_off,-0.004463395752098446,off,3000.0,1000.0,-0.00843986198681393
399,1628972_def,0.003274455959115641,def,3000.0,1000.0,0.006705527501706514
400,1628973_off,0.018740845892838552,off,3000.0,1000.0,0.04447557326026109
401,1628973_def,-0.001400020526766914,def,3000.0,1000.0,-0.006290948166470762
402,1628975_off,0.0034715913383566964,off,3000.0,1000.0,-0.01931383451012407
403,1628975_def,-0.012844429489364916,def,3000.0,1000.0,-0.02180426468752011
404,1628976_off,-0.00410979511642581,off,3000.0,1000.0,-0.00888036992922357
405,1628976_def,-0.008188062971053652,def,3000.0,1000.0,-0.01794960062025885
406,1628978_off,-0.007435456463517856,off,3000.0,1000.0,-0.001503445230230716
407,1628978_def,0.0072777495956492235,def,3000.0,1000.0,-0.0007130560932655356
408,1628981_off,-0.009258432878508381,off,3000.0,1000.0,-0.023698226167366762
409,1628981_def,0.0028966493980626456,def,3000.0,1000.0,-0.0029659945772465297
410,1628983_off,0.013012522998411588,off,3000.0,1000.0,0.027106659560256485
411,1628983_def,-0.004049534614473838,def,3000.0,1000.0,-0.013859565197829325
412,1628984_off,0.0035238910522696165,off,3000.0,1000.0,-0.007935712926936758
413,1628984_def,0.0007171821468226965,def,3000.0,1000.0,3.228979670651473e-06
414,1628988_off,0.0004098637203171155,off,3000.0,1000.0,-0.014607311163748037
415,1628988_def,-0.005591708635977506,def,3000.0,1000.0,-0.02132696209670181
416,1628989_off,-0.0023126566509900216,off,3000.0,1000.0,0.030528031830496658
417,1628989_def,-0.0034691077160592695,def,3000.0,1000.0,0.0002081414500847557
418,1628991_off,-0.010543495588070922,off,3000.0,1000.0,0.0019861412970544248
419,1628991_def,-0.009184951940641395,def,3000.0,1000.0,-0.01582003762038996
420,1628997_off,0.001103050126040431,off,3000.0,1000.0,0.0012009319253505882
421,1628997_def,-0.0073478057796580246,def,3000.0,1000.0,-0.00789786851400587
422,1628998_off,-0.0006729852482291612,off,3000.0,1000.0,0.006443424606951387
423,1628998_def,0.002062018700565821,def,3000.0,1000.0,-0.00013862693141652912
424,1629001_off,0.00022748518761581523,off,3000.0,1000.0,0.013359566665381408
425,1629001_def,-0.01591686116214381,def,3000.0,1000.0,-0.011853850006147037
426,1629002_off,-0.004885809292180875,off,3000.0,1000.0,-0.01599707264386102
427,1629002_def,-0.005910698736554174,def,3000.0,1000.0,-0.010161437447994486
428,1629003_off,-0.003301907767618753,off,3000.0,1000.0,-0.003970438302832997
429,1629003_def,-0.0013101056617128878,def,3000.0,1000.0,-0.008921392846433599
430,1629004_off,0.0039784899340837504,off,3000.0,1000.0,-0.0023083473589614934
431,1629004_def,-0.004368198312221139,def,3000.0,1000.0,-0.008730821673162695
432,1629006_off,-0.00788161553734353,off,3000.0,1000.0,-0.014178688655959079
433,1629006_def,-0.005955563234261844,def,3000.0,1000.0,-0.028328725782966198
434,1629008_off,0.016808334305493642,off,3000.0,1000.0,0.0144194213112294
435,1629008_def,-0.004784928150879923,def,3000.0,1000.0,-0.007630118136588435
436,1629010_off,-0.0009585355848897534,off,3000.0,1000.0,-0.001734264644237511
437,1629010_def,-0.0015258529271323642,def,3000.0,1000.0,0.0009481874696620809
438,1629011_off,0.0005397752241808601,off,3000.0,1000.0,0.02490447323109407
439,1629011_def,-0.004759712849089726,def,3000.0,1000.0,-0.004489346487528007
440,1629013_off,-0.004763925339399202,off,3000.0,1000.0,-0.007131025580754886
441,1629013_def,0.0009480518316834788,def,3000.0,1000.0,-0.024780954203163924
442,1629018_off,-0.0022680360460255026,off,3000.0,1000.0,-0.00015010799382133278
443,1629018_def,0.011446504926481303,def,3000.0,1000.0,0.01383347689175562
444,1629020_off,-0.004189227135134484,off,3000.0,1000.0,0.004625429102595375
445,1629020_def,-0.0022495025949647494,def,3000.0,1000.0,-0.0009327067834421342
446,1629021_off,-0.0012440564343256925,off,3000.0,1000.0,0.0035371094653921607
447,1629021_def,-0.0033184438643025214,def,3000.0,1000.0,-0.007473322763633816
448,1629022_off,-0.00253525908455375,off,3000.0,1000.0,-0.008611895802238947
449,1629022_def,0.0071136464466852855,def,3000.0,1000.0,0.014562193929917016
450,1629023_off,-0.006044040092854641,off,3000.0,1000.0,-0.0014882254192326557
451,1629023_def,0.0031193833226626413,def,3000.0,1000.0,-0.0037153131442398536
452,1629026_off,0.001178912986665879,off,3000.0,1000.0,0.0003759056400874869
453,1629026_def,-0.008464245638146602,def,3000.0,1000.0,-0.035795712978052355
454,1629027_off,0.0027289564597245517,off,3000.0,1000.0,0.02192206135198067
455,1629027_def,0.012690044459960179,def,3000.0,1000.0,0.011551292838599694
456,1629028_off,0.0023578473286066997,off,3000.0,1000.0,-0.006560317628176423
457,1629028_def,0.0031822465833621135,def,3000.0,1000.0,-0.00357088632246214
458,1629029_off,0.005084748365846504,off,3000.0,1000.0,0.02778286039583308
459,1629029_def,-0.0005820033326277648,def,3000.0,1000.0,-0.006419820885895392
460,1629048_off,0.0016343918854843339,off,3000.0,1000.0,0.008317028447363707
461,1629048_def,0.0019484028546027357,def,3000.0,1000.0,-0.006512856710618551
462,1629052_off,0.0013021066254373037,off,3000.0,1000.0,0.0035803253572169844
463,1629052_def,0.0038278464389553675,def,3000.0,1000.0,0.014391878193918458
464,1629056_off,0.0058991071009775985,off,3000.0,1000.0,0.010613269487866842
465,1629056_def,0.003368295954006456,def,3000.0,1000.0,0.001758015868210404
466,1629057_off,0.003854605306118468,off,3000.0,1000.0,-0.0037847994888323524
467,1629057_def,-0.009967859477433864,def,3000.0,1000.0,-0.03954433076427207
468,1629060_off,0.002741958570842978,off,3000.0,1000.0,0.004651670354410364
469,1629060_def,0.0010439391276043076,def,3000.0,1000.0,-0.0038464442514850785
470,1629111_off,0.0032983196531669594,off,3000.0,1000.0,0.0059445643136097895
471,1629111_def,-0.006070269617555692,def,3000.0,1000.0,-0.017806238578252077
472,1629117_off,-0.002154265960883352,off,3000.0,1000.0,0.003789511567606389
473,1629117_def,-0.0027154011233835452,def,3000.0,1000.0,-0.0036818102830380862
474,1629130_off,0.005809490241990925,off,3000.0,1000.0,-0.0011778298225765204
475,1629130_def,0.00019663746113227713,def,3000.0,1000.0,-0.006090712961118228
476,1629139_off,-0.0013137716844373861,off,3000.0,1000.0,-0.0038027206526376977
477,1629139_def,0.00029640896796513135,def,3000.0,1000.0,-0.0014583228645165536
478,1629162_off,-0.0028439386933294055,off,3000.0,1000.0,0.003604065024191761
479,1629162_def,-0.009248863737807549,def,3000.0,1000.0,-0.03836788288040055
480,1629216_off,0.004684829967015694,off,3000.0,1000.0,-0.0036886546738196246
481,1629216_def,-0.025024337282635718,def,3000.0,1000.0,-0.010752244610207852
482,1629234_off,-0.007019375407002443,off,3000.0,1000.0,-0.019777521458427653
483,1629234_def,0.00315841135337562,def,3000.0,1000.0,0.014797770469701342
484,1629308_off,-0.004702655999389375,off,3000.0,1000.0,-0.011746408337440313
485,1629308_def,0.0013354705142757238,def,3000.0,1000.0,0.0009664477792652956
486,1629312_off,-0.00584233597766917,off,3000.0,1000.0,-0.023224860681436373
487,1629312_def,-0.0015218859434712702,def,3000.0,1000.0,-0.007193275022181235
488,1629599_off,-0.004062714990926783,off,3000.0,1000.0,-0.003692693838696226
489,1629599_def,0.006296715541489826,def,3000.0,1000.0,0.011740983891956812
490,1629611_off,0.003831473709734732,off,3000.0,1000.0,0.005639798624004514
491,1629611_def,-0.002211801444732038,def,3000.0,1000.0,-0.00686027575119709
492,1629614_off,0.0037357946803025883,off,3000.0,1000.0,-0.010347983252603908
493,1629614_def,0.0024550003454830013,def,3000.0,1000.0,-0.0030839786050784086
494,1629622_off,0.004484744887457475,off,3000.0,1000.0,0.006142516167816286
495,1629622_def,-0.012626006989582234,def,3000.0,1000.0,-0.00474307385170669
496,1629626_off,-0.0036770713810201864,off,3000.0,1000.0,-0.013944995122894979
497,1629626_def,-0.0024237221276791846,def,3000.0,1000.0,-0.010877336366646938
498,1629627_off,0.0010678043063427811,off,3000.0,1000.0,0.008405050985889732
499,1629627_def,-0.005166255415380654,def,3000.0,1000.0,-0.017142727355090287
500,1629628_off,-0.008799883547810377,off,3000.0,1000.0,-0.010463059906571317
501,1629628_def,0.0028070490965757264,def,3000.0,1000.0,0.01819727283960797
502,1629630_off,0.004205045183997504,off,3000.0,1000.0,0.017159543883656894
503,1629630_def,-0.0004106478133140255,def,3000.0,1000.0,-0.011397659544629566
504,1629631_off,0.002806888677671963,off,3000.0,1000.0,-0.001271617167531965
505,1629631_def,0.01666496357013487,def,3000.0,1000.0,-0.003812995067218955
506,1629632_off,0.0001663193060803871,off,3000.0,1000.0,0.01804788503548091
507,1629632_def,0.003721458210674802,def,3000.0,1000.0,0.008641788365214124
508,1629634_off,-0.006253291003190575,off,3000.0,1000.0,-0.008017909509798103
509,1629634_def,-0.008554714524887277,def,3000.0,1000.0,-0.021439792410488472
510,1629636_off,0.0015181712398055778,off,3000.0,1000.0,0.033947387458804656
511,1629636_def,-0.005297076843493452,def,3000.0,1000.0,-0.013829809449840968
512,1629637_off,-0.0035035510964878487,off,3000.0,1000.0,-0.020193871772416088
513,1629637_def,0.0004727472857272898,def,3000.0,1000.0,0.0006498605527057224
514,1629638_off,0.0007428895207531078,off,3000.0,1000.0,-0.0013655300582090684
515,1629638_def,-0.011937485529258869,def,3000.0,1000.0,-0.007636171831300021
516,1629639_off,-0.0013620698021395154,off,3000.0,1000.0,0.025232658182455816
517,1629639_def,0.0006722974133619144,def,3000.0,1000.0,-0.006638840235141042
518,1629640_off,-0.0010786437064635,off,3000.0,1000.0,0.0053944756372675895
519,1629640_def,0.0006039427148535266,def,3000.0,1000.0,0.005530104198021768
520,1629647_off,-0.010642878385784062,off,3000.0,1000.0,-0.045312573206664014
521,1629647_def,0.0035790301863611665,def,3000.0,1000.0,0.008234331453851688
522,1629650_off,-0.0019075885163603082,off,3000.0,1000.0,-0.010588098963373128
523,1629650_def,0.0037466476428621087,def,3000.0,1000.0,0.007485527567953452
524,1629651_off,-0.006523971169830088,off,3000.0,1000.0,-0.010407976452055321
525,1629651_def,-0.0015761886484711562,def,3000.0,1000.0,-0.010765585552408963
526,1629652_off,0.004468486291904993,off,3000.0,1000.0,0.002360974473513981
527,1629652_def,-0.004426377450974865,def,3000.0,1000.0,-0.012340756825840293
528,1629655_off,-0.001383019768186252,off,3000.0,1000.0,2.6204980015676306e-05
529,1629655_def,0.0016776832626390504,def,3000.0,1000.0,0.004808170184192164
530,1629656_off,-0.005532327557862498,off,3000.0,1000.0,-0.009959543447234117
531,1629656_def,-0.010555119915388992,def,3000.0,1000.0,-0.006950942140598682
532,1629659_off,-0.001722636714302531,off,3000.0,1000.0,-0.010914837701694931
533,1629659_def,-0.00018209577385205382,def,3000.0,1000.0,-0.0014722159668438283
534,1629661_off,-0.006013960325237893,off,3000.0,1000.0,-0.00016981808901511396
535,1629661_def,0.0035039324604506272,def,3000.0,1000.0,-0.010828277161108102
536,1629667_off,0.00041654858928578465,off,3000.0,1000.0,-0.001069705291616734
537,1629667_def,-0.003830950310116241,def,3000.0,1000.0,-0.008714680260089605
538,1629669_off,0.0010925307240263115,off,3000.0,1000.0,0.014125211878938596
539,1629669_def,0.00651736791752468,def,3000.0,1000.0,0.004295920387954177
540,1629670_off,-0.004708811401199703,off,3000.0,1000.0,-0.019892393448285084
541,1629670_def,0.008811265944730771,def,3000.0,1000.0,0.027564353702782655
542,1629672_off,0.0008296449492675931,off,3000.0,1000.0,-0.002405369454072617
543,1629672_def,0.0015031811068036813,def,3000.0,1000.0,0.001663532564048277
544,1629673_off,-0.0028355288284050233,off,3000.0,1000.0,-0.006200542144511546
545,1629673_def,-0.00408568545480275,def,3000.0,1000.0,-0.0013457983579025395
546,1629674_off,0.002206619693838784,off,3000.0,1000.0,0.003474521284405237
547,1629674_def,-0.00018602813603060546,def,3000.0,1000.0,0.0033041083453908106
548,1629675_off,-0.009102358889947931,off,3000.0,1000.0,-0.01667939825468858
549,1629675_def,-0.008512002770295754,def,3000.0,1000.0,-0.018531075360645237
550,1629677_off,-0.0012059748446033758,off,3000.0,1000.0,-0.0054549018075905785
551,1629677_def,-0.0005199602686472446,def,3000.0,1000.0,-0.0028397965823119668
552,1629680_off,-0.007312331271188255,off,3000.0,1000.0,-0.015425258564891237
553,1629680_def,-0.005072611795232859,def,3000.0,1000.0,-0.031563704754932885
554,1629684_off,0.0013699977371641528,off,3000.0,1000.0,-0.006770790567571108
555,1629684_def,0.004323046615783757,def,3000.0,1000.0,0.0016673224847705765
556,1629716_off,-0.0004916153489868461,off,3000.0,1000.0,-0.005854942024826715
557,1629716_def,0.0021706224413842994,def,3000.0,1000.0,-0.0019807502444973437
558,1629717_off,0.00091529227067582,off,3000.0,1000.0,0.005113535246649604
559,1629717_def,0.00298147409051729,def,3000.0,1000.0,0.00928193772065378
560,1629723_off,-0.006490169072027114,off,3000.0,1000.0,-0.0021918290125381916
561,1629723_def,-0.004575951959061556,def,3000.0,1000.0,-0.023685548970839167
562,1629726_off,0.0032021880813929747,off,3000.0,1000.0,-0.0018114373996087852
563,1629726_def,0.004425196813671624,def,3000.0,1000.0,0.018245995029720005
564,1629730_off,0.0006337601731267148,off,3000.0,1000.0,0.001649277289164703
565,1629730_def,0.0009557882808969478,def,3000.0,1000.0,0.003999129118652516
566,1629731_off,-0.007058864749937857,off,3000.0,1000.0,-0.016262680996222068
567,1629731_def,-0.011984403575327858,def,3000.0,1000.0,-0.049875834901533064
568,1629750_off,0.006926438178656951,off,3000.0,1000.0,0.020926156105854105
569,1629750_def,-0.004575274137015583,def,3000.0,1000.0,-0.014204713130210985
570,1629752_off,0.0002484161893749933,off,3000.0,1000.0,-0.000868744273616306
571,1629752_def,0.0007011196704182506,def,3000.0,1000.0,0.0028044787064692425
572,1629875_off,-0.006319223860142503,off,3000.0,1000.0,-0.00805949849751873
573,1629875_def,-0.0012568179812117621,def,3000.0,1000.0,0.0063817557398911625
574,1630162_off,0.0055859862891089115,off,3000.0,1000.0,0.0229655482050168
575,1630162_def,-0.0029356520591786624,def,3000.0,1000.0,-0.017897801300673134
576,1630163_off,0.004907182140960793,off,3000.0,1000.0,0.022069195126362427
577,1630163_def,0.003647008069482323,def,3000.0,1000.0,0.008599313467284594
578,1630164_off,-0.008179105301900374,off,3000.0,1000.0,-0.021973411480647777
579,1630164_def,0.005429455251384463,def,3000.0,1000.0,0.03046328240794805
580,1630166_off,0.0002603367673811071,off,3000.0,1000.0,-0.0030962600163388274
581,1630166_def,-0.0009014410399497399,def,3000.0,1000.0,-0.016540842537202526
582,1630167_off,0.007443842495064565,off,3000.0,1000.0,0.03885275439546895
583,1630167_def,-0.004511068361936833,def,3000.0,1000.0,-0.0014832154953749353
584,1630168_off,0.005914498369140378,off,3000.0,1000.0,0.0070006706383608265
585,1630168_def,-0.0010125728948268615,def,3000.0,1000.0,0.00028653435398664313
586,1630169_off,0.013423320069653022,off,3000.0,1000.0,0.026179021470836922
587,1630169_def,0.005217588842953456,def,3000.0,1000.0,0.005195892828049468
588,1630170_off,-0.006312686507481878,off,3000.0,1000.0,-0.016350682525249224
589,1630170_def,0.0010173478516631474,def,3000.0,1000.0,0.0018627219023216893
590,1630171_off,-0.0042989081808711685,off,3000.0,1000.0,0.0019506191200722193
591,1630171_def,-0.002208842322650778,def,3000.0,1000.0,-0.0013948066907887966
592,1630172_off,-0.008370646888530725,off,3000.0,1000.0,-0.002007347558450444
593,1630172_def,0.0026659442305921608,def,3000.0,1000.0,-0.0029684197871819177
594,1630173_off,-0.0016930521726714475,off,3000.0,1000.0,-0.011776390331185731
595,1630173_def,0.003965601753746203,def,3000.0,1000.0,-0.0025817825951638374
596,1630174_off,0.0030769854005031176,off,3000.0,1000.0,0.003951951036116013
597,1630174_def,0.0022185949644782724,def,3000.0,1000.0,0.004104059449369224
598,1630175_off,0.000509565760446059,off,3000.0,1000.0,0.007175523983280474
599,1630175_def,-0.0007397992502613031,def,3000.0,1000.0,0.0008475024472745479
600,1630178_off,0.006846313128802404,off,3000.0,1000.0,0.02596950802254051
601,1630178_def,-0.002066493807205928,def,3000.0,1000.0,0.002068133346371194
602,1630180_off,0.005609624245419995,off,3000.0,1000.0,0.007337620364399686
603,1630180_def,0.014568329683433419,def,3000.0,1000.0,0.018553319989159284
604,1630182_off,-0.0008801994480640267,off,3000.0,1000.0,0.00785790076097701
605,1630182_def,0.00456133326986939,def,3000.0,1000.0,0.0037061067220026246
606,1630183_off,0.006166330510695572,off,3000.0,1000.0,-0.004913739766657525
607,1630183_def,-0.00386855474327887,def,3000.0,1000.0,-0.003791493850475502
608,1630184_off,-0.011162249955053894,off,3000.0,1000.0,-0.0368272910866659
609,1630184_def,0.0034522165561441565,def,3000.0,1000.0,-0.0033979788662274334
610,1630188_off,0.005657109359678374,off,3000.0,1000.0,0.013059498010852048
611,1630188_def,0.0036741163483788694,def,3000.0,1000.0,0.004790552825136883
612,1630192_off,-0.005788875426155972,off,3000.0,1000.0,-0.023048697474738266
613,1630192_def,-0.004045873143102065,def,3000.0,1000.0,-0.011444522287824846
614,1630193_off,-0.010749817477312807,off,3000.0,1000.0,-0.004597623173698932
615,1630193_def,-0.018510898949577408,def,3000.0,1000.0,-0.037779820825466284
616,1630194_off,0.0020730407990208156,off,3000.0,1000.0,0.012075248460795836
617,1630194_def,-0.0007689496862127131,def,3000.0,1000.0,0.004128809625991465
618,1630197_off,-0.008347402456826454,off,3000.0,1000.0,-0.03145330912549448
619,1630197_def,-0.0013421352704667843,def,3000.0,1000.0,0.0007358608265195641
620,1630198_off,0.005614927384654227,off,3000.0,1000.0,0.015798353267117333
621,1630198_def,-0.004332646788695906,def,3000.0,1000.0,-0.008878621291670366
622,1630200_off,0.006994395204472856,off,3000.0,1000.0,0.011556928887817845
623,1630200_def,-0.0024106528902265796,def,3000.0,1000.0,-0.009095963905921442
624,1630201_off,-0.007999218303776362,off,3000.0,1000.0,-0.023476315684060865
625,1630201_def,0.006188994385302485,def,3000.0,1000.0,0.02240661477573959
626,1630202_off,0.01697198458846652,off,3000.0,1000.0,0.01321899972490508
627,1630202_def,-0.005879473871115608,def,3000.0,1000.0,-0.007997414398157678
628,1630205_off,-0.0020161158877481642,off,3000.0,1000.0,-0.006023225117132839
629,1630205_def,0.0021693820764167476,def,3000.0,1000.0,0.0008404988540726117
630,1630207_off,0.00017582562750877073,off,3000.0,1000.0,0.0007175699611960038
631,1630207_def,-0.001719987849418257,def,3000.0,1000.0,-0.004683163222199889
632,1630209_off,0.0030902098833810888,off,3000.0,1000.0,0.008369093936296385
633,1630209_def,0.001210527348474974,def,3000.0,1000.0,0.008192915054340694
634,1630214_off,-0.010379769963601541,off,3000.0,1000.0,-0.01945114920484315
635,1630214_def,-0.003313227573125139,def,3000.0,1000.0,-0.015214563070935154
636,1630215_off,-0.0014680580443574244,off,3000.0,1000.0,-0.00673009871627131
637,1630215_def,0.003480371595540402,def,3000.0,1000.0,-0.003952665368705981
638,1630217_off,0.004814401821576372,off,3000.0,1000.0,0.013640904928185161
639,1630217_def,-0.01496162559039533,def,3000.0,1000.0,-0.017301376186107813
640,1630224_off,-0.0019403173383002747,off,3000.0,1000.0,-0.003856278317081129
641,1630224_def,0.0029658912166538325,def,3000.0,1000.0,0.0248616027744529
642,1630228_off,-0.008268630324061768,off,3000.0,1000.0,-0.003654304202244354
643,1630228_def,0.010064164855763323,def,3000.0,1000.0,0.0008074976229789181
644,1630230_off,0.0013399060407829969,off,3000.0,1000.0,-0.008685299761402266
645,1630230_def,-0.00966105677287102,def,3000.0,1000.0,-0.02045525901106036
646,1630233_off,-0.00012548351745885668,off,3000.0,1000.0,-0.0014383481016051543
647,1630233_def,-0.002175467395997623,def,3000.0,1000.0,-0.009476721757536081
648,1630237_off,-0.0011192897190749967,off,3000.0,1000.0,-0.002029808798934382
649,1630237_def,-0.001537310033934023,def,3000.0,1000.0,-0.004216280301927862
650,1630238_off,0.00013699548964502846,off,3000.0,1000.0,-0.00131442707647674
651,1630238_def,0.00011915115344174447,def,3000.0,1000.0,0.0015529806934922836
652,1630241_off,-0.0010677134945831967,off,3000.0,1000.0,-0.002065791652735622
653,1630241_def,-0.0026744270448511177,def,3000.0,1000.0,-0.005838619819773238
654,1630245_off,-0.010917197407175706,off,3000.0,1000.0,-0.02555892475140677
655,1630245_def,-0.0016183218582485914,def,3000.0,1000.0,-0.0071849209241296235
656,1630249_off,0.004425464403039688,off,3000.0,1000.0,0.008579877240294175
657,1630249_def,0.005555507421422491,def,3000.0,1000.0,0.02124454456765406
658,1630264_off,-9.689226646978551e-05,off,3000.0,1000.0,0.005153605475606631
659,1630264_def,0.005119390421480515,def,3000.0,1000.0,0.006500329404665637
660,1630267_off,-0.007726349257858716,off,3000.0,1000.0,-0.02851353610635809
661,1630267_def,0.002001691725859532,def,3000.0,1000.0,0.0040634430050816225
662,1630285_off,-0.007181374220689513,off,3000.0,1000.0,-0.017119822429337756
663,1630285_def,0.005026067149570993,def,3000.0,1000.0,0.0027273395133901963
664,1630311_off,-0.0008941734820814668,off,3000.0,1000.0,-0.0007839514200595337
665,1630311_def,-0.001000952516061926,def,3000.0,1000.0,0.000246889254918375
666,1630314_off,-0.006708358797832828,off,3000.0,1000.0,-0.018390217628302192
667,1630314_def,0.005218329045051123,def,3000.0,1000.0,0.012871473953024593
668,1630322_off,-5.6255044627896514e-05,off,3000.0,1000.0,0.003496481246745557
669,1630322_def,-0.0009685229238530099,def,3000.0,1000.0,-0.005301019577811601
670,1630492_off,0.0002952493210885322,off,3000.0,0.0,0.0
671,1630492_def,-5.865791557990894e-05,def,3000.0,0.0,0.0
672,1630526_off,-0.005368936364322637,off,3000.0,1000.0,-0.019174745299639886
673,1630526_def,0.0021628463621824437,def,3000.0,1000.0,0.010066809325456451
674,1630527_off,-0.013166330693227087,off,3000.0,1000.0,-0.032673483494292624
675,1630527_def,-0.0036487541602083042,def,3000.0,1000.0,-0.006506950729367822
676,1630529_off,-0.0022532393822177563,off,3000.0,1000.0,0.014903140494910299
677,1630529_def,0.0001187930018607482,def,3000.0,1000.0,-0.03185401931670047
678,1630530_off,0.010763482639892057,off,3000.0,1000.0,-0.0074719062778736646
679,1630530_def,-0.000883219563457801,def,3000.0,1000.0,0.001686692202375999
680,1630531_off,0.0018844356789309848,off,3000.0,1000.0,-0.005104160528489116
681,1630531_def,-0.0008855952949525034,def,3000.0,1000.0,-0.00010402873861551149
682,1630532_off,-0.0016234042492980925,off,3000.0,1000.0,0.0031125280956757788
683,1630532_def,-0.011201689266066833,def,3000.0,1000.0,-0.03732448594535736
684,1630533_off,-0.003197331912423917,off,3000.0,1000.0,-0.016678075450383717
685,1630533_def,0.0066704509385700685,def,3000.0,1000.0,0.0031667723054833417
686,1630534_off,-0.0006455448911653782,off,3000.0,1000.0,0.008796411327916752
687,1630534_def,0.002484212704279876,def,3000.0,1000.0,-0.0023912572407500544
688,1630538_off,0.0040534705556533905,off,3000.0,1000.0,0.014704415337587588
689,1630538_def,0.0030032771461157948,def,3000.0,1000.0,0.009240344173772964
690,1630540_off,0.0014433027061559057,off,3000.0,1000.0,0.0017023449290908578
691,1630540_def,-0.009624493528154884,def,3000.0,1000.0,-0.01775446933678443
692,1630541_off,0.0011748703998152768,off,3000.0,1000.0,-0.009869791140118519
693,1630541_def,0.001575196586193885,def,3000.0,1000.0,-0.004887665397774817
694,1630544_off,-0.001557028423226317,off,3000.0,1000.0,-0.016331671538275812
695,1630544_def,0.0025618410773847185,def,3000.0,1000.0,-0.002763449279309255
696,1630548_off,0.0014527353840861218,off,3000.0,1000.0,-0.019068819794493833
697,1630548_def,0.000925826368022601,def,3000.0,1000.0,0.006560255789757512
698,1630549_off,0.002989541992547938,off,3000.0,1000.0,0.005208553389100359
699,1630549_def,0.0015898416492030067,def,3000.0,1000.0,-0.002632220796056576
700,1630550_off,-0.0011634679788637473,off,3000.0,1000.0,-0.014619717553693215
701,1630550_def,-0.002055311804964002,def,3000.0,1000.0,-0.009982101071256794
702,1630551_off,0.0010600670181573307,off,3000.0,1000.0,0.002099703094046378
703,1630551_def,0.00303665535505958,def,3000.0,1000.0,0.008055278900038333
704,1630552_off,-0.005731231624123715,off,3000.0,1000.0,-0.021259821524636586
705,1630552_def,-0.002346964985844686,def,3000.0,1000.0,-0.015390838177400994
706,1630553_off,-0.004142522861244665,off,3000.0,1000.0,-0.016570091591485724
707,1630553_def,0.00842996187529301,def,3000.0,1000.0,0.03287788751816706
708,1630554_off,0.0019014359118732249,off,3000.0,1000.0,-0.0021310448512428383
709,1630554_def,0.0008440811602176189,def,3000.0,1000.0,0.002258076097123837
710,1630556_off,-0.00031966659847473177,off,3000.0,1000.0,0.007979345242520338
711,1630556_def,0.0041610129406757755,def,3000.0,1000.0,0.014631280299662434
712,1630557_off,0.00022587202395022205,off,3000.0,1000.0,0.0018632440579937257
713,1630557_def,0.01045476821089783,def,3000.0,1000.0,0.025490047116083065
714,1630558_off,-0.007913907497278019,off,3000.0,1000.0,-0.022041977426352277
715,1630558_def,-0.009260910593948079,def,3000.0,1000.0,-0.004313131495928876
716,1630559_off,0.009151104514430252,off,3000.0,1000.0,0.010649433506387971
717,1630559_def,-0.010121896941406592,def,3000.0,1000.0,-0.010631338051116329
718,1630560_off,-0.002605674419683982,off,3000.0,1000.0,-0.01127039572335304
719,1630560_def,0.00819919173254762,def,3000.0,1000.0,0.020670803919258737
720,1630561_off,-0.0024814887213438796,off,3000.0,1000.0,-0.007302121794162289
721,1630561_def,-0.0019233578425266688,def,3000.0,1000.0,0.005399685754687026
722,1630563_off,-0.0017485754838120332,off,3000.0,1000.0,-0.0035903176136602376
723,1630563_def,-0.0009039831320275502,def,3000.0,1000.0,0.001674204451013521
724,1630564_off,0.001497167193561126,off,3000.0,1000.0,0.0017614161214483124
725,1630564_def,-0.0012133855411385142,def,3000.0,1000.0,0.002904280544314179
726,1630567_off,-0.003139254573533844,off,3000.0,1000.0,-0.004092615594423779
727,1630567_def,0.002270548220451241,def,3000.0,1000.0,-0.003895046800517972
728,1630570_off,-0.005345392739165722,off,3000.0,1000.0,-0.013296888339971938
729,1630570_def,0.0037472867900874038,def,3000.0,1000.0,0.021753629572268254
730,1630572_off,-0.003512001399563976,off,3000.0,1000.0,-0.013604141957905906
731,1630572_def,-0.0017206232099072443,def,3000.0,1000.0,-0.000587286581167238
732,1630573_off,0.012172183492849535,off,3000.0,1000.0,0.010818515613147672
733,1630573_def,-0.008669784903134282,def,3000.0,1000.0,-0.02445971951044739
734,1630577_off,0.0028508782268474976,off,3000.0,1000.0,-0.0016184513858793735
735,1630577_def,0.0006600153850446744,def,3000.0,1000.0,0.008825699500416445
736,1630579_off,-0.0012069944391617873,off,3000.0,1000.0,-0.011362344321140305
737,1630579_def,-0.0006433419466695172,def,3000.0,1000.0,-0.0006042014607410697
738,1630581_off,-0.0015953323375199533,off,3000.0,1000.0,-0.006239476474442145
739,1630581_def,0.003564769189951265,def,3000.0,1000.0,0.004154098841177516
740,1630583_off,-0.0037588455014667187,off,3000.0,1000.0,-0.01374503374517605
741,1630583_def,0.002651606285941985,def,3000.0,1000.0,-0.0025876924493898773
742,1630586_off,-0.004917452800440511,off,3000.0,1000.0,-0.0175699336464541
743,1630586_def,0.003136833530680586,def,3000.0,1000.0,0.01959893346581739
744,1630590_off,-0.00270403195538003,off,3000.0,1000.0,-0.018161744115747995
745,1630590_def,-0.0011897116387178752,def,3000.0,1000.0,-0.0026767089427457034
746,1630591_off,-0.0071385532703577385,off,3000.0,1000.0,-0.01872981001579959
747,1630591_def,-0.005354315687525761,def,3000.0,1000.0,-0.016977942205853472
748,1630592_off,0.0006994042083465269,off,3000.0,1000.0,0.002474182346874496
749,1630592_def,-0.0006760502757162878,def,3000.0,1000.0,0.005715699548173536
750,1630596_off,-0.014438283030353542,off,3000.0,1000.0,-0.025869172557448302
751,1630596_def,-0.015221199757947028,def,3000.0,1000.0,-0.026434968270278695
752,1630598_off,-0.0011712308211502117,off,3000.0,1000.0,0.0008217351898293247
753,1630598_def,3.553711623456207e-05,def,3000.0,1000.0,0.0057247094938136164
754,1630600_off,-0.0024215849588797335,off,3000.0,1000.0,0.000711990993533528
755,1630600_def,0.0003604806259862767,def,3000.0,1000.0,-0.0011106747571636942
756,1630611_off,0.0035044411265690344,off,3000.0,1000.0,0.0046925389751470495
757,1630611_def,-0.0011555030088591714,def,3000.0,1000.0,0.0017392095446002657
758,1630625_off,-0.012304930791795971,off,3000.0,1000.0,-0.020551360477912638
759,1630625_def,0.004977148024246655,def,3000.0,1000.0,0.00801768748054278
760,1630631_off,0.004350809225328955,off,3000.0,1000.0,0.01086947509850006
761,1630631_def,-0.014869813261720977,def,3000.0,1000.0,-0.037967864477573485
762,1630639_off,-0.0058325810043926805,off,3000.0,1000.0,-0.010128243624208855
763,1630639_def,-0.0006710264320743863,def,3000.0,1000.0,-0.0005553739034762043
764,1630647_off,-0.0012333192806263187,off,3000.0,1000.0,-0.012225029554637813
765,1630647_def,0.009328646145989444,def,3000.0,1000.0,0.018399556810481905
766,1630688_off,-0.003376900584554628,off,3000.0,1000.0,0.002546002663211304
767,1630688_def,-0.003338865219754567,def,3000.0,1000.0,-0.013069989440988033
768,1630692_off,-0.008100137289664504,off,3000.0,1000.0,-0.01746452870992497
769,1630692_def,-0.0008519322207565145,def,3000.0,1000.0,-0.0100847900972181
770,1630695_off,-0.002274155208391443,off,3000.0,1000.0,-0.013661457010805919
771,1630695_def,0.002338485468575768,def,3000.0,1000.0,0.005377267040190007
772,1630700_off,0.0002272977287683203,off,3000.0,1000.0,-0.002717974119383377
773,1630700_def,-0.00229507857023612,def,3000.0,1000.0,-0.01014993989065663
774,1630702_off,-0.007891343402036104,off,3000.0,1000.0,-0.00438731496701502
775,1630702_def,0.005336132886158151,def,3000.0,1000.0,0.01801458949031056
776,1630703_off,-0.005176529758428888,off,3000.0,1000.0,-0.017611415956188557
777,1630703_def,0.0066399978043027354,def,3000.0,1000.0,0.021153862713744507
778,1630929_off,0.0025011211915858104,off,3000.0,0.0,0.0
779,1630929_def,0.0005275484453868902,def,3000.0,0.0,0.0
780,1631093_off,-0.003964850887266531,off,3000.0,1000.0,-0.012119197844445408
781,1631093_def,0.0035560685150245815,def,3000.0,1000.0,0.021632488518226602
782,1631094_off,-0.0022514710616587615,off,3000.0,1000.0,0.01270117070389673
783,1631094_def,0.0004157247394263234,def,3000.0,1000.0,0.00921002454964611
784,1631095_off,-0.0039382127822167766,off,3000.0,1000.0,-0.011604638082776949
785,1631095_def,-0.0003731380233411594,def,3000.0,1000.0,0.005343821935204015
786,1631096_off,0.008892626235952071,off,3000.0,1000.0,0.027151834258502424
787,1631096_def,-0.006068455263723636,def,3000.0,1000.0,-0.01726876154564291
788,1631098_off,-0.008216818777663615,off,3000.0,1000.0,-0.036803498604773326
789,1631098_def,0.007028697744743489,def,3000.0,1000.0,0.009409012201607635
790,1631099_off,0.00423006795674378,off,3000.0,1000.0,0.015030831491099888
791,1631099_def,-0.0016161046881946663,def,3000.0,1000.0,-0.0008554492488447836
792,1631100_off,0.0013745582693988198,off,3000.0,1000.0,0.006576154172981607
793,1631100_def,-0.000837541024998649,def,3000.0,1000.0,-0.00155326105097232
794,1631102_off,-0.005847779356433821,off,3000.0,1000.0,-0.01717715491761309
795,1631102_def,-0.0008389778568029364,def,3000.0,1000.0,0.0016616483138067503
796,1631104_off,-0.0062929834248538616,off,3000.0,1000.0,-0.02404881374578971
797,1631104_def,0.0032200336771963985,def,3000.0,1000.0,0.0026066423740231316
798,1631107_off,-0.0027233929673343995,off,3000.0,1000.0,0.012524792095752755
799,1631107_def,-0.004071662156855459,def,3000.0,1000.0,-0.002258940174079191
800,1631108_off,-0.004693998187571454,off,3000.0,1000.0,-0.01772195946061077
801,1631108_def,-0.001282860798457263,def,3000.0,1000.0,-0.004815577389560724
802,1631114_off,0.004585437924812431,off,3000.0,1000.0,0.006586009611143144
803,1631114_def,-0.0008364712908358037,def,3000.0,1000.0,-0.017603591206155414
804,1631116_off,-0.0019172870525431501,off,3000.0,1000.0,-0.011981368469505965
805,1631116_def,0.00523418454779021,def,3000.0,1000.0,-0.0011146938600778797
806,1631119_off,0.0034943026678920987,off,3000.0,1000.0,-0.0029359903465940793
807,1631119_def,-0.00062177103352543,def,3000.0,1000.0,0.01279755290026568
808,1631120_off,-0.001396751348843975,off,3000.0,1000.0,-0.0032194274118848188
809,1631120_def,-0.0011835802818198975,def,3000.0,1000.0,0.0016485586003825506
810,1631121_off,-0.006772030264206464,off,3000.0,1000.0,-0.02652232800172955
811,1631121_def,0.0049085302424227,def,3000.0,1000.0,0.01218873639883025
812,1631123_off,-0.002273318604401219,off,3000.0,1000.0,-0.007387139916679954
813,1631123_def,-0.00020502706900413727,def,3000.0,1000.0,0.008678025504252191
814,1631128_off,-0.012059885731560938,off,3000.0,1000.0,-0.02253300551325398
815,1631128_def,-0.011811222868389579,def,3000.0,1000.0,-0.02213794996751278
816,1631133_off,-0.004606959394659334,off,3000.0,1000.0,-0.01680393206894096
817,1631133_def,0.004154303727580927,def,3000.0,1000.0,0.01710680285443887
818,1631165_off,-0.0034153507797133427,off,3000.0,1000.0,-0.005735837869036366
819,1631165_def,-0.010284504841972774,def,3000.0,1000.0,-0.023572949343459715
820,1631170_off,0.008657560449956818,off,3000.0,1000.0,0.004262260017145566
821,1631170_def,-0.007050378233838983,def,3000.0,1000.0,-0.010245288426223522
822,1631197_off,-0.0019441661507641418,off,3000.0,1000.0,0.0024787250501849866
823,1631197_def,-0.0031818007194629387,def,3000.0,1000.0,-0.0014114096288365208
824,1631200_off,-0.003914975450812539,off,3000.0,1000.0,-0.006031644430215799
825,1631200_def,6.713806240800278e-05,def,3000.0,1000.0,-0.013223547161134644
826,1631204_off,-0.0064669038021585865,off,3000.0,1000.0,-0.015054055481484382
827,1631204_def,8.566066082840783e-05,def,3000.0,1000.0,0.020344102546396722
828,1631207_off,0.0034250310427832035,off,3000.0,1000.0,0.004978446732406511
829,1631207_def,-3.7892579215078805e-06,def,3000.0,1000.0,0.008435520794442531
830,1631212_off,-0.00468827841715372,off,3000.0,1000.0,-0.013116411117946794
831,1631212_def,-0.003538263016665179,def,3000.0,1000.0,-0.017768486884104047
832,1631218_off,-0.0027360159148253917,off,3000.0,1000.0,-0.004449048397320421
833,1631218_def,0.003115252387833357,def,3000.0,1000.0,0.007346182248186573
834,1631222_off,-0.005614144000518366,off,3000.0,1000.0,-0.018800631627597493
835,1631222_def,0.0010871244908626679,def,3000.0,1000.0,0.0019320426067829736
836,1631223_off,-0.00833460855701848,off,3000.0,1000.0,-0.017599824298418092
837,1631223_def,0.001867989706052052,def,3000.0,1000.0,0.0021470323236081243
838,1631241_off,-0.003803266535998715,off,3000.0,1000.0,-0.008786511949676506
839,1631241_def,0.002619713003855049,def,3000.0,1000.0,0.0077051502031147134
840,1631243_off,-0.0003269999947385842,off,3000.0,1000.0,0.0005205496561433681
841,1631243_def,0.0020454300473885115,def,3000.0,1000.0,0.00016956973885069796
842,1631250_off,-0.0033429150960799132,off,3000.0,1000.0,0.0
843,1631250_def,0.0012632621998644802,def,3000.0,1000.0,-0.0003572546151204891
844,1631254_off,0.0025736262574442385,off,3000.0,1000.0,-0.0010271343673504988
845,1631254_def,0.0010395482299480519,def,3000.0,1000.0,-0.0006206480820489909
846,1631257_off,0.00028833430488929226,off,3000.0,1000.0,-0.0008165176147116539
847,1631257_def,-0.00020412224120154162,def,3000.0,1000.0,-0.0014382342819811672
848,1631262_off,-0.00029494635861929656,off,3000.0,1000.0,0.00030006503293419185
849,1631262_def,0.0014508469825667853,def,3000.0,1000.0,-0.0005781547573864331
850,1631298_off,-0.002961456837924021,off,3000.0,1000.0,-0.007845296245786004
851,1631298_def,0.0009504067600991524,def,3000.0,1000.0,-0.0032513090941927616
852,1631303_off,-0.00809224204115921,off,3000.0,1000.0,-0.0075405795649897255
853,1631303_def,0.0015429199252016627,def,3000.0,1000.0,-0.0008355505181944814
854,1631311_off,-0.0002805921602687366,off,3000.0,1000.0,-0.0037358402699857397
855,1631311_def,-0.0031937480061385998,def,3000.0,1000.0,-0.006203832640641472
856,1631321_off,0.00259792901203649,off,3000.0,1000.0,-0.0074483046948029714
857,1631321_def,-0.0025873218326139557,def,3000.0,1000.0,-0.005119878938377154
858,1631367_off,-0.0037317644055201225,off,3000.0,1000.0,-0.010350160808642093
859,1631367_def,0.005595428092755349,def,3000.0,1000.0,0.018714735785300245
860,1631386_off,-0.0029877171713843195,off,3000.0,0.0,0.0
861,1631386_def,-0.0006571213706738782,def,3000.0,0.0,0.0
862,1631466_off,0.0011483915799363267,off,3000.0,1000.0,0.005412194402465149
863,1631466_def,-0.003443877117953564,def,3000.0,1000.0,-0.001472106350861485
864,1641705_off,-0.002773792166228688,off,3000.0,1000.0,-0.012237752544871309
865,1641705_def,-0.0071240332587329735,def,3000.0,1000.0,-0.03440614194246525
866,1641706_off,-0.006873852485567873,off,3000.0,1000.0,-0.024591758143360495
867,1641706_def,0.005844270585603394,def,3000.0,1000.0,0.020759116072408445
868,1641707_off,-0.0010456317752363256,off,3000.0,1000.0,-0.012989383722821676
869,1641707_def,-0.0007344951720306605,def,3000.0,1000.0,-0.002360498517030596
870,1641708_off,0.003809996569224262,off,3000.0,1000.0,-0.003176824665479791
871,1641708_def,-0.006844860186358861,def,3000.0,1000.0,-0.01354965640108451
872,1641711_off,-0.007767023317565237,off,3000.0,1000.0,-0.02418966021515222
873,1641711_def,0.004115010280781254,def,3000.0,1000.0,0.01412751293081691
874,1641712_off,-0.001841926506567326,off,3000.0,1000.0,-0.0012303291559955735
875,1641712_def,0.003574859535607225,def,3000.0,1000.0,-0.002207906230003248
876,1641713_off,-0.005487268672468663,off,3000.0,1000.0,-0.024879740071767145
877,1641713_def,-0.0009175244955247021,def,3000.0,1000.0,-0.012060218369699342
878,1641715_off,-0.00019721195709207807,off,3000.0,1000.0,-0.01048516277993577
879,1641715_def,-0.0067380849221535845,def,3000.0,1000.0,-0.0020849204381720235
880,1641717_off,0.0011005861822408999,off,3000.0,1000.0,-0.004044657878255234
881,1641717_def,-0.002500359335152181,def,3000.0,1000.0,-0.0034162737802213216
882,1641718_off,-0.006112023965252845,off,3000.0,1000.0,-0.03243213032674813
883,1641718_def,0.00039789369676744373,def,3000.0,1000.0,0.010488847470958516
884,1641723_off,-0.0035722247718252445,off,3000.0,1000.0,-0.01045022646187244
885,1641723_def,-0.0023081082659650856,def,3000.0,1000.0,-0.007064413187642283
886,1641726_off,0.0029752337646453512,off,3000.0,1000.0,0.026407495961517025
887,1641726_def,0.0027948082506472406,def,3000.0,1000.0,0.002955075389032115
888,1641729_off,-0.004349003864602099,off,3000.0,1000.0,-0.00529333184995876
889,1641729_def,0.0076350144921317675,def,3000.0,1000.0,0.026875118997190833
890,1641730_off,-0.005079668576696425,off,3000.0,1000.0,-0.007141596285519467
891,1641730_def,0.0020718295924160666,def,3000.0,1000.0,-0.0006597536218564041
892,1641733_off,-0.006343265710306911,off,3000.0,1000.0,-0.02728131716623592
893,1641733_def,0.0007994044021814596,def,3000.0,1000.0,0.001815508316727441
894,1641734_off,-0.004943017811657556,off,3000.0,1000.0,-0.0066753435654699446
895,1641734_def,0.004462631973624463,def,3000.0,1000.0,0.004976722546735616
896,1641735_off,0.0030702442820209467,off,3000.0,0.0,0.0
897,1641735_def,-0.0037273907559736623,def,3000.0,0.0,0.0
898,1641738_off,-0.0048553913303174,off,3000.0,1000.0,0.0010211102824543529
899,1641738_def,-0.0011987880901349027,def,3000.0,1000.0,0.007321709242037453
900,1641748_off,-0.001727632896171745,off,3000.0,1000.0,-0.0005622271916620365
901,1641748_def,0.006819628952166435,def,3000.0,1000.0,0.02405239452136009
902,1641753_off,-0.0019731782134794745,off,3000.0,1000.0,-0.0016787502087641341
903,1641753_def,-0.0010803587174633537,def,3000.0,1000.0,0.0006961248626282523
904,1641764_off,0.0026684264748738367,off,3000.0,1000.0,0.023575644888621603
905,1641764_def,0.0006162165299175603,def,3000.0,1000.0,-0.014148458045894777
906,1641765_off,-0.00512548031618276,off,3000.0,1000.0,-0.004388117841500688
907,1641765_def,0.0019618110356588547,def,3000.0,1000.0,0.0023494166587763048
908,1641766_off,0.0025390522249068848,off,3000.0,1000.0,0.0021522336537727524
909,1641766_def,-0.00042120969970110486,def,3000.0,1000.0,0.0016608622724855488
910,1641767_off,0.00662302053659389,off,3000.0,1000.0,0.010133035808287498
911,1641767_def,0.0024787928507696935,def,3000.0,1000.0,-0.006588055383989139
912,1641774_off,-0.0003879952477974326,off,3000.0,1000.0,-0.0029896968812435846
913,1641774_def,-0.005092427162732811,def,3000.0,1000.0,-0.012386147249125776
914,1641775_off,0.000928110972550025,off,3000.0,1000.0,-0.0012635429723780443
915,1641775_def,-0.004145778390796681,def,3000.0,1000.0,-0.003548974145337356
916,1641778_off,0.0013940104926836547,off,3000.0,1000.0,-0.007773493446231185
917,1641778_def,-0.003196534583984112,def,3000.0,1000.0,-0.0007269856505984145
918,1641788_off,0.00032399434545025003,off,3000.0,0.0,0.0
919,1641788_def,0.002699018259931224,def,3000.0,0.0,0.0
920,1641809_off,-1.1410482885502937e-05,off,3000.0,0.0,0.0
921,1641809_def,0.0009264574004883022,def,3000.0,0.0,0.0
922,1641847_off,0.0008984695342329949,off,3000.0,0.0,0.0
923,1641847_def,0.0002155862802509708,def,3000.0,0.0,0.0
924,1641851_off,-0.006288397598244465,off,3000.0,1000.0,-0.014197403269792927
925,1641851_def,0.0032859835229167734,def,3000.0,1000.0,-0.0008177923446642282
926,1641854_off,0.0028926139274597323,off,3000.0,1000.0,0.008092676056993627
927,1641854_def,0.0007539501993002666,def,3000.0,1000.0,0.006547412463569697
928,1641871_off,-0.001842061599858911,off,3000.0,1000.0,0.007647472649430511
929,1641871_def,0.002826746853924466,def,3000.0,1000.0,0.002071598237219881
930,1641931_off,-0.001857906719539445,off,3000.0,1000.0,-0.004697660316569706
931,1641931_def,0.0018415830638889232,def,3000.0,1000.0,0.00499723234080215
932,1641998_off,-0.0028283969034710987,off,3000.0,1000.0,-0.009498593435932068
933,1641998_def,0.0029713947288640993,def,3000.0,1000.0,0.007342173541836868
934,1642013_off,-0.0011208520830435185,off,3000.0,1000.0,-0.0016285057143271854
935,1642013_def,0.002452535097336008,def,3000.0,1000.0,0.0005274710205727614
936,META_home,0.030829812693384587,home,300.0,0.0,0.0
937,META_rubberband,-0.013015353083187605,rubberband,300.0,0.0,0.0
938,META_season_2023,0.011752537149880653,season,100.0,0.0,0.0
939,META_season_2024,0.017966875079094082,season,100.0,0.0,0.0
