alpha,pid,beta_off
375.0,203999,0.1025006573095886
375.0,203507,0.06265415187630251
375.0,202331,0.0613106360210408
375.0,202681,0.07584882774599301
375.0,203954,0.05752455460045698
375.0,201939,0.06849711153094272
375.0,201142,0.05822225846242858
375.0,201950,0.057843938036418394
375.0,1628369,0.058992779088045434
375.0,202695,0.04775288115472717
375.0,1628983,0.06570131362913642
375.0,2544,0.0636440112617925
375.0,203081,0.07621985155860697
375.0,1626164,0.07103136947362663
375.0,1630162,0.04560820265242201
375.0,1628378,0.054283848939506135
375.0,203500,0.06907097860195228
375.0,202710,0.05082268107307677
375.0,1628973,0.06274692036390724
375.0,1630532,0.02496424089756165
510.29625006539135,203999,0.09878225664512423
510.29625006539135,203507,0.0605544469664187
510.29625006539135,202331,0.05915434483388828
510.29625006539135,202681,0.07408388486063763
510.29625006539135,203954,0.05495862201296
510.29625006539135,201939,0.06626107051809628
510.29625006539135,201142,0.056432569879019776
510.29625006539135,201950,0.05676221155577748
510.29625006539135,1628369,0.057835886407677214
510.29625006539135,202695,0.04655552925779644
510.29625006539135,1628983,0.06313290868003119
510.29625006539135,2544,0.06155593595746156
510.29625006539135,203081,0.0743708149054597
510.29625006539135,1626164,0.06956011753019244
510.29625006539135,1630162,0.04371558176869258
510.29625006539135,1628378,0.05241231178234851
510.29625006539135,203500,0.06630587239510664
510.29625006539135,202710,0.04913920381328934
510.29625006539135,1628973,0.06137494001261714
510.29625006539135,1630532,0.02363693818168886
694.4060342154677,203999,0.09447982895969825
694.4060342154677,203507,0.05816595699639921
694.4060342154677,202331,0.05665136344081087
694.4060342154677,202681,0.07195015457278232
694.4060342154677,203954,0.052089582047923896
694.4060342154677,201939,0.06365294283431816
694.4060342154677,201142,0.05434725128522086
694.4060342154677,201950,0.055439535629504134
694.4060342154677,1628369,0.05642423135165089
694.4060342154677,202695,0.04518729926281317
694.4060342154677,1628983,0.06012047172267364
694.4060342154677,2544,0.05910422603684924
694.4060342154677,203081,0.07206935738577858
694.4060342154677,1626164,0.0677979099877887
694.4060342154677,1630162,0.04153163458145139
694.4060342154677,1628378,0.05029461744348419
694.4060342154677,203500,0.06313809473808721
694.4060342154677,202710,0.04722564575252124
694.4060342154677,1628973,0.059754158344916805
694.4060342154677,1630532,0.022111805198269642
944.9407874211547,203999,0.08958684559655734
944.9407874211547,203507,0.05545658040901338
944.9407874211547,202331,0.053769565678620734
944.9407874211547,202681,0.06937035782509683
944.9407874211547,203954,0.04892701899096104
944.9407874211547,201939,0.06062522845473342
944.9407874211547,201142,0.051925720111889034
944.9407874211547,201950,0.05380864966521961
944.9407874211547,1628369,0.05471060332285224
944.9407874211547,202695,0.04360603345114368
944.9407874211547,1628983,0.05661863005787132
944.9407874211547,2544,0.05623336585604513
944.9407874211547,203081,0.06922786435269092
944.9407874211547,1626164,0.06567680206345723
944.9407874211547,1630162,0.03902990666020107
944.9407874211547,1628378,0.047897515240382015
944.9407874211547,203500,0.0595486995256552
944.9407874211547,202710,0.045040307653900026
944.9407874211547,1628973,0.05783540321628408
944.9407874211547,1630532,0.02035846375551977
1285.865974279609,203999,0.0841340633551131
1285.865974279609,203507,0.05240442585813149
1285.865974279609,202331,0.05049330725125415
1285.865974279609,202681,0.0662727229917542
1285.865974279609,203954,0.04549678955120089
1285.865974279609,201939,0.057157360016709534
1285.865974279609,201142,0.04914119006188868
1285.865974279609,201950,0.051812775411759264
1285.865974279609,1628369,0.05265190516192994
1285.865974279609,202695,0.041767134475258205
1285.865974279609,1628983,0.052609531299296686
1285.865974279609,2544,0.05290098305182764
1285.865974279609,203081,0.06577962823285456
1285.865974279609,1626164,0.06312775577659663
1285.865974279609,1630162,0.03620057649064701
1285.865974279609,1628378,0.045194307953735184
1285.865974279609,203500,0.055541950012406444
1285.865974279609,202710,0.042543311333821686
1285.865974279609,1628973,0.05557067006869552
1285.865974279609,1630532,0.01835382306722108
1749.7935593641744,203999,0.07818939974661089
1749.7935593641744,203507,0.048998816054109405
1749.7935593641744,202331,0.04683448334116022
1749.7935593641744,202681,0.0626015626354555
1749.7935593641744,203954,0.04185262893593635
1749.7935593641744,201939,0.053255421522452474
1749.7935593641744,201142,0.04599686093440338
1749.7935593641744,201950,0.049409410394094105
1749.7935593641744,1628369,0.05021936664724755
1749.7935593641744,202695,0.03963088165990351
1749.7935593641744,1628983,0.04812313576909265
1749.7935593641744,2544,0.04909189363562957
1749.7935593641744,203081,0.06169613809175648
1749.7935593641744,1626164,0.06009376196871041
1749.7935593641744,1630162,0.03307059807707059
1749.7935593641744,1628378,0.04217456732257264
1749.7935593641744,203500,0.05114772377436736
1749.7935593641744,202710,0.03970923448611354
1749.7935593641744,1628973,0.052925769077294675
1749.7935593641744,1630532,0.01609512708015513
2381.101577952298,203999,0.07185943023399496
2381.101577952298,203507,0.045256979853780466
2381.101577952298,202331,0.04283813997415641
2381.101577952298,202681,0.058340608132246126
2381.101577952298,203954,0.03806794361598977
2381.101577952298,201939,0.04897125938409331
2381.101577952298,201142,0.042526800816764784
2381.101577952298,201950,0.0465850519577031
2381.101577952298,1628369,0.04740181390870448
2381.101577952298,202695,0.03716991190357339
2381.101577952298,1628983,0.04324041800538192
2381.101577952298,2544,0.044830219041591735
2381.101577952298,203081,0.056999474401205674
2381.101577952298,1626164,0.056544164545373664
2381.101577952298,1630162,0.029699464694965965
2381.101577952298,1628378,0.03885561737371205
2381.101577952298,203500,0.046427764246038075
2381.101577952298,202710,0.03653527484730944
2381.101577952298,1628973,0.04988509549727352
2381.101577952298,1630532,0.013606380934946068
3240.1792166769173,203999,0.06528665307541141
3240.1792166769173,203507,0.04123148233005881
3240.1792166769173,202331,0.038580159557260435
3240.1792166769173,202681,0.05352267622302727
3240.1792166769173,203954,0.03423113891842262
3240.1792166769173,201939,0.044390909981922064
3240.1792166769173,201142,0.0388015873169552
3240.1792166769173,201950,0.043360876164266635
3240.1792166769173,1628369,0.044216290278312066
3240.1792166769173,202695,0.03438137202384442
3240.1792166769173,1628983,0.038098945115165275
3240.1792166769173,2544,0.040192044819312614
3240.1792166769173,203081,0.051778210238869686
3240.1792166769173,1626164,0.05248103818347953
3240.1792166769173,1630162,0.026181916663924103
3240.1792166769173,1628378,0.035288413117083785
3240.1792166769173,203500,0.04147667374467814
3240.1792166769173,202710,0.033053757437611644
3240.1792166769173,1628973,0.04646323378149194
3240.1792166769173,1630532,0.01095110452765224
4409.203476826795,203999,0.058630161656679204
4409.203476826795,203507,0.037013226106770714
4409.203476826795,202331,0.034168573714132365
4409.203476826795,202681,0.04824761549870671
4409.203476826795,203954,0.03043892051002683
4409.203476826795,201939,0.03963375155001219
4409.203476826795,201142,0.034920124046955305
4409.203476826795,201950,0.039800284676881945
4409.203476826795,1628369,0.040715205417232135
4409.203476826795,202695,0.03129584689818112
4409.203476826795,1628983,0.03287769258726753
4409.203476826795,2544,0.035308702361114774
4409.203476826795,203081,0.046179631364314605
4409.203476826795,1626164,0.047958250168442254
4409.203476826795,1630162,0.02263771176986596
4409.203476826795,1628378,0.031556473992408456
4409.203476826795,203500,0.03641859812290225
4409.203476826795,202710,0.029337856955283195
4409.203476826795,1628973,0.04270352423119871
4409.203476826795,1630532,0.008231015918785025
6000.0,203999,0.05205492315599988
6000.0,203507,0.03272884462157027
6000.0,202331,0.029733210071921933
6000.0,202681,0.04267729405744578
6000.0,203954,0.0267800072989156
6000.0,201939,0.03483797649573141
6000.0,201142,0.03099501938849429
6000.0,201950,0.03599576036264416
6000.0,1628369,0.03698332641377525
6000.0,202695,0.027981463129694524
6000.0,1628983,0.027773058690834667
6000.0,2544,0.030355182202216113
6000.0,203081,0.0403997817197234
6000.0,1626164,0.04308371384411127
6000.0,1630162,0.019196217826271064
6000.0,1628378,0.027768259230224353
6000.0,203500,0.03140064226626558
6000.0,202710,0.025499553527524248
6000.0,1628973,0.03868260428710805
6000.0,1630532,0.005578383139556143
