col_idx,key,var,se
0,2207_off,0.0018123406636186522,0.04257159456279095
1,2207_def,0.0009073656606392168,0.030122510862131278
2,2544_off,0.0002786321591525844,0.01669227842903971
3,2544_def,0.0002351342607725932,0.015334088195018091
4,2546_off,0.0006569175395002243,0.025630402640228346
5,2546_def,0.00047509573508855587,0.021796690920608933
6,2617_off,0.0015003259470433659,0.03873404119173942
7,2617_def,0.0008215209801958843,0.028662187289107653
8,2730_off,0.0008649945838539632,0.029410790262316366
9,2730_def,0.0005812026733947222,0.024108145374431487
10,2738_off,0.0009654822943387187,0.031072210966371843
11,2738_def,0.0006253334743812233,0.02500666859822042
12,2772_off,0.001164728021506196,0.03412811189483233
13,2772_def,0.0007078369717123714,0.026605205725804326
14,101108_off,0.0003252901459894433,0.018035801783936396
15,101108_def,0.00026482903727913313,0.016273568670673717
16,101139_off,0.0018123406636186524,0.04257159456279096
17,101139_def,0.0009073656606392168,0.030122510862131278
18,101150_off,0.000991514578076492,0.03148832447235788
19,101150_def,0.0006344102775325605,0.025187502407594136
20,200746_off,0.0008711912404594174,0.029515948916804577
21,200746_def,0.0005807055718494949,0.024097833343466688
22,200752_off,0.0005992316432382216,0.024479208386674223
23,200752_def,0.00044458470158812054,0.02108517729562928
24,200765_off,0.000953096249653609,0.030872256957559956
25,200765_def,0.0006206841104831942,0.024913532677707396
26,200768_off,0.00028111164333064674,0.01676638432491176
27,200768_def,0.0002380697564171121,0.015429509273373282
28,200782_off,0.0003201648484734097,0.017893150881647696
29,200782_def,0.0002664770372090307,0.01632412439333365
30,200794_off,0.0012218830070984971,0.03495544316838934
31,200794_def,0.0007316162938076319,0.02704840649294579
32,201142_off,0.0002786392966134699,0.0166924922229567
33,201142_def,0.0002320653430966363,0.015233691052946962
34,201143_off,0.0003505689192816307,0.018723485767389327
35,201143_def,0.00028376836536688356,0.016845425651104324
36,201144_off,0.00031261154594461104,0.017680824243926273
37,201144_def,0.000256028953703668,0.016000904777657667
38,201145_off,0.0003371736460423928,0.018362288692926946
39,201145_def,0.00027644752045605545,0.016626711053484254
40,201152_off,0.0005169086314118217,0.022735624720069198
41,201152_def,0.00040026059784930044,0.020006513885464913
42,201565_off,0.0006977718333638232,0.02641537115703323
43,201565_def,0.0005016907296613116,0.022398453733713665
44,201566_off,0.000278116242743069,0.016676817524428005
45,201566_def,0.000230884326279656,0.015194878291044519
46,201567_off,0.00033741238994294343,0.01836878847237736
47,201567_def,0.0002787497364751526,0.016695799965115554
48,201568_off,0.0005258469792836084,0.022931353629552887
49,201568_def,0.0003991156342207116,0.01997787862163327
50,201569_off,0.00026907693698009403,0.016403564764406974
51,201569_def,0.00023066292733333335,0.015187591228806935
52,201571_off,0.0008804204360452385,0.0296718795502617
53,201571_def,0.0005901093402045142,0.024292166231205364
54,201572_off,0.0003346323962629571,0.018292960292499327
55,201572_def,0.0002746453808748776,0.016572428333677523
56,201577_off,0.0008338702857901338,0.028876812251184058
57,201577_def,0.0005676959439829665,0.023826370768183863
58,201580_off,0.0005791412613515263,0.02406535396273087
59,201580_def,0.0004303065967184899,0.020743832739358703
60,201586_off,0.00078590162449957,0.028033937013904595
61,201586_def,0.0005442774281875549,0.023329754139029303
62,201587_off,0.00031008857062086076,0.017609331918640773
63,201587_def,0.00026099351643790747,0.0161552937589481
64,201588_off,0.0005360939229024983,0.023153702142476012
65,201588_def,0.0004108458724085008,0.020269333299556273
66,201599_off,0.0006417224893552275,0.025332242090964383
67,201599_def,0.0004637087131520631,0.02153389684084288
68,201609_off,0.0006525531037121688,0.02554511898019206
69,201609_def,0.0004777097904891104,0.021856573164362028
70,201933_off,0.0006506144873197152,0.025507145808963322
71,201933_def,0.00047451663150301505,0.021783402661269772
72,201935_off,0.0002541286610417283,0.015941413395358903
73,201935_def,0.0002140570007424461,0.014630686953880399
74,201937_off,0.0006599090945695019,0.025688695851862585
75,201937_def,0.0004811302011064234,0.021934680328339035
76,201939_off,0.0003486495813289839,0.018672160596165187
77,201939_def,0.00027923691462069784,0.0167103834372733
78,201942_off,0.0003396856717322203,0.01843056352183026
79,201942_def,0.0002737867330666926,0.016546502139929534
80,201949_off,0.0007051339170410745,0.0265543577787352
81,201949_def,0.0005024163427652788,0.022414645720271353
82,201950_off,0.0002744587347855794,0.016566796153317617
83,201950_def,0.00023028202577044326,0.015175046153815918
84,201954_off,0.0017238520948452793,0.04151929786069701
85,201954_def,0.000884609179942652,0.02974238019968563
86,201959_off,0.0006414535884520654,0.025326934051559922
87,201959_def,0.00046774908148748283,0.021627507519071235
88,201961_off,0.0009319850046055615,0.030528429448721424
89,201961_def,0.0006133882579766724,0.024766676361124285
90,201976_off,0.0002871818564555619,0.01694644081969904
91,201976_def,0.00024335838638952332,0.01559994828162976
92,201980_off,0.0006040836714750488,0.024578113667957695
93,201980_def,0.00044982381960933333,0.02120905041743579
94,201988_off,0.00043495445210660257,0.02085556165886219
95,201988_def,0.00033966832836823907,0.018430093010298104
96,202066_off,0.0006708556380372258,0.025900881028204925
97,202066_def,0.00048309257927987403,0.02197936712646372
98,202083_off,0.000454975483750781,0.021330154330214797
99,202083_def,0.0003590022946992094,0.018947355876195743
100,202322_off,0.0009408070273673403,0.03067257777506384
101,202322_def,0.0006171174535611661,0.024841848835406074
102,202324_off,0.0010309735673383004,0.032108777107487295
103,202324_def,0.0006536997284386785,0.025567552257474285
104,202326_off,0.0009735041568721139,0.031201028138061634
105,202326_def,0.0006297151711771393,0.02509412622860456
106,202328_off,0.001437307153359911,0.037911833948780574
107,202328_def,0.0008021120691256268,0.028321583097094462
108,202330_off,0.00036013076574584093,0.018977111628112456
109,202330_def,0.00029338847160704617,0.017128586386711723
110,202331_off,0.0003630477719362143,0.019053812530205452
111,202331_def,0.0002941809628444837,0.01715170437141696
112,202334_off,0.0014602339146804811,0.03821300713998417
113,202334_def,0.0008091931219636329,0.028446320007403998
114,202339_off,0.0007354114581163457,0.027118470792364853
115,202339_def,0.0005170577219076221,0.022738903269674687
116,202340_off,0.0007494397244852316,0.027375896779561974
117,202340_def,0.0005220275312036378,0.02284792181367132
118,202355_off,0.0008332122975474724,0.028865416982047434
119,202355_def,0.0005610055809282564,0.023685556377848853
120,202357_off,0.0007923500640000426,0.02814871336313691
121,202357_def,0.0005418742367709881,0.023278192300326676
122,202362_off,0.000960335176799412,0.030989275189965512
123,202362_def,0.0006207346650120043,0.024914547256813725
124,202397_off,0.0005082711466367824,0.022544869630068444
125,202397_def,0.00039125130426664775,0.019780073414086403
126,202681_off,0.00030228358349276016,0.017386304480618075
127,202681_def,0.0002519782271880211,0.01587382207245694
128,202683_off,0.0012223940362889815,0.034962752126927614
129,202683_def,0.0007300475543251975,0.027019392190151086
130,202684_off,0.0006638987128882733,0.02576623202737011
131,202684_def,0.00048043735611206666,0.0219188812696284
132,202685_off,0.0004150506964929175,0.020372793045945307
133,202685_def,0.00031505277224586623,0.01774972597664162
134,202687_off,0.0005212286570976188,0.022830432696241628
135,202687_def,0.0003959489986515547,0.0198984672437742
136,202688_off,0.001671916652302486,0.04088907742053476
137,202688_def,0.0008712830997606389,0.029517504971806795
138,202689_off,0.0008717629155349304,0.029525631501035342
139,202689_def,0.0005815275589473886,0.024114882519875327
140,202691_off,0.00031566309697812496,0.01776691016969819
141,202691_def,0.00026105344191492796,0.016157148322489583
142,202692_off,0.00033409918600097745,0.018278380289319333
143,202692_def,0.0002744020692959505,0.016565085852356772
144,202693_off,0.0008532332705928385,0.029210156976518263
145,202693_def,0.0005783957894421975,0.024049860486959118
146,202694_off,0.00036892561352360506,0.019207436412067205
147,202694_def,0.00030133996747774394,0.01735914650775619
148,202695_off,0.0004285982422209597,0.020702614381303625
149,202695_def,0.000338918825961059,0.018409748123237837
150,202696_off,0.00047224216812577464,0.02173113361345364
151,202696_def,0.0003446300167753647,0.018564213335753407
152,202699_off,0.0003502238550251525,0.01871426875475375
153,202699_def,0.00027969382871637934,0.016724049411442773
154,202704_off,0.0003172978698321832,0.017812856868907448
155,202704_def,0.0002595862273148255,0.016111679841494662
156,202709_off,0.0004624431486933363,0.021504491360953792
157,202709_def,0.000356341573968093,0.018877011785981727
158,202710_off,0.00028889882009204337,0.016997023859842152
159,202710_def,0.0002429078055636451,0.015585499849656575
160,202711_off,0.00033149331523519237,0.018206957879755542
161,202711_def,0.000269748778793277,0.016424030528261843
162,202722_off,0.0005193072949654702,0.02278831487770586
163,202722_def,0.0004014441326818372,0.020036070789499552
164,202738_off,0.00123571815147957,0.035152782983422094
165,202738_def,0.0007346024516674337,0.027103550536183147
166,202954_off,0.0013107203083773983,0.03620387145565234
167,202954_def,0.0007588322794782217,0.02754691052510647
168,203076_off,0.00033079294118959675,0.01818771401769878
169,203076_def,0.00026760039552208107,0.01635849612654174
170,203078_off,0.0003349382608810223,0.018301318555804177
171,203078_def,0.0002763380257359549,0.016623417991976107
172,203081_off,0.00033249985992652066,0.01823457868793575
173,203081_def,0.000269356847488141,0.01641209454908608
174,203082_off,0.0004467290312336617,0.021135965348988952
175,203082_def,0.00035476002325467057,0.018835074283226772
176,203083_off,0.00041998612362956634,0.020493562980349864
177,203083_def,0.0003246381585541753,0.018017717906388016
178,203084_off,0.0003660883218036566,0.019133434657783128
179,203084_def,0.0002887920008532173,0.016993881276895436
180,203085_off,0.00048362040596994525,0.021991371170755707
181,203085_def,0.0003734269331366204,0.01932425763481279
182,203086_off,0.00157696695968329,0.0397110432963337
183,203086_def,0.0008436553009092679,0.029045744970808855
184,203087_off,0.0008654970920711809,0.029419331944678502
185,203087_def,0.0005825346800660994,0.02413575522054571
186,203090_off,0.0009135892805058263,0.030225639455697645
187,203090_def,0.0006011341213373136,0.024518036653396896
188,203095_off,0.0004921868127115966,0.02218528369689233
189,203095_def,0.0003716975563903452,0.01927945944237922
190,203107_off,0.0008777693522361273,0.029627172531919533
191,203107_def,0.0005870875175177173,0.02422988892912465
192,203109_off,0.0003980269624449151,0.019950613084437158
193,203109_def,0.00031953631244709927,0.017875578660482554
194,203110_off,0.00035522679223293024,0.018847461161464962
195,203110_def,0.00028654070097652287,0.01692751313620884
196,203114_off,0.0003389198096628391,0.018409774840090768
197,203114_def,0.0002818142577217633,0.016787324316929225
198,203115_off,0.0004825171733452661,0.021966273542530286
199,203115_def,0.00037020624959456706,0.019240744517678286
200,203145_off,0.0010851112715398708,0.03294102717797171
201,203145_def,0.0006744252236383117,0.025969698181502066
202,203200_off,0.00037019514542406675,0.01924045595676118
203,203200_def,0.0003013617467989653,0.017359773811860723
204,203210_off,0.0005829669956801494,0.024144709475993894
205,203210_def,0.00043021372913798803,0.020741594180245355
206,203457_off,0.0009599413297327797,0.030982919967827108
207,203457_def,0.0006228762500018334,0.024957488856089536
208,203458_off,0.0007470263191020675,0.027331782215985614
209,203458_def,0.0005204228525623367,0.022812778273641653
210,203463_off,0.0007701415300063269,0.027751423927545177
211,203463_def,0.0005320897549347162,0.023067070792250937
212,203468_off,0.0003235240392760912,0.017986774009701997
213,203468_def,0.00026131144733820925,0.016165130600716136
214,203469_off,0.0007923856985068605,0.02814934632468151
215,203469_def,0.0005458640382707102,0.02336373339752682
216,203471_off,0.0002324936550203876,0.015247742620479518
217,203471_def,0.00020156491495119572,0.014197355914084697
218,203473_off,0.0007172386236571976,0.026781311089212896
219,203473_def,0.0004986863038557288,0.022331285315801436
220,203476_off,0.0009532669822969566,0.03087502198050969
221,203476_def,0.0006207258631794042,0.024914370615759174
222,203482_off,0.0003638803317661928,0.019075647610662994
223,203482_def,0.0002930461096577504,0.017118589593122163
224,203484_off,0.00033166090270284325,0.01821155959007474
225,203484_def,0.00026629705926267927,0.01631861082514928
226,203486_off,0.0003778591848920825,0.019438600384083276
227,203486_def,0.0003011206099154824,0.017352827144747406
228,203487_off,0.0017211975215353722,0.041487317598699634
229,203487_def,0.0008843240510001481,0.02973758650260892
230,203488_off,0.0005033431975713479,0.022435311399027828
231,203488_def,0.00039186203587852474,0.019795505446401837
232,203490_off,0.0005492546998619904,0.02343618356008483
233,203490_def,0.0004196630822457742,0.02048567993125379
234,203493_off,0.00034020713685502566,0.018444704845972073
235,203493_def,0.00028027025804712766,0.016741274086733295
236,203496_off,0.0004188075399274536,0.020464787805580923
237,203496_def,0.00033404449485144636,0.01827688416693191
238,203497_off,0.0003380440048028447,0.01838597304476553
239,203497_def,0.00026993267717330025,0.0164296280290608
240,203500_off,0.000545227009048577,0.023350096553303095
241,203500_def,0.0003984990429972643,0.01996244080760828
242,203501_off,0.00031642009605527467,0.017788201034822905
243,203501_def,0.0002637905796641565,0.016241631065387382
244,203503_off,0.0009060166427243331,0.03010011034405577
245,203503_def,0.0006026049500135065,0.024548013158166314
246,203504_off,0.0011722624927212226,0.03423831906973855
247,203504_def,0.0007061920312815506,0.02657427386179255
248,203506_off,0.00062456489229736,0.024991296330870074
249,203506_def,0.00046096468034361,0.021470088037630633
250,203507_off,0.00029837888057205394,0.017273646996857784
251,203507_def,0.0002480530022797102,0.01574969848218404
252,203516_off,0.0016920145107897563,0.04113410398671346
253,203516_def,0.0008764797057398912,0.02960539994223843
254,203521_off,0.0014285260191060482,0.03779584658538618
255,203521_def,0.0007952450812571785,0.02820009009306847
256,203524_off,0.0015434353662973049,0.03928657997710293
257,203524_def,0.0008353173462249272,0.02890185714145247
258,203526_off,0.0005995269229399794,0.024485238878556595
259,203526_def,0.0004443611269996442,0.02107987492846303
260,203552_off,0.0003410862098932295,0.018468519428834287
261,203552_def,0.00028311455234976,0.016826008211984208
262,203585_off,0.0007308751321932949,0.027034702369238224
263,203585_def,0.0005162597679457319,0.022721350486837967
264,203648_off,0.0009304864799482048,0.030503876474117265
265,203648_def,0.0006047390551206136,0.02459144272141457
266,203658_off,0.0017738881760452551,0.04211755187621018
267,203658_def,0.0008976289938938165,0.02996045717097482
268,203816_off,0.001776552814627557,0.04214917335639641
269,203816_def,0.0008985665053834703,0.029976098902016423
270,203897_off,0.0003785547117182221,0.019456482511446462
271,203897_def,0.00029864399627735604,0.017281319286366885
272,203901_off,0.0010813183885535814,0.03288340597556131
273,203901_def,0.0006757037543775166,0.025994302344504585
274,203903_off,0.00033126237436837547,0.018200614670070225
275,203903_def,0.00026649140247884425,0.016324564388639724
276,203914_off,0.00039377895576687516,0.019843864436315705
277,203914_def,0.0003152887708428154,0.017756372682584003
278,203915_off,0.00024383823776341312,0.015615320610330519
279,203915_def,0.00020855366654965298,0.014441387279262785
280,203917_off,0.001684747629786661,0.041045677358117275
281,203917_def,0.0008728317098957915,0.029543725389594853
282,203918_off,0.0009843021587371777,0.031373590147402285
283,203918_def,0.0006332408562203502,0.02516427738323416
284,203920_off,0.000769489904651714,0.02773968104812516
285,203920_def,0.0005366737796388229,0.023166220659374348
286,203924_off,0.00033655823831053936,0.018345523658662332
287,203924_def,0.0002727595203924115,0.016515432794583722
288,203925_off,0.0005473525563214255,0.023395567022866222
289,203925_def,0.00041607030819531746,0.020397801552993828
290,203926_off,0.0003816698672405629,0.0195363729295016
291,203926_def,0.00031293283004735293,0.017689907575998042
292,203932_off,0.0004267664540807046,0.020658326507263472
293,203932_def,0.0003272052073472902,0.01808881442624945
294,203933_off,0.0008537704525703367,0.029219350652783794
295,203933_def,0.0005780768962730556,0.02404322973880705
296,203935_off,0.0003461315700153679,0.018604611525516138
297,203935_def,0.00028136062381922,0.01677380767205884
298,203937_off,0.00028646725331535664,0.016925343521339727
299,203937_def,0.00024262151339209394,0.015576312573651503
300,203939_off,0.0004058284982336142,0.020145185485212446
301,203939_def,0.0003206114770397928,0.017905626965839336
302,203943_off,0.001488567164242336,0.03858195386760935
303,203943_def,0.000816642952027173,0.028576965409699697
304,203944_off,0.00041947644284621923,0.020481124062077725
305,203944_def,0.0003187544473889143,0.017853695622725124
306,203952_off,0.0003483275169837374,0.018663534418317914
307,203952_def,0.0002827211767428263,0.016814314637915703
308,203953_off,0.0015877986232263812,0.039847190907595746
309,203953_def,0.0008471949283791985,0.029106613138240568
310,203954_off,0.0004140753556634971,0.02034884162952518
311,203954_def,0.00031674039565205466,0.01779720190513258
312,203957_off,0.0008005976637094758,0.028294834576464232
313,203957_def,0.000552550215180815,0.02350638668917056
314,203967_off,0.0005640337121991613,0.02374939393330199
315,203967_def,0.00042617193525719735,0.02064393216558312
316,203991_off,0.0004594933673988631,0.021435796402253477
317,203991_def,0.0003385742436520936,0.018400387051692516
318,203992_off,0.00031739377722117155,0.017815548748808484
319,203992_def,0.00026091557369443074,0.016152881281506118
320,203994_off,0.00038478507441496053,0.01961593929474091
321,203994_def,0.0003016714716706809,0.01736869228441453
322,203995_off,0.0008227608135851822,0.028683807515481313
323,203995_def,0.000558330174193702,0.023629011282609816
324,203999_off,0.0004401194032258535,0.020979022933059907
325,203999_def,0.0003297507849727639,0.018159041411174873
326,204001_off,0.0003089596838764061,0.01757724904177005
327,204001_def,0.00025659163964659884,0.016018478068986416
328,204020_off,0.001619941485425217,0.040248496685282756
329,204020_def,0.000857174239754897,0.029277538143684435
330,204025_off,0.0014516866359579324,0.03810100570795911
331,204025_def,0.0008045084305284534,0.02836385782167957
332,204038_off,0.001588549089943172,0.03985660660346252
333,204038_def,0.0008474549241425889,0.029111079061803755
334,204060_off,0.0003843454452466792,0.019604730175309202
335,204060_def,0.0003123710832918184,0.017674022838386805
336,204456_off,0.0004482233185468016,0.021171285236064475
337,204456_def,0.0003451508500658153,0.018578235924484737
338,1626144_off,0.001788984386020561,0.04229638738734741
339,1626144_def,0.000901466978462989,0.030024439686078888
340,1626145_off,0.00032688723741142276,0.018080023158486905
341,1626145_def,0.0002624420427553968,0.01620006304788339
342,1626147_off,0.0013116146618344683,0.03621622097671799
343,1626147_def,0.0007594224902682077,0.027557621273763953
344,1626149_off,0.0005189494406319412,0.02278046181779336
345,1626149_def,0.00039557349594332105,0.01988902953749431
346,1626153_off,0.0003890045970297421,0.0197231994623018
347,1626153_def,0.00031182254459431806,0.01765849780118111
348,1626155_off,0.001815910911680469,0.0426135062120036
349,1626155_def,0.0009079561013023039,0.03013230992310918
350,1626156_off,0.0002582708516888473,0.01607080743736441
351,1626156_def,0.00021907472602669534,0.014801173130083146
352,1626157_off,0.00034753888711857575,0.01864239488688553
353,1626157_def,0.0002814705695017745,0.016777084654425945
354,1626158_off,0.0005773351599054645,0.024027799730842285
355,1626158_def,0.00042884208963323234,0.020708502834179788
356,1626159_off,0.0006553840796191329,0.025600470300741213
357,1626159_def,0.00047641645889884347,0.021826966323766652
358,1626161_off,0.0014669668388096618,0.038301003104483596
359,1626161_def,0.000811278398486587,0.028482949258926592
360,1626162_off,0.00028166912757709496,0.01678300114929076
361,1626162_def,0.00023817805766418034,0.015433018423632506
362,1626163_off,0.0011817528438495789,0.0343766322354238
363,1626163_def,0.0007153573367219665,0.026746164897457105
364,1626164_off,0.00028986924705249364,0.017025546894372988
365,1626164_def,0.00024098862099874332,0.015523808198980794
366,1626166_off,0.0003633261828790169,0.01906111704174278
367,1626166_def,0.0002961543644449338,0.017209136074914793
368,1626167_off,0.000411596942674491,0.020287852096131098
369,1626167_def,0.0003160012388646583,0.017776423680387975
370,1626168_off,0.00037554218027467,0.019378910709187708
371,1626168_def,0.0003018160753024763,0.017372854552504497
372,1626169_off,0.0006592268883671063,0.025675414083654157
373,1626169_def,0.0004771280160678842,0.02184326019777918
374,1626171_off,0.00029806327073889056,0.017264508992117053
375,1626171_def,0.00024861706649327965,0.015767595456926197
376,1626172_off,0.00035601894309526897,0.018868464248456177
377,1626172_def,0.00028604090170238864,0.016912743766237005
378,1626174_off,0.0003381967065502086,0.018390125245636817
379,1626174_def,0.0002764299135746866,0.016626181569280623
380,1626179_off,0.00031187456966269187,0.017659970828477943
381,1626179_def,0.00025623190192044045,0.016007245294567096
382,1626181_off,0.00031127821189298114,0.017643078299803047
383,1626181_def,0.00025915810601969595,0.01609838830503526
384,1626192_off,0.00031731558141721736,0.017813354019308586
385,1626192_def,0.000265133514624137,0.016282920948777497
386,1626195_off,0.0007520383329085978,0.02742331732137084
387,1626195_def,0.0005208913356255127,0.0228230439605569
388,1626196_off,0.00031401424896965126,0.017720447200046934
389,1626196_def,0.0002637250519390962,0.016239613663480305
390,1626204_off,0.0004381988831798634,0.020933200500159153
391,1626204_def,0.00033650287521347583,0.01834401469726504
392,1626208_off,0.0011105296288971905,0.03332460995866554
393,1626208_def,0.0006845701479152918,0.02616429146595206
394,1626220_off,0.00027570648702191197,0.01660441167346534
395,1626220_def,0.00022963135291164305,0.015153592079492012
396,1626224_off,0.0003369775830996991,0.018356949177346957
397,1626224_def,0.0002779704065080958,0.016672444527066083
398,1626246_off,0.0012319414613973193,0.03509902365304937
399,1626246_def,0.0007326693076925072,0.027067864852856557
400,1627732_off,0.0006959155347177414,0.026380211043843856
401,1627732_def,0.000497532449729792,0.022305435430176924
402,1627734_off,0.0003861867740048369,0.019651635402806476
403,1627734_def,0.00029548367846302624,0.017189638694953022
404,1627736_off,0.00025292566503792,0.015903636849410263
405,1627736_def,0.00021591035206941527,0.01469388825564613
406,1627737_off,0.0012512850485982272,0.03537350772256304
407,1627737_def,0.0007373266949364646,0.02715376023567389
408,1627739_off,0.0005536462367558926,0.02352968841178932
409,1627739_def,0.00041463453746821874,0.020362576886735595
410,1627741_off,0.0002651461203899356,0.016283308029695184
411,1627741_def,0.00022470623206919714,0.014990204537270235
412,1627742_off,0.0003567038542576185,0.018886605154384378
413,1627742_def,0.0002896873017460471,0.017020202752789024
414,1627745_off,0.0006134647825086314,0.024768221222135258
415,1627745_def,0.00045166329667448504,0.021252371554122733
416,1627747_off,0.00027649197693167745,0.01662804789900719
417,1627747_def,0.00023581601282091403,0.015356302055537787
418,1627749_off,0.00028786058477123304,0.016966454690689893
419,1627749_def,0.0002339952594224583,0.015296903589369266
420,1627750_off,0.0004296987895326016,0.02072917725170494
421,1627750_def,0.0003375632408161259,0.01837289418725656
422,1627751_off,0.0003376203442108372,0.018374448133504234
423,1627751_def,0.00027219042140744004,0.01649819448932034
424,1627752_off,0.0003113884478298434,0.017646202079479974
425,1627752_def,0.00026052884116701294,0.01614090583477312
426,1627756_off,0.001424370777785588,0.03774083700430593
427,1627756_def,0.0007979347256557683,0.028247738416655028
428,1627759_off,0.00032261232498904545,0.017961412110105525
429,1627759_def,0.0002643787326632025,0.0162597273243804
430,1627760_off,0.0017858184094998362,0.04225894472771222
431,1627760_def,0.0009006260452458811,0.030010432273559158
432,1627761_off,0.0008550206971229491,0.029240736945620044
433,1627761_def,0.0005734064170402143,0.02394590606012256
434,1627763_off,0.0003196050066165635,0.017877500010252092
435,1627763_def,0.00026713358728613207,0.016344221831770762
436,1627767_off,0.001742739831397379,0.04174613552650567
437,1627767_def,0.0008887848745418058,0.029812495275333896
438,1627774_off,0.001419646133146182,0.0376781917446443
439,1627774_def,0.0007931410901391772,0.028162760698112983
440,1627777_off,0.0003132481997824623,0.017698819163505297
441,1627777_def,0.0002578202866869597,0.016056783198603625
442,1627780_off,0.00044960676278572794,0.02120393271979818
443,1627780_def,0.0003550097116816081,0.01884170140092471
444,1627782_off,0.0017717784387737295,0.042092498604546266
445,1627782_def,0.0008968148609311923,0.02994686729745187
446,1627783_off,0.00028920043468824366,0.017005894116107027
447,1627783_def,0.00024181506052971233,0.015550403870308717
448,1627788_off,0.000552479320580342,0.0235048786548738
449,1627788_def,0.0004176674552742707,0.020436914035007112
450,1627789_off,0.000963227124212158,0.03103590057034205
451,1627789_def,0.0006274951809481387,0.025049853910714504
452,1627814_off,0.0004453228403790453,0.021102673773222325
453,1627814_def,0.0003499988122610008,0.018708255190182776
454,1627820_off,0.001656510048194099,0.040700246291565594
455,1627820_def,0.0008654281866981392,0.02941816083133239
456,1627822_off,0.0017257867071403456,0.041542589076035516
457,1627822_def,0.0008854196058499767,0.029756001173712448
458,1627823_off,0.0007711912690228803,0.02777033073304818
459,1627823_def,0.0005404394673466455,0.023247353985919463
460,1627826_off,0.0003879831750817913,0.019697288521057697
461,1627826_def,0.00030684603921840467,0.017517021413996293
462,1627827_off,0.00030309605064778364,0.017409653949685033
463,1627827_def,0.0002501883278423861,0.015817342628974884
464,1627832_off,0.00028675377650872597,0.016933805730216876
465,1627832_def,0.00023862693960447157,0.015447554486211452
466,1627846_off,0.0015192609355272441,0.03897769792493195
467,1627846_def,0.0008265177471301645,0.028749221678684878
468,1627853_off,0.0013191267209621382,0.03631978415357308
469,1627853_def,0.0007628684036310744,0.02762007247693377
470,1627854_off,0.000634697791011757,0.025193209224149214
471,1627854_def,0.00046671936346847313,0.02160368865421998
472,1627863_off,0.0005112108569454677,0.022609972510940116
473,1627863_def,0.0003940930650882488,0.01985177737856862
474,1627884_off,0.00037631452273826033,0.019398827870215775
475,1627884_def,0.00030495960834209436,0.01746309274848228
476,1627885_off,0.0014872900026271835,0.038565399033682814
477,1627885_def,0.0008158606834966254,0.02856327508351634
478,1627936_off,0.0003497708306197832,0.018702161121640012
479,1627936_def,0.0002880575936004204,0.016972259531377088
480,1628021_off,0.0010344685478728595,0.03216315512932243
481,1628021_def,0.0006567411737237598,0.025626961851217555
482,1628035_off,0.001446200600884213,0.03802894425150681
483,1628035_def,0.0008035439427650847,0.028346850667491878
484,1628221_off,0.0016403461626978604,0.040501187176400895
485,1628221_def,0.0008639526172041857,0.02939307090462284
486,1628238_off,0.0017962546619981613,0.042382244655022244
487,1628238_def,0.0009035571089233315,0.030059226685384497
488,1628365_off,0.0005142425461121232,0.022676916591814752
489,1628365_def,0.0003858673753395124,0.01964350720567772
490,1628366_off,0.0007865956332357264,0.028046312292986514
491,1628366_def,0.0005426569494014487,0.02329499837736523
492,1628367_off,0.0009275625327549432,0.03045591129411404
493,1628367_def,0.0006094977405650648,0.024688008031533544
494,1628368_off,0.0003707224882026048,0.019254155089294487
495,1628368_def,0.00028699512916694,0.016940930587395132
496,1628369_off,0.00031835848593199476,0.017842603115352726
497,1628369_def,0.000258925992467745,0.016091177473005043
498,1628370_off,0.00029594389890630785,0.01720302005190681
499,1628370_def,0.00024592971412059256,0.015682146349291368
500,1628371_off,0.0008508701736575021,0.02916967901190382
501,1628371_def,0.0005722344559168953,0.02392142253121447
502,1628372_off,0.0004160277612911859,0.020396758597659232
503,1628372_def,0.0003311606925333136,0.01819782109301313
504,1628373_off,0.0006785584537145964,0.02604915456813515
505,1628373_def,0.00048606961311386165,0.022046986485999887
506,1628374_off,0.0003039918787615838,0.017435362880123366
507,1628374_def,0.00025252864786932234,0.015891149985741194
508,1628378_off,0.0003030213433926208,0.017407508247667753
509,1628378_def,0.00024935993623777404,0.01579113473559687
510,1628379_off,0.0003400887978333572,0.01844149662672087
511,1628379_def,0.0002822385466742211,0.0167999567462009
512,1628380_off,0.0004500031529092971,0.02121327775025107
513,1628380_def,0.0003471849791369759,0.01863290044885594
514,1628381_off,0.0003171882657699097,0.017809780059560243
515,1628381_def,0.0002590787398663913,0.01609592308214696
516,1628382_off,0.0015395207645200989,0.03923672724017765
517,1628382_def,0.0008310604078011934,0.028828118353461666
518,1628384_off,0.0003146859569036089,0.017739389981158003
519,1628384_def,0.0002635005443770695,0.016232699848671803
520,1628385_off,0.0016076681186396502,0.040095736913537953
521,1628385_def,0.0008526446742296828,0.029200080038069808
522,1628386_off,0.0003427219566863495,0.018512751191715117
523,1628386_def,0.0002785363740502441,0.016689409038376526
524,1628389_off,0.0003641392735706943,0.01908243363857698
525,1628389_def,0.00027974816404910163,0.016725673799554433
526,1628391_off,0.0016629373790302531,0.040779129208827564
527,1628391_def,0.0008680159121682824,0.029462109771166804
528,1628392_off,0.00038052639641753547,0.019507085800230015
529,1628392_def,0.00029705535987041906,0.017235294017521694
530,1628395_off,0.001812299260294877,0.04257110828126133
531,1628395_def,0.0009073530303550447,0.030122301212806513
532,1628396_off,0.0010871483341969232,0.03297193252141772
533,1628396_def,0.0006722466973145341,0.025927720634767223
534,1628398_off,0.00032793050983376655,0.01810885169837576
535,1628398_def,0.00026614093608849296,0.016313826531151206
536,1628400_off,0.0012150792339440056,0.03485798665935836
537,1628400_def,0.0007245788862317423,0.026918003013443294
538,1628401_off,0.00025448617132539354,0.0159526227099306
539,1628401_def,0.00021697730559488025,0.014730149544213061
540,1628402_off,0.0007930212960083498,0.02816063379983394
541,1628402_def,0.000544950967570142,0.023344184876969723
542,1628404_off,0.0002592177744887602,0.016100241441939937
543,1628404_def,0.00021862030373557946,0.014785814273673922
544,1628408_off,0.0011967295961729755,0.034593779732387954
545,1628408_def,0.0007180276534729148,0.02679603801820177
546,1628410_off,0.0009648945464252917,0.031062751752304427
547,1628410_def,0.0006252140287909216,0.02500428020941458
548,1628411_off,0.001648656727185459,0.04060365411124298
549,1628411_def,0.0008643228038394927,0.02939936740543056
550,1628415_off,0.0003176192409055853,0.017821875347605407
551,1628415_def,0.00026008696332634814,0.016127211889423048
552,1628416_off,0.0017983495166666165,0.04240695127766928
553,1628416_def,0.0009041176299390367,0.030068548849903558
554,1628418_off,0.0005579565714820042,0.02362110436626544
555,1628418_def,0.0004220586120007078,0.020544065128418665
556,1628419_off,0.0017234671954804725,0.04151466241559086
557,1628419_def,0.0008838753430901339,0.02973004108793215
558,1628420_off,0.00041394044066607406,0.02034552630594928
559,1628420_def,0.00032233792107740506,0.017953771778581932
560,1628422_off,0.0017729853975479311,0.042106833145558825
561,1628422_def,0.0008973698750082184,0.02995613251086025
562,1628424_off,0.0016185613165782635,0.04023134743677203
563,1628424_def,0.000856329313465949,0.02926310498675677
564,1628425_off,0.0010142445067707014,0.03184720563519979
565,1628425_def,0.0006449653391652285,0.02539616780471472
566,1628426_off,0.0011036878175871088,0.03322179732626019
567,1628426_def,0.0006836707145064688,0.02614709763064476
568,1628427_off,0.0008119443959946691,0.02849463802182209
569,1628427_def,0.0005566609808108172,0.023593663997158582
570,1628432_off,0.0008411611622660938,0.029002778526653162
571,1628432_def,0.0005690817324260597,0.023855434023007414
572,1628435_off,0.0017711042084657643,0.042084488929601656
573,1628435_def,0.0008965530643091053,0.029942495959907972
574,1628436_off,0.0006393467400072911,0.02528530680073491
575,1628436_def,0.0004630635036135799,0.021518910372358074
576,1628449_off,0.00037539828881968284,0.019375197774982398
577,1628449_def,0.0003064063302143822,0.017504466007690216
578,1628464_off,0.000505905068621065,0.022492333552147605
579,1628464_def,0.00039022378686019623,0.019754082789646202
580,1628467_off,0.0004109733985567641,0.020272478845882763
581,1628467_def,0.00032863117394304765,0.018128187276808667
582,1628470_off,0.00030272342521941753,0.017398948968814682
583,1628470_def,0.00025349287268307193,0.015921459502290358
584,1628476_off,0.0016114242988527299,0.04014254973033888
585,1628476_def,0.0008534302993746987,0.029213529389217913
586,1628537_off,0.001777237296194992,0.04215729232523113
587,1628537_def,0.0008992242156307088,0.029987067473007573
588,1628539_off,0.0013943009146381465,0.0373403389732625
589,1628539_def,0.0007865045419151767,0.02804468830126619
590,1628591_off,0.0017775678473410767,0.04216121259334315
591,1628591_def,0.0008980092764218331,0.02996680290624666
592,1628778_off,0.0015183780045929145,0.038966370174714944
593,1628778_def,0.0008253867207411159,0.02872954438798353
594,1628960_off,0.0002946200968641612,0.017164501066566463
595,1628960_def,0.00024473360127916347,0.015643963732991824
596,1628962_off,0.000987952244920564,0.03143170763608882
597,1628962_def,0.000636404322120114,0.025227055359675135
598,1628963_off,0.0004071035876487238,0.020176808163055022
599,1628963_def,0.00032583674349114184,0.018050948548238174
600,1628964_off,0.00043680282593312324,0.020899828370901118
601,1628964_def,0.00034233256827377275,0.018502231440390447
602,1628966_off,0.00040448390560474774,0.020111785241612633
603,1628966_def,0.0003271410415493145,0.018087040707349407
604,1628969_off,0.0002917617152143732,0.01708103378646542
605,1628969_def,0.00023789017276753686,0.015423688688752015
606,1628970_off,0.0003936318334753799,0.019840157093011634
607,1628970_def,0.0003050022558158572,0.01746431378027368
608,1628971_off,0.00023900322182732235,0.01545972903473157
609,1628971_def,0.00020533916198888261,0.014329660218891536
610,1628972_off,0.00033917478001834,0.01841669840167721
611,1628972_def,0.00028016718634349766,0.016738195432707124
612,1628973_off,0.0002750591608211417,0.01658490762172469
613,1628973_def,0.00022608884908317274,0.015036251164541405
614,1628975_off,0.00034426551132413295,0.018554393315981337
615,1628975_def,0.0002836692155054559,0.016842482462673246
616,1628976_off,0.0004652337043142684,0.021569276861180774
617,1628976_def,0.0003492284167097978,0.01868765412537908
618,1628977_off,0.0005284410523256041,0.02298784575217095
619,1628977_def,0.0004038734773407106,0.02009660362699903
620,1628978_off,0.00028812905648240527,0.01697436468567838
621,1628978_def,0.00024226572835605223,0.015564887675664487
622,1628981_off,0.0007721879914687964,0.02778827075348152
623,1628981_def,0.00053184698657948,0.023061807964239924
624,1628982_off,0.0016183296690668453,0.040228468390765826
625,1628982_def,0.0008515847145672175,0.02918192444934394
626,1628983_off,0.0003629564253981099,0.019051415312204757
627,1628983_def,0.00028940423246742286,0.017011885035686753
628,1628984_off,0.00038699763957322634,0.01967225557919646
629,1628984_def,0.0003094256405203402,0.017590498586462527
630,1628988_off,0.0003985749172658776,0.01996434114279451
631,1628988_def,0.00032126161526455354,0.01792377235027698
632,1628989_off,0.00031206037959028294,0.017665230810557868
633,1628989_def,0.0002576965269445837,0.016052928921059348
634,1628990_off,0.001759868528773232,0.04195078698633951
635,1628990_def,0.0008942697191563478,0.02990434281431959
636,1628991_off,0.00033903881730042867,0.018413006742529277
637,1628991_def,0.0002721257853579237,0.016496235490496725
638,1628993_off,0.0014545319443060182,0.03813832644867913
639,1628993_def,0.0008050085917041238,0.028372673326708637
640,1628994_off,0.0017722429598484189,0.042098016103474745
641,1628994_def,0.0008962730841262521,0.02993782029684613
642,1628995_off,0.0005870945858094818,0.02423003478762426
643,1628995_def,0.0004397050230138096,0.020969144546542893
644,1628997_off,0.00029844108470869105,0.01727544745321206
645,1628997_def,0.0002509053932970247,0.015839993475283528
646,1628998_off,0.00048424747983304064,0.022005623822855844
647,1628998_def,0.0003753613831556784,0.01937424535706303
648,1629001_off,0.0003083649020865266,0.01756032181044888
649,1629001_def,0.0002572028568804246,0.016037545226138088
650,1629002_off,0.00043783468221057954,0.02092449956894022
651,1629002_def,0.00034629662161268055,0.018609046767974993
652,1629003_off,0.00040547551672100813,0.020136422639610248
653,1629003_def,0.00032440158661814375,0.018011151729363222
654,1629004_off,0.0006328749455994112,0.025157005894967135
655,1629004_def,0.00046457035311788056,0.021553894152052444
656,1629005_off,0.001802927523249677,0.04246089404675409
657,1629005_def,0.0009052830623650114,0.03008792220086012
658,1629006_off,0.00041509654555704767,0.020373918267163234
659,1629006_def,0.00033265525227115227,0.01823883911522749
660,1629007_off,0.001243614348153969,0.03526491667584044
661,1629007_def,0.0007360081855734358,0.027129470794201565
662,1629008_off,0.00044355663658521196,0.021060784329773
663,1629008_def,0.00034600018965467164,0.01860108033568673
664,1629010_off,0.0016533156484755391,0.040660984352023984
665,1629010_def,0.0008636707730199206,0.029388276115143615
666,1629011_off,0.0004843178212907141,0.02200722202575132
667,1629011_def,0.0003610206130822013,0.019000542441788375
668,1629012_off,0.0004253353444079718,0.020623659820894345
669,1629012_def,0.00033604813225703814,0.018331615647755605
670,1629013_off,0.00039572234437989113,0.019892771158888125
671,1629013_def,0.0003193003403386827,0.01786897703671597
672,1629014_off,0.0003539275285067141,0.018812961715442736
673,1629014_def,0.0002835482787811783,0.016838891851341593
674,1629018_off,0.0003112676119190872,0.017642777896892746
675,1629018_def,0.0002590297086372421,0.01609439991541288
676,1629020_off,0.00032858092493332587,0.018126801287963793
677,1629020_def,0.0002706820961789696,0.01645241915886444
678,1629021_off,0.0004912141718639677,0.02216335199973072
679,1629021_def,0.0003650227717189054,0.01910556912836949
680,1629022_off,0.0003262585927858573,0.01806262973063051
681,1629022_def,0.0002720895387703101,0.016495136821812365
682,1629023_off,0.000290168903740005,0.017034344828610375
683,1629023_def,0.00024210680632821434,0.015559781692819933
684,1629026_off,0.00041045331838365475,0.02025964753848533
685,1629026_def,0.0003293871759405714,0.01814902685932696
686,1629027_off,0.00036219409928012837,0.019031397722714123
687,1629027_def,0.0002839719491130867,0.016851467268848924
688,1629028_off,0.0003643442683414121,0.01908780417809791
689,1629028_def,0.00028545322780052656,0.016895361132586856
690,1629029_off,0.0003192538496802496,0.017867676113032988
691,1629029_def,0.0002582959702352103,0.016071588914454298
692,1629033_off,0.001163775217215367,0.03411414980935868
693,1629033_def,0.0007040348160511396,0.026533654404381234
694,1629035_off,0.0016545980835148764,0.04067675114257377
695,1629035_def,0.0008645138715146385,0.029402616746042155
696,1629048_off,0.0005780767230169047,0.02404322613579352
697,1629048_def,0.00042585456284972275,0.020636243913312393
698,1629052_off,0.0004047083084974701,0.02011736335848886
699,1629052_def,0.00032425018606518577,0.01800694827185289
700,1629056_off,0.0006651300116375578,0.025790114610787555
701,1629056_def,0.00048152314314652147,0.021943635595464153
702,1629057_off,0.0004277136103747856,0.020681238124802527
703,1629057_def,0.0003398859554136934,0.0184359961871794
704,1629060_off,0.00031511652085145615,0.017751521648902556
705,1629060_def,0.000264551572187392,0.016265041413639006
706,1629067_off,0.0016614681190124988,0.04076111037511734
707,1629067_def,0.0008658878371206256,0.029425972152515634
708,1629076_off,0.0014577261009439387,0.038180179425245486
709,1629076_def,0.0008070182473881754,0.028408066590110904
710,1629083_off,0.0018040636511501612,0.04247427046048185
711,1629083_def,0.0009049922653262528,0.030083089358080444
712,1629103_off,0.001184030809024582,0.03440974874980319
713,1629103_def,0.0007127376431922924,0.026697146723803508
714,1629109_off,0.0012376049186416218,0.03517960941570588
715,1629109_def,0.0007333831556537481,0.02708104790538483
716,1629111_off,0.000493951072268921,0.02222501006229066
717,1629111_def,0.0003802397849752688,0.019499738074529843
718,1629117_off,0.0006778207322088569,0.026034990535985545
719,1629117_def,0.0004854418878028499,0.02203274580715826
720,1629126_off,0.0018005740245747867,0.04243317127642932
721,1629126_def,0.0009043972851485767,0.030073198784774737
722,1629130_off,0.0003345584601150305,0.01829093929012478
723,1629130_def,0.0002738787432349598,0.016549282257395933
724,1629134_off,0.00083855565683412,0.028957825485248716
725,1629134_def,0.0005684643485343507,0.02384249040126368
726,1629139_off,0.0005681400416695352,0.02383568840351659
727,1629139_def,0.0004281538783810293,0.02069187952751101
728,1629150_off,0.0017709169191308042,0.042082263712053376
729,1629150_def,0.000897385831943608,0.029956398848052613
730,1629162_off,0.0005140467572767448,0.02267259926159206
731,1629162_def,0.00039442201798518795,0.01986006087566672
732,1629164_off,0.0011588722583468168,0.03404221288851265
733,1629164_def,0.0007025232823347613,0.02650515576892091
734,1629168_off,0.0016845436648795032,0.0410431926740538
735,1629168_def,0.0008741208111471611,0.02956553417659084
736,1629185_off,0.001266246531803837,0.03558435796531725
737,1629185_def,0.000744836137126267,0.027291686227242665
738,1629203_off,0.0017823084356648293,0.042217394941716016
739,1629203_def,0.00089972123226367,0.029995353511230203
740,1629216_off,0.0003633060426237755,0.01906058872710325
741,1629216_def,0.00029442434180084137,0.017158797795907538
742,1629232_off,0.0017983050743539187,0.04240642727646269
743,1629232_def,0.0009035421511847044,0.030058977879906437
744,1629234_off,0.0003765898353288039,0.019405922686870726
745,1629234_def,0.0002993560930350774,0.017301910097878712
746,1629308_off,0.0005913173268728686,0.024317017228123777
747,1629308_def,0.00043889432255587524,0.02094980483336003
748,1629309_off,0.001779412334249274,0.042183081137456925
749,1629309_def,0.0008986753880378171,0.02997791500484677
750,1629312_off,0.0004583617646590006,0.02140938496685509
751,1629312_def,0.00036007933533565477,0.018975756515503005
752,1629597_off,0.0018051564950542197,0.04248713328825822
753,1629597_def,0.0009055574130316598,0.03009248100492314
754,1629599_off,0.00038366888527101566,0.01958746755634877
755,1629599_def,0.00031027557168295477,0.017614640833209027
756,1629600_off,0.0017884427928073518,0.042289984544893744
757,1629600_def,0.0009012914346681277,0.03002151619535775
758,1629602_off,0.0018099524851339379,0.04254353634964938
759,1629602_def,0.0009064666425864302,0.03010758446947264
760,1629603_off,0.001239619323652959,0.03520822806749807
761,1629603_def,0.0007355920987252152,0.027121801170372425
762,1629604_off,0.0008265208983210572,0.02874927648343619
763,1629604_def,0.0005578469860178655,0.023618784600776255
764,1629605_off,0.0016885924278307008,0.04109248626976349
765,1629605_def,0.0008778079597579442,0.029627824080717506
766,1629607_off,0.0017283534785089837,0.041573470849918026
767,1629607_def,0.0008862749250284997,0.029770369917562323
768,1629610_off,0.0016878998762659676,0.041084058663500705
769,1629610_def,0.0008735651707632326,0.02955613592408914
770,1629611_off,0.0003012901602252711,0.017357711837257556
771,1629611_def,0.00025144409186203493,0.015856988738787544
772,1629614_off,0.00045614071425417534,0.02135745102427196
773,1629614_def,0.0003536773004370925,0.0188063101228575
774,1629617_off,0.0014852019613184912,0.038538318091459196
775,1629617_def,0.0008134499464450657,0.028521043922778593
776,1629618_off,0.0015797508150285264,0.039746079240958174
777,1629618_def,0.0008438553871481207,0.02904918909622299
778,1629619_off,0.001700969838462015,0.041242815598138
779,1629619_def,0.0008773016000152095,0.029619277506637624
780,1629620_off,0.0013144369916478183,0.03625516503407229
781,1629620_def,0.0007593196834707687,0.027555755904543223
782,1629622_off,0.00025795519672671384,0.01606098367867653
783,1629622_def,0.00021920623611054212,0.014805615019665415
784,1629623_off,0.0013360926008664264,0.03655260046653899
785,1629623_def,0.0007655348293484586,0.027668300080569797
786,1629626_off,0.0005394113361078853,0.023225230593212316
787,1629626_def,0.00041111789339725316,0.020276042350450278
788,1629627_off,0.00044273968502248263,0.02104138030221598
789,1629627_def,0.0003519087320001518,0.01875923058124058
790,1629628_off,0.0003062158881709344,0.017499025349171148
791,1629628_def,0.0002528721084406324,0.01590195297567668
792,1629629_off,0.00039900408753774664,0.019975086671595362
793,1629629_def,0.00032361712031676805,0.017989361309306343
794,1629630_off,0.00041881654934922195,0.020465007924484708
795,1629630_def,0.00032428457682732434,0.01800790317686444
796,1629631_off,0.00036440756674177273,0.01908946219100404
797,1629631_def,0.0002939266110991721,0.017144288002106475
798,1629632_off,0.0003146649510283169,0.01773879790257268
799,1629632_def,0.0002605822427163414,0.01614255998026154
800,1629633_off,0.0011144258112542917,0.03338301680876508
801,1629633_def,0.0006885785767023541,0.026240780794449584
802,1629634_off,0.0005160132858195505,0.02271592581911533
803,1629634_def,0.0003850292840301967,0.019622163082346367
804,1629635_off,0.0017756465101640235,0.042138420831398314
805,1629635_def,0.0008983108250907341,0.029971833862657355
806,1629636_off,0.0003600750578087499,0.018975643804855474
807,1629636_def,0.0002875431759797524,0.016957098100198405
808,1629637_off,0.00042339262904887395,0.02057650672609114
809,1629637_def,0.0003366916475398404,0.018349159314253075
810,1629638_off,0.0003258346087683317,0.01805088941765285
811,1629638_def,0.00027055548790425526,0.016448570998851397
812,1629639_off,0.0003047688496666087,0.017457630127443093
813,1629639_def,0.000253176619558721,0.01591152474022276
814,1629640_off,0.000324985614202314,0.018027357382664658
815,1629640_def,0.0002648931730803488,0.01627553910260268
816,1629641_off,0.0006161610751257245,0.024822592030763518
817,1629641_def,0.0004552096525456451,0.021335642773201026
818,1629642_off,0.0004922856307487812,0.022187510692927705
819,1629642_def,0.00038071254877080246,0.019511856620291226
820,1629643_off,0.000491483605345671,0.02216942952233257
821,1629643_def,0.0003784167706563518,0.019452937327209787
822,1629644_off,0.0011209203360420326,0.033480148387395665
823,1629644_def,0.0006865494839354755,0.026202089304776355
824,1629645_off,0.00046655762546256264,0.021599945033785678
825,1629645_def,0.0003591462357872902,0.01895115394342229
826,1629646_off,0.0008652378327927153,0.029414925340593936
827,1629646_def,0.000583501404128279,0.024155773722410113
828,1629647_off,0.0005055289085592765,0.022483970035544802
829,1629647_def,0.0003853920769803471,0.019631405374561116
830,1629649_off,0.0011282787155923138,0.03358986030921108
831,1629649_def,0.000688462941455627,0.026238577351975986
832,1629650_off,0.0008845175948951125,0.029740840520992552
833,1629650_def,0.0005916496098807668,0.024323848582836698
834,1629651_off,0.0003474253018797554,0.018639348214992805
835,1629651_def,0.0002784922788376512,0.01668808793234417
836,1629652_off,0.0004139568008712736,0.020345928361008098
837,1629652_def,0.0003211838087849761,0.017921601736032862
838,1629653_off,0.0015494264499658786,0.03936275460337956
839,1629653_def,0.0008351200157612327,0.028898443137325456
840,1629655_off,0.0003422886623303587,0.018501044898339085
841,1629655_def,0.00028019717217045144,0.016739091139319703
842,1629656_off,0.00041292130051010114,0.020320465066284807
843,1629656_def,0.00032617210798018546,0.018060235546088137
844,1629657_off,0.0014655681518542369,0.038282739607481554
845,1629657_def,0.0008097280706395496,0.028455721228595656
846,1629658_off,0.0014737049232277232,0.03838886457330724
847,1629658_def,0.0008050469861224973,0.028373349927749054
848,1629659_off,0.0003722899319271566,0.019294816193142567
849,1629659_def,0.0003013101374601536,0.017358287284756916
850,1629660_off,0.0006349918763542441,0.025199045147668672
851,1629660_def,0.000464906278748131,0.0215616854338461
852,1629661_off,0.00034912477818593206,0.018684881005399313
853,1629661_def,0.0002848392331452775,0.016877180841161757
854,1629662_off,0.0017414708159886015,0.04173093356238992
855,1629662_def,0.0008882681482532761,0.029803827744994033
856,1629663_off,0.0015410775380263581,0.039256560445693124
857,1629663_def,0.0008328397380154426,0.02885896287144503
858,1629667_off,0.00037750802649579544,0.019429565782482002
859,1629667_def,0.0003074980033442927,0.017535620985419727
860,1629669_off,0.0004774863045254537,0.02185146000901207
861,1629669_def,0.0003716903839639497,0.019279273429358007
862,1629670_off,0.0004028544214240796,0.02007123367967399
863,1629670_def,0.0003222509005941705,0.017951348155338376
864,1629671_off,0.001715835523349768,0.04142264505496683
865,1629671_def,0.0008835117079745725,0.02972392484135587
866,1629672_off,0.000983065980677332,0.03135388302391479
867,1629672_def,0.0006323618063727774,0.0251468050927504
868,1629673_off,0.00024659300381869056,0.01570328003376016
869,1629673_def,0.0002078660562843776,0.014417560691197994
870,1629674_off,0.0011370116616599426,0.033719603521689616
871,1629674_def,0.0006971762544447655,0.026404095410461716
872,1629675_off,0.0003619091239811126,0.019023909271785138
873,1629675_def,0.00029220516612458124,0.01709400965615093
874,1629676_off,0.0006926319202293547,0.02631790113647657
875,1629676_def,0.0004938319507016904,0.022222330001637775
876,1629677_off,0.0010845409655985785,0.032932369571571654
877,1629677_def,0.0006727332281171903,0.025937101382328565
878,1629678_off,0.000834997187059958,0.028896317880656663
879,1629678_def,0.00056634207289572,0.023797942618968556
880,1629680_off,0.0003280344504075214,0.018111721354071273
881,1629680_def,0.0002718654757126086,0.016488343631566166
882,1629681_off,0.00115276837898561,0.03395244290158825
883,1629681_def,0.00070377890868795,0.026528831649508238
884,1629682_off,0.001707198014465035,0.04131825280024598
885,1629682_def,0.0008793393784099623,0.029653657083232792
886,1629683_off,0.0016598231646769044,0.040740927390977545
887,1629683_def,0.0008670987804005923,0.0294465410600395
888,1629684_off,0.00024226635570699282,0.015564907828413016
889,1629684_def,0.00020892167367048635,0.0144541230681936
890,1629685_off,0.001066494630938927,0.032657229382464875
891,1629685_def,0.0006704849730323996,0.025893724587868767
892,1629686_off,0.0017524400675816398,0.04186215555345472
893,1629686_def,0.0008910809260058055,0.02985097864402113
894,1629712_off,0.0015726256532599778,0.03965634442633332
895,1629712_def,0.0008406213910704377,0.028993471524990547
896,1629714_off,0.0017275936804358666,0.041564331829537046
897,1629714_def,0.0008858353502006463,0.029762986244673877
898,1629716_off,0.0015798146208517714,0.0397468819009966
899,1629716_def,0.000843295262278348,0.029039546523290407
900,1629717_off,0.0008428302300367568,0.02903153854064157
901,1629717_def,0.0005736220063405636,0.02395040722702985
902,1629718_off,0.0014207166564693804,0.03769239520738076
903,1629718_def,0.0007954434956898586,0.02820360784881712
904,1629719_off,0.001566696622064924,0.03958151869326042
905,1629719_def,0.0008416715791152591,0.02901157663959784
906,1629723_off,0.00036499459704690974,0.019104831772274514
907,1629723_def,0.0002971308121355775,0.017237482766795664
908,1629726_off,0.00039558724958528607,0.01988937529399267
909,1629726_def,0.0003181948761718518,0.017838017719798684
910,1629730_off,0.0016187282100419108,0.04023342155524323
911,1629730_def,0.0008565455242206567,0.02926679900878565
912,1629731_off,0.00043426792422903587,0.020839096051149527
913,1629731_def,0.0003464599294372519,0.01861343411187876
914,1629735_off,0.0016196274073308522,0.040244594759182906
915,1629735_def,0.0008552003116904341,0.029243808091465005
916,1629744_off,0.0011835997033719057,0.03440348388422175
917,1629744_def,0.0007123851923933098,0.026690544999930402
918,1629750_off,0.0005145886868714856,0.02268454731466964
919,1629750_def,0.00039656512285089887,0.019913942925771855
920,1629751_off,0.0017779942518129576,0.04216626912370785
921,1629751_def,0.0008986057786541989,0.029976753971272453
922,1629752_off,0.0017242613056787687,0.04152422552774186
923,1629752_def,0.0008841926582808278,0.02973537721773221
924,1629755_off,0.001512178918953617,0.038886744771883607
925,1629755_def,0.0008241904906489778,0.028708718025174475
926,1629760_off,0.0018123287801954106,0.04257145499269917
927,1629760_def,0.0009073618908031004,0.030122448287001845
928,1629783_off,0.0017912296030825245,0.04232292054055963
929,1629783_def,0.0009020535281926598,0.030034205969072327
930,1629788_off,0.0018123287801954115,0.042571454992699174
931,1629788_def,0.0009073618908031009,0.030122448287001852
932,1629833_off,0.0012908151845691298,0.03592791650748941
933,1629833_def,0.0007494740814452486,0.02737652427619782
934,1629873_off,0.0017983753599178354,0.04240725598194058
935,1629873_def,0.0009041171845113633,0.030068541443032504
936,1629875_off,0.0013545807907342333,0.036804630017624594
937,1629875_def,0.0007749406904356926,0.02783775656254815
938,1629958_off,0.0018147078753291848,0.042599388203695895
939,1629958_def,0.0009079559388660094,0.030132307227725016
940,1629962_off,0.001545731389653381,0.03931579058919432
941,1629962_def,0.0008330915418852769,0.028863325204925315
942,1630162_off,0.00033255485934945974,0.018236086733437625
943,1630162_def,0.00026763974761831065,0.016359698885319088
944,1630163_off,0.0004046704019989108,0.02011642120256262
945,1630163_def,0.000321017990686852,0.017916974931244726
946,1630164_off,0.0006146955844068029,0.02479305516484007
947,1630164_def,0.0004437703525934362,0.021065857509093622
948,1630165_off,0.0003739622706066541,0.01933810411096843
949,1630165_def,0.00029716458443667347,0.017238462357086072
950,1630166_off,0.0002913209652212471,0.017068127173806947
951,1630166_def,0.00024509515804264394,0.015655515259570475
952,1630167_off,0.00036640654647478556,0.019141748783086294
953,1630167_def,0.0002941371473440588,0.01715042703095345
954,1630168_off,0.00047741785952731884,0.02184989381043576
955,1630168_def,0.00034959944943733297,0.018697578705204932
956,1630169_off,0.0003195572836474377,0.0178761652388715
957,1630169_def,0.0002588096401205969,0.016087561658641652
958,1630170_off,0.00033877798327970843,0.018405922505533603
959,1630170_def,0.0002779177520955404,0.01667086536732693
960,1630171_off,0.00033027189673903983,0.018173384295145464
961,1630171_def,0.0002734494301243997,0.016536306423273597
962,1630172_off,0.00039886069687568006,0.019971497111525717
963,1630172_def,0.00032061911740784485,0.017905840315602193
964,1630173_off,0.00034857097124775917,0.01867005546986294
965,1630173_def,0.00028582731148094526,0.016906428111252397
966,1630174_off,0.00038129183074397336,0.01952669533597463
967,1630174_def,0.0003059561304127644,0.01749160171090013
968,1630175_off,0.0003644090942609762,0.01908950220044976
969,1630175_def,0.0002905316233522933,0.01704498821801568
970,1630176_off,0.0016583772517073335,0.04072317831048227
971,1630176_def,0.0008667659717003944,0.029440889451584074
972,1630177_off,0.0005816791903695675,0.024118026253604742
973,1630177_def,0.00043117365891874175,0.02076472149870404
974,1630178_off,0.00032284041874876187,0.017967760537940223
975,1630178_def,0.00026208583934779787,0.01618906542539741
976,1630179_off,0.0018088390203800232,0.04253044815635056
977,1630179_def,0.0009062042467219489,0.030103226516802962
978,1630180_off,0.00027034960404511956,0.0164423113960635
979,1630180_def,0.00022649204177307752,0.015049652546589822
980,1630181_off,0.0005428645676306328,0.02329945423460886
981,1630181_def,0.00041025204454605034,0.020254679571547172
982,1630182_off,0.0003576967800790535,0.018912873395628003
983,1630182_def,0.0002926554699435176,0.017107175978036748
984,1630183_off,0.000318729326660175,0.017852992092648644
985,1630183_def,0.00026433664761184306,0.01625843312290096
986,1630184_off,0.0008874759831801405,0.02979053512745517
987,1630184_def,0.0005924529791365653,0.02434035700511735
988,1630186_off,0.0013676396740829276,0.03698161264848962
989,1630186_def,0.000779203664509909,0.02791421975463239
990,1630187_off,0.001755811709029933,0.0419024069598625
991,1630187_def,0.000892689189697876,0.029877904707289567
992,1630188_off,0.0004202959965045362,0.020501121835268827
993,1630188_def,0.0003330825503229757,0.01825054931565008
994,1630190_off,0.0011887086122573634,0.03447765381021979
995,1630190_def,0.0007146897885031362,0.026733682658832025
996,1630191_off,0.0004194513483667582,0.020480511428349592
997,1630191_def,0.00032763270302472905,0.018100627144514332
998,1630192_off,0.0006100473567374673,0.024699136760977444
999,1630192_def,0.0004428387132966378,0.021043733349779877
1000,1630193_off,0.0003003029388945725,0.017329250961728625
1001,1630193_def,0.00024873512614396873,0.01577133875560248
1002,1630194_off,0.0005017328122385483,0.02239939312210374
1003,1630194_def,0.00037798678719219616,0.01944188229550308
1004,1630195_off,0.001299452153644731,0.03604791469204191
1005,1630195_def,0.0007549747265128264,0.027476803426032412
1006,1630196_off,0.0017971487520147787,0.04239279127416333
1007,1630196_def,0.0009029464620682023,0.03004906757402303
1008,1630197_off,0.0005111053286038207,0.022607638722427884
1009,1630197_def,0.00039413783385937215,0.01985290492243823
1010,1630198_off,0.00039852395115232484,0.01996306467334925
1011,1630198_def,0.0003216872706762805,0.01793564246622575
1012,1630199_off,0.0015259038584075426,0.03906281938631085
1013,1630199_def,0.0008282013327420671,0.02877848732546704
1014,1630200_off,0.000348972101174203,0.018680794982393095
1015,1630200_def,0.0002826123629415815,0.016811078577580366
1016,1630201_off,0.000537486365708211,0.023183752192175687
1017,1630201_def,0.00041001683743212844,0.020248872497799192
1018,1630202_off,0.0004050489700238811,0.02012582843074742
1019,1630202_def,0.00032203522970323585,0.017945340055380277
1020,1630204_off,0.001335424798997737,0.0365434645182656
1021,1630204_def,0.0007685404687814165,0.02772256244977034
1022,1630205_off,0.00046070419121330613,0.02146402085382201
1023,1630205_def,0.0003624009376072371,0.019036831081018633
1024,1630206_off,0.001508603913312377,0.03884075067905327
1025,1630206_def,0.0008231159428644282,0.02868999726149217
1026,1630207_off,0.0016434463552419383,0.04053944197003627
1027,1630207_def,0.0008614737320714695,0.029350872765072412
1028,1630208_off,0.00045746150154560734,0.021388349668583766
1029,1630208_def,0.00035051100345061465,0.018721939094298288
1030,1630209_off,0.0007153536844356955,0.026746096620548117
1031,1630209_def,0.0005058926416672946,0.02249205730179644
1032,1630210_off,0.0014936988925093502,0.03864840090494496
1033,1630210_def,0.0008192211891184744,0.028622040268270088
1034,1630214_off,0.0004504223936087517,0.021223157013242674
1035,1630214_def,0.0003471431533187771,0.018631778050384164
1036,1630215_off,0.0008426817292415628,0.02902898085089387
1037,1630215_def,0.0005683404420736497,0.023839891821769026
1038,1630216_off,0.0017311840749701926,0.041607500224961756
1039,1630216_def,0.0008860946014362784,0.029767341188562314
1040,1630217_off,0.0003505784425726119,0.018723740079711955
1041,1630217_def,0.00028213760314781534,0.016796952198176174
1042,1630218_off,0.0017242135125523194,0.04152365003889132
1043,1630218_def,0.0008853527249405808,0.02975487733028958
1044,1630219_off,0.0008975288165191877,0.029958785297791828
1045,1630219_def,0.0005961000686389306,0.024415160631028634
1046,1630222_off,0.0016556850673158045,0.04069011019050949
1047,1630222_def,0.0008660251592034352,0.029428305408287364
1048,1630224_off,0.0003916449011103651,0.01979002024027174
1049,1630224_def,0.0003024555199660052,0.017391248372845614
1050,1630225_off,0.0015487422415276814,0.03935406257970937
1051,1630225_def,0.0008362596422149494,0.028918154197924692
1052,1630227_off,0.0007934856414740777,0.028168877178085704
1053,1630227_def,0.0005435260366920857,0.02331364486072664
1054,1630228_off,0.00033531211992799054,0.018311529699290296
1055,1630228_def,0.0002747063247531203,0.01657426694466818
1056,1630230_off,0.00041186247911295464,0.02029439526354394
1057,1630230_def,0.0003247139816220935,0.018019821908723
1058,1630231_off,0.0003653538251878991,0.019114230959886905
1059,1630231_def,0.00029335762391526646,0.017127685889088067
1060,1630233_off,0.0010731749713051972,0.032759349372434084
1061,1630233_def,0.0006698927324545489,0.025882286074737464
1062,1630235_off,0.0006913290426431518,0.026293136797330814
1063,1630235_def,0.0004933755578558748,0.02221205883874511
1064,1630237_off,0.000757542887861732,0.027523497013674188
1065,1630237_def,0.0005304107696837341,0.02303064848595745
1066,1630238_off,0.001652196742292638,0.04064722305757969
1067,1630238_def,0.0008654705598689976,0.02941888100980385
1068,1630240_off,0.0007655487387253941,0.02766855143886998
1069,1630240_def,0.0005318034173183295,0.02306086332552035
1070,1630241_off,0.0007955795288946073,0.028206019373435295
1071,1630241_def,0.00054993154249428,0.023450619234772457
1072,1630243_off,0.0013065362096532408,0.036146040027273264
1073,1630243_def,0.0007593182874553517,0.02755573057379085
1074,1630245_off,0.00031961604147590593,0.017877808631817992
1075,1630245_def,0.0002629929149405467,0.016217056297014778
1076,1630249_off,0.0007337645747552546,0.027088089167662872
1077,1630249_def,0.0005137718777801207,0.022666536519285886
1078,1630250_off,0.001699227824085603,0.04122169118420062
1079,1630250_def,0.0008760785679884211,0.02959862442730103
1080,1630256_off,0.0004026606295046999,0.020066405495372107
1081,1630256_def,0.00032186788846345985,0.01794067692322282
1082,1630257_off,0.0017984925217057707,0.042408637347900846
1083,1630257_def,0.0009035490293334546,0.03005909229057748
1084,1630259_off,0.001770450084427589,0.042076716654553606
1085,1630259_def,0.0008964476900938067,0.029940736298458104
1086,1630264_off,0.000649822567883744,0.025491617600374914
1087,1630264_def,0.0004734264340053572,0.021758364690512868
1088,1630267_off,0.0007913828736370042,0.028131528107036848
1089,1630267_def,0.0005409009450619336,0.023257277249539198
1090,1630270_off,0.001635587114305039,0.04044239253932733
1091,1630270_def,0.0008601293886303273,0.02932796257209708
1092,1630271_off,0.0016764754948213206,0.04094478592960672
1093,1630271_def,0.0008735610071534656,0.029556065488380984
1094,1630273_off,0.0015851512790137153,0.039813958343949116
1095,1630273_def,0.0008454252867408433,0.029076197941629908
1096,1630278_off,0.0018147132720501326,0.04259945154635365
1097,1630278_def,0.0009079573827638998,0.030132331187014055
1098,1630284_off,0.001152702338613201,0.03395147034537976
1099,1630284_def,0.0007022449865319144,0.026499905406093704
1100,1630285_off,0.0013526587233421768,0.036778508987480404
1101,1630285_def,0.0007643833642392522,0.02764748386814345
1102,1630286_off,0.0017898935078930521,0.04230713306161329
1103,1630286_def,0.0009017028610050327,0.030028367604733906
1104,1630288_off,0.0011106915792671605,0.033327039761538384
1105,1630288_def,0.0006877042020727247,0.026224114895887805
1106,1630296_off,0.0013589048820523745,0.036863327061625546
1107,1630296_def,0.0007746821062558811,0.027833111688344892
1108,1630306_off,0.0017934207246101364,0.042348798384489454
1109,1630306_def,0.0009025930745881789,0.030043186824772417
1110,1630311_off,0.0017592678342716528,0.041943626861200886
1111,1630311_def,0.0008934251457005177,0.029890218227716533
1112,1630314_off,0.0010127018830396023,0.031822977281197345
1113,1630314_def,0.0006419051723808985,0.025335847575735423
1114,1630322_off,0.000720072330430614,0.026834163494147044
1115,1630322_def,0.0005129957400290471,0.022649409264460896
1116,1630346_off,0.0009525743597472813,0.030863803390821443
1117,1630346_def,0.0006208408692415596,0.024916678535502272
1118,1630466_off,0.0016929749656652013,0.04114577700888879
1119,1630466_def,0.0008762416734675807,0.02960137958723513
1120,1630492_off,0.001774487897223135,0.04212467088563583
1121,1630492_def,0.0008984813854197479,0.029974679071171854
1122,1630525_off,0.0018111432806243036,0.042557529070944705
1123,1630525_def,0.0009073591448178928,0.030122402706588544
1124,1630526_off,0.0005327899854816123,0.023082243943811274
1125,1630526_def,0.00040458894187400603,0.020114396383535998
1126,1630527_off,0.0007314356760907468,0.027045067500206885
1127,1630527_def,0.0005121034525118349,0.022629702881651694
1128,1630528_off,0.0005755600664392828,0.023990832966766344
1129,1630528_def,0.0004287740106418038,0.020706859024048136
1130,1630529_off,0.0003790622061490497,0.01946951992600356
1131,1630529_def,0.00029901246803743897,0.017291976984643454
1132,1630530_off,0.0003483910440045274,0.018665236242933744
1133,1630530_def,0.00028548847712009194,0.016896404265999674
1134,1630531_off,0.0010298745453335477,0.0320916585008246
1135,1630531_def,0.0006545723273832329,0.02558461114387383
1136,1630532_off,0.0003545652577374106,0.018829903285397156
1137,1630532_def,0.00028358058529570694,0.016839851106696488
1138,1630533_off,0.00042028307681993575,0.020500806735832027
1139,1630533_def,0.00033505627791113624,0.01830454254853522
1140,1630534_off,0.0004778378281422836,0.021859502010390896
1141,1630534_def,0.00036862650740270784,0.019199648627063668
1142,1630535_off,0.0009842351874157285,0.03137252280923115
1143,1630535_def,0.0006296049313572129,0.025091929606094722
1144,1630536_off,0.001732387271932379,0.04162195660865042
1145,1630536_def,0.0008851855188259311,0.029752067471453664
1146,1630537_off,0.0004191267189039537,0.020472584568245255
1147,1630537_def,0.0003343528084956235,0.018285316745838
1148,1630538_off,0.00043361934273959603,0.02082352858522292
1149,1630538_def,0.0003426843112999222,0.01851173442170998
1150,1630539_off,0.0010646489009607486,0.03262895801218219
1151,1630539_def,0.0006663489950034181,0.025813736556403802
1152,1630540_off,0.0005236115834119243,0.02288256068301632
1153,1630540_def,0.00039676567726597804,0.01991897781679517
1154,1630541_off,0.00043665585426505153,0.020896311977596706
1155,1630541_def,0.00034798251014077656,0.01865428932285485
1156,1630543_off,0.0005494091744558844,0.02343947897151053
1157,1630543_def,0.00040982256175980925,0.0202440747321237
1158,1630544_off,0.000405863234683615,0.020146047619411977
1159,1630544_def,0.00032437899394833114,0.018010524532848318
1160,1630547_off,0.0008785686134579037,0.029640658114453256
1161,1630547_def,0.0005852642007335403,0.024192234306354185
1162,1630548_off,0.0010683593868137092,0.03268576734319862
1163,1630548_def,0.0006672539102579964,0.025831258394782015
1164,1630549_off,0.0006120735112084933,0.0247401194663343
1165,1630549_def,0.00044833681103145377,0.021173965406400704
1166,1630550_off,0.0005753676585504961,0.023986822602222582
1167,1630550_def,0.0004270992385632432,0.0206663794256092
1168,1630551_off,0.0010679190760581668,0.03267903113707882
1169,1630551_def,0.0006703439462456011,0.025891001260005396
1170,1630552_off,0.00046024472868136883,0.02145331509770387
1171,1630552_def,0.00035855305124080235,0.018935497121565156
1172,1630553_off,0.00079902792067239,0.028267081927082428
1173,1630553_def,0.0005443591100937571,0.02333150466844685
1174,1630554_off,0.001461905268684317,0.03823486980080248
1175,1630554_def,0.0008084246310785294,0.028432809060635028
1176,1630555_off,0.0017748438394983536,0.04212889554092718
1177,1630555_def,0.000898041997002332,0.02996734884841053
1178,1630556_off,0.0006203331042433128,0.02490648719196091
1179,1630556_def,0.00045489525422977273,0.02132827358765291
1180,1630557_off,0.000298645842212851,0.017281372694692137
1181,1630557_def,0.0002495140566971658,0.015796013949638237
1182,1630558_off,0.0003555909203544557,0.01885711855916634
1183,1630558_def,0.0002831299215465805,0.016826464915322543
1184,1630559_off,0.00031527342817397265,0.01775594064458351
1185,1630559_def,0.0002586637592795902,0.016083027055862033
1186,1630560_off,0.0003578023100515215,0.01891566308780957
1187,1630560_def,0.00029222877378108777,0.017094700166457668
1188,1630561_off,0.0010372150671646824,0.032205823497694984
1189,1630561_def,0.0006565395632956396,0.02562302798842556
1190,1630562_off,0.0015873697235955935,0.03984180873900674
1191,1630562_def,0.0008479524242054489,0.02911962266591806
1192,1630563_off,0.0007974829453358673,0.028239740532375067
1193,1630563_def,0.0005492174923637097,0.02343538974209112
1194,1630564_off,0.0016644995144603461,0.040798278327159175
1195,1630564_def,0.0008680957201272529,0.029463464156939404
1196,1630565_off,0.0017812121939352792,0.042204409650358564
1197,1630565_def,0.0008980297600174354,0.029967144675751733
1198,1630567_off,0.00032272301207661046,0.017964493092670623
1199,1630567_def,0.00026584566018573975,0.016304774153165683
1200,1630568_off,0.0009417896231554031,0.03068859109107818
1201,1630568_def,0.0006145206468244055,0.02478952695846384
1202,1630570_off,0.0004534484984749199,0.021294330195498517
1203,1630570_def,0.00035268346663817435,0.018779868653379193
1204,1630572_off,0.0006710483649990164,0.02590460123219457
1205,1630572_def,0.0004834356812842663,0.02198717083401742
1206,1630573_off,0.00045173199764990445,0.02125398780581904
1207,1630573_def,0.0003522187843907821,0.018767492757179424
1208,1630575_off,0.0017993515721047623,0.042418764386822516
1209,1630575_def,0.0009043875613573699,0.030073037115618532
1210,1630577_off,0.0006726751122623301,0.02593598103527858
1211,1630577_def,0.0004774799707730983,0.02185131508109062
1212,1630578_off,0.0003881597029437221,0.01970176903081858
1213,1630578_def,0.0003045894175940122,0.01745249029777734
1214,1630579_off,0.0006217035896288447,0.024933984632000653
1215,1630579_def,0.00045043981565443013,0.021223567458239206
1216,1630580_off,0.001371622291417286,0.037035419417326514
1217,1630580_def,0.0007795173832889897,0.027919838525482014
1218,1630581_off,0.0003704415145209459,0.019246857263484497
1219,1630581_def,0.0002954182570856027,0.01718773565905651
1220,1630582_off,0.001661675923308739,0.040763659346392575
1221,1630582_def,0.0008673501760936335,0.029450809430194503
1222,1630583_off,0.0003839579172791269,0.019594844150416887
1223,1630583_def,0.00031023240230144007,0.017613415407053797
1224,1630585_off,0.0015786195964437304,0.039731846124283356
1225,1630585_def,0.0008434373164682267,0.02904199229509275
1226,1630586_off,0.0008262579392670933,0.028744702803596582
1227,1630586_def,0.0005540059838788967,0.023537331706862966
1228,1630587_off,0.0005666216669525438,0.023803816226658777
1229,1630587_def,0.00042725482863952447,0.020670143411198782
1230,1630589_off,0.0017835338405492115,0.042231905480918236
1231,1630589_def,0.0008997564785239631,0.02999594103414599
1232,1630590_off,0.001114148094221227,0.033378856993929965
1233,1630590_def,0.0006842432354601208,0.026158043418041052
1234,1630591_off,0.00038344116218944204,0.01958165371436851
1235,1630591_def,0.00030680106790088353,0.01751573772071515
1236,1630592_off,0.0010424815160577827,0.03228748234312769
1237,1630592_def,0.0006586861532253129,0.025664881710721225
1238,1630593_off,0.0012687476839843429,0.035619484611436235
1239,1630593_def,0.0007446236364245704,0.02728779280969002
1240,1630595_off,0.00039473873110110213,0.019868032894604894
1241,1630595_def,0.00031320372636953886,0.017697562723989393
1242,1630596_off,0.0003480280685293325,0.018655510406561715
1243,1630596_def,0.0002805184747230784,0.016748685761070282
1244,1630598_off,0.00036791196295387165,0.019181031331861997
1245,1630598_def,0.0003006677512579993,0.017339773679549548
1246,1630600_off,0.0015345740735048987,0.0391736400338914
1247,1630600_def,0.0008317405665907264,0.028839912735490834
1248,1630602_off,0.0016025560581831796,0.04003193797686017
1249,1630602_def,0.0008510410652058471,0.029172608131702023
1250,1630604_off,0.001763044920943009,0.04198862847180185
1251,1630604_def,0.000895093606035303,0.029918115014741536
1252,1630605_off,0.001787639191051617,0.04228048238906005
1253,1630605_def,0.0009011249765726281,0.030018743754071858
1254,1630606_off,0.0014483248582877364,0.03805686348462963
1255,1630606_def,0.0008065489249597803,0.0283998050162282
1256,1630608_off,0.0018099607388464669,0.042543633352670605
1257,1630608_def,0.0009070608615336982,0.030117451112829888
1258,1630610_off,0.001530422709660039,0.03912061744988234
1259,1630610_def,0.0008275997363973375,0.02876803323825488
1260,1630611_off,0.0014742098835093594,0.03839544092088746
1261,1630611_def,0.0008103272407392955,0.028466247394753237
1262,1630612_off,0.0016868505116519065,0.04107128573166302
1263,1630612_def,0.0008756202645516762,0.02959088144262817
1264,1630613_off,0.0007235415525324915,0.026898727712151953
1265,1630613_def,0.0005084020761446077,0.022547773197027852
1266,1630618_off,0.0017287881819728623,0.04157869865655805
1267,1630618_def,0.000886429829972457,0.029772971466960715
1268,1630620_off,0.0017587545757974299,0.04193750798268097
1269,1630620_def,0.000894123833770682,0.02990190351416916
1270,1630622_off,0.0018111549486767799,0.04255766615636694
1271,1630622_def,0.0009070689218632414,0.030117584927467897
1272,1630624_off,0.0017970104170641238,0.042391159656986546
1273,1630624_def,0.0009037981390618978,0.0300632356718617
1274,1630625_off,0.0005622398888374994,0.023711598192393095
1275,1630625_def,0.0004228967865742089,0.020564454443874967
1276,1630631_off,0.0004277633042515631,0.020682439514031294
1277,1630631_def,0.00033805499178319557,0.018386271829362134
1278,1630637_off,0.0016442202842326457,0.040548986229407086
1279,1630637_def,0.0008616844187340571,0.029354461649535615
1280,1630639_off,0.0012101430864377488,0.03478711092398661
1281,1630639_def,0.0007187544339807461,0.026809595930948796
1282,1630640_off,0.001794054366244467,0.04235627894709906
1283,1630640_def,0.000902994664729923,0.03004986962916683
1284,1630641_off,0.0014172999973363681,0.037647045001385805
1285,1630641_def,0.0007947096408470352,0.02819059490055212
1286,1630643_off,0.0015010963603971509,0.03874398482857889
1287,1630643_def,0.0008190609491604642,0.028619240890709597
1288,1630644_off,0.0016739445760551514,0.04091386777188331
1289,1630644_def,0.0008718222326522145,0.02952663598604173
1290,1630647_off,0.0007921125963898653,0.02814449495709357
1291,1630647_def,0.0005469829302541034,0.023387666199390297
1292,1630648_off,0.0017367043673080743,0.041673785132959475
1293,1630648_def,0.0008875361146970598,0.029791544348976937
1294,1630649_off,0.001305341580225165,0.03612951120933087
1295,1630649_def,0.0007568548864381444,0.02751099573694388
1296,1630658_off,0.0016940754439568005,0.0411591477554723
1297,1630658_def,0.0008763155768519287,0.029602627870713247
1298,1630678_off,0.0007723878532070333,0.027791866673669712
1299,1630678_def,0.0005359719094933053,0.023151067135086998
1300,1630686_off,0.0014999568187872895,0.038729275991003106
1301,1630686_def,0.000811926467538772,0.02849432342658397
1302,1630688_off,0.0007060192043365512,0.02657102189108562
1303,1630688_def,0.0005023396244101519,0.02241293431057504
1304,1630691_off,0.001486156214150795,0.038550696675297515
1305,1630691_def,0.0008166653668717909,0.02857735759078839
1306,1630692_off,0.0005287821899559275,0.022995264511545144
1307,1630692_def,0.0004037960844067072,0.020094678012018686
1308,1630693_off,0.001812352784307174,0.04257173691907783
1309,1630693_def,0.000907367736118599,0.030122545312748706
1310,1630695_off,0.0013538706555873117,0.03679498139131628
1311,1630695_def,0.0007734133551205363,0.027810310230569818
1312,1630696_off,0.001327299893510831,0.03643212721638459
1313,1630696_def,0.000763694506406651,0.02763502318447826
1314,1630698_off,0.001509773885172856,0.03885580889870723
1315,1630698_def,0.00082405534446424,0.028706364180513002
1316,1630699_off,0.0007124765557762704,0.026692256475919572
1317,1630699_def,0.0005067824744264643,0.02251182965523825
1318,1630700_off,0.00050583618138176,0.022490802150696182
1319,1630700_def,0.00038812279150806874,0.01970083225419852
1320,1630701_off,0.001814705731272544,0.042599363038343004
1321,1630701_def,0.0009082569521324779,0.030137301673050922
1322,1630702_off,0.0006247264661635325,0.024994528724573556
1323,1630702_def,0.00045766261964094946,0.021393050732444623
1324,1630703_off,0.0006979165699059137,0.026418110642245286
1325,1630703_def,0.0004913024174899849,0.022165342710862488
1326,1630758_off,0.0016743935619990033,0.04091935436928353
1327,1630758_def,0.0008696058971866074,0.029489080982401054
1328,1630787_off,0.0017174743962242638,0.04144242266354929
1329,1630787_def,0.000882985418382111,0.029715070559938286
1330,1630792_off,0.0014131647293645045,0.03759208333365557
1331,1630792_def,0.0007922920845229999,0.028147683466370726
1332,1630846_off,0.0010600574000907634,0.032558522695152546
1333,1630846_def,0.0006638649650678771,0.025765577134383717
1334,1630929_off,0.0017472429305638902,0.041800035054577286
1335,1630929_def,0.0008905697722247205,0.029842415656657562
1336,1630994_off,0.001713568542871485,0.041395271986924845
1337,1630994_def,0.0008820740491046657,0.029699731465194525
1338,1631093_off,0.0004262983479668639,0.02064699367866576
1339,1631093_def,0.00032909245080340953,0.018140905457099146
1340,1631094_off,0.00044854108526170053,0.02117878856926667
1341,1631094_def,0.00033833937253140357,0.01839400371130232
1342,1631095_off,0.00040848051071113437,0.020210900789206166
1343,1631095_def,0.0003227361734913901,0.017964859406390858
1344,1631096_off,0.0006184774318305367,0.024869206497806412
1345,1631096_def,0.0004442262209710229,0.021076674808209735
1346,1631097_off,0.0004169277323512576,0.020418808298998687
1347,1631097_def,0.0003304990191830326,0.018179631987007675
1348,1631098_off,0.0008217211711407609,0.02866567932459932
1349,1631098_def,0.0005586009365042719,0.023634740034624284
1350,1631099_off,0.0004320029119436482,0.02078467974118553
1351,1631099_def,0.0003375906092396433,0.018373638976524036
1352,1631100_off,0.0006527063355202058,0.025548118042630963
1353,1631100_def,0.00047525208719141577,0.021800277227398183
1354,1631101_off,0.0004910392980942261,0.02215940653750064
1355,1631101_def,0.0003751676596788282,0.019369245201577377
1356,1631102_off,0.001140949726633825,0.03377794734192451
1357,1631102_def,0.0006980683740024381,0.026420983592637844
1358,1631103_off,0.0004518255557079663,0.021256188644909187
1359,1631103_def,0.0003520911083384333,0.018764090927578487
1360,1631104_off,0.0006884797959429785,0.026238898527624562
1361,1631104_def,0.00048766683857190147,0.022083179992290546
1362,1631105_off,0.0004895207211794953,0.022125115167598457
1363,1631105_def,0.00036946437530914586,0.019221456118336765
1364,1631106_off,0.0005571792263448709,0.023604644168995027
1365,1631106_def,0.0004156671987567211,0.020387917960319565
1366,1631107_off,0.0007666780977584889,0.02768895263021859
1367,1631107_def,0.0005372281836900266,0.023178183356122338
1368,1631108_off,0.0006393443796097983,0.025285260125412955
1369,1631108_def,0.0004696108630452809,0.021670506755617897
1370,1631109_off,0.0007774886076964922,0.027883482703860582
1371,1631109_def,0.0005330969615954683,0.023088892602190093
1372,1631110_off,0.0004551834559643256,0.02133502884845309
1373,1631110_def,0.0003544792724259347,0.01882761993524234
1374,1631111_off,0.0014005236614115263,0.037423570933457516
1375,1631111_def,0.0007853638445126986,0.028024343783801586
1376,1631112_off,0.0015933196667308027,0.03991640848987798
1377,1631112_def,0.0008488110319685353,0.029134361705184745
1378,1631113_off,0.0013458096946167017,0.036685278990580154
1379,1631113_def,0.0007731755037942461,0.027806033586152593
1380,1631114_off,0.0004135809530802327,0.02033668982603198
1381,1631114_def,0.0003257804718248506,0.018049389790927853
1382,1631115_off,0.0010040647659483545,0.03168698101663133
1383,1631115_def,0.0006397648855876756,0.02529357399790855
1384,1631116_off,0.0009642361135480163,0.031052151512383427
1385,1631116_def,0.0006259530036356903,0.02501905281252051
1386,1631117_off,0.0004811786404761628,0.021935784473689626
1387,1631117_def,0.0003699826138955681,0.01923493212609725
1388,1631119_off,0.0006344733345372632,0.025188754128326062
1389,1631119_def,0.00045955503584198547,0.02143723479933887
1390,1631120_off,0.0016053290222633112,0.0400665574046899
1391,1631120_def,0.0008515380772186667,0.029181125359017027
1392,1631121_off,0.0006484697235290645,0.02546506869280082
1393,1631121_def,0.00047001754792052046,0.021679888097509186
1394,1631123_off,0.0015015435057117656,0.03874975491163481
1395,1631123_def,0.0008220167778264065,0.028670834969118122
1396,1631124_off,0.0011138522722513018,0.03337442542203988
1397,1631124_def,0.0006850835678607575,0.026174101089832244
1398,1631128_off,0.0004946556826484237,0.022240856158170345
1399,1631128_def,0.0003742036488329727,0.01934434410449144
1400,1631131_off,0.001716263618711917,0.04142781214005776
1401,1631131_def,0.000882643688973476,0.029709319900890967
1402,1631132_off,0.0009224352672215768,0.030371619436927903
1403,1631132_def,0.0006097488700631203,0.024693093570128475
1404,1631133_off,0.0005591456530433616,0.023646260868123773
1405,1631133_def,0.00041555120362264767,0.020385073059046112
1406,1631157_off,0.0015343097129555654,0.0391702656737935
1407,1631157_def,0.0008311142303045244,0.028829051845395894
1408,1631159_off,0.0017019722886648333,0.04125496683630752
1409,1631159_def,0.0008777144868761566,0.029626246587716044
1410,1631160_off,0.0016381629732243564,0.040474226036137574
1411,1631160_def,0.0008622005628967628,0.029363251912837632
1412,1631165_off,0.0007898815390912995,0.028104831241110476
1413,1631165_def,0.0005475958144228988,0.023400765252933477
1414,1631167_off,0.001807642884807538,0.04251638372213161
1415,1631167_def,0.0009059093446265277,0.030098327937387613
1416,1631169_off,0.0014623920534420777,0.03824123498845294
1417,1631169_def,0.0008065451720732983,0.028399738943752605
1418,1631170_off,0.0005743129094476513,0.02396482650568644
1419,1631170_def,0.0004288388976059772,0.0207084257635866
1420,1631172_off,0.000842879094789913,0.029032380108938934
1421,1631172_def,0.0005729924182493367,0.023937260040558874
1422,1631173_off,0.0016285253021040842,0.04035499104329084
1423,1631173_def,0.0008575847351236364,0.029284547719294497
1424,1631197_off,0.0011889445737857341,0.03448107558916534
1425,1631197_def,0.0007171848576438286,0.026780307273140624
1426,1631199_off,0.0017059497997863578,0.04130314515610594
1427,1631199_def,0.0008802939915227328,0.0296697487606945
1428,1631200_off,0.0008114168446009802,0.02848537948844951
1429,1631200_def,0.0005467096171003919,0.02338182236482845
1430,1631204_off,0.000737947214312791,0.02716518386304041
1431,1631204_def,0.0005156605908688939,0.022708161327348673
1432,1631205_off,0.001494329931576702,0.038656563887349095
1433,1631205_def,0.0008184880096172526,0.028609229448156283
1434,1631207_off,0.0008646764287241429,0.029405380948461506
1435,1631207_def,0.0005835067953916011,0.024155885315831443
1436,1631209_off,0.001806452695182404,0.0425023845823079
1437,1631209_def,0.0009058796102208769,0.030097833978890855
1438,1631210_off,0.0017348847251240519,0.04165194743495257
1439,1631210_def,0.0008874580429852875,0.02979023402031759
1440,1631211_off,0.0017969984142746165,0.04239101808490351
1441,1631211_def,0.0009029185690591764,0.030048603446070108
1442,1631212_off,0.0007351586907861192,0.027113809964409635
1443,1631212_def,0.0005064614541877835,0.02250469849137694
1444,1631213_off,0.001684100336623261,0.04103779156610722
1445,1631213_def,0.0008744127890820014,0.02957047157354785
1446,1631214_off,0.0017612947342695755,0.041967782098528576
1447,1631214_def,0.0008951421915725346,0.029918926978963242
1448,1631216_off,0.000645360652126589,0.02540394953794762
1449,1631216_def,0.00047095774663531275,0.02170156092624014
1450,1631217_off,0.00138408522144244,0.037203295841127304
1451,1631217_def,0.0007826076629390447,0.027975125789512452
1452,1631218_off,0.0008221251078303083,0.028672724108990907
1453,1631218_def,0.0005587709940105361,0.023638337378304255
1454,1631219_off,0.001432628446559526,0.03785007855420548
1455,1631219_def,0.0007974246422518087,0.02823870822562195
1456,1631220_off,0.0016702889001990703,0.04086916808792504
1457,1631220_def,0.0008698208132422727,0.02949272475106823
1458,1631221_off,0.001415756021876603,0.03762653348206028
1459,1631221_def,0.0007945660738220459,0.028188048421663496
1460,1631222_off,0.0007659359992705557,0.027675548761868403
1461,1631222_def,0.0005298832730816442,0.023019193580176612
1462,1631223_off,0.00048442342007386067,0.022009621079742848
1463,1631223_def,0.00037658422745659437,0.019405778197655314
1464,1631230_off,0.00094744024726619,0.03078051733266012
1465,1631230_def,0.0006133246419858626,0.024765392021647115
1466,1631241_off,0.0012277270129713053,0.03503893567121161
1467,1631241_def,0.0007278669064519263,0.026979008626187996
1468,1631243_off,0.0016508900727467799,0.0406311465842004
1469,1631243_def,0.0008649447736912265,0.029409943449303443
1470,1631245_off,0.00153468789449905,0.03917509278226473
1471,1631245_def,0.0008292313270182971,0.02879637697729173
1472,1631246_off,0.000694126131770428,0.02634627358414142
1473,1631246_def,0.0004963455905523257,0.022278814837246745
1474,1631250_off,0.0017626645933105603,0.04198409929140508
1475,1631250_def,0.000894886142135475,0.029914647618440617
1476,1631254_off,0.0012324797157271653,0.03510669046958379
1477,1631254_def,0.0007316445587789494,0.027048928976559302
1478,1631257_off,0.0016864264819216755,0.041066123288200404
1479,1631257_def,0.0008730360263629875,0.029547183052923802
1480,1631260_off,0.0008459706443736562,0.029085574506508484
1481,1631260_def,0.000575041624853878,0.023980025539058085
1482,1631262_off,0.0015299372417642632,0.03911441220016304
1483,1631262_def,0.0008295218345213683,0.028801420703176577
1484,1631288_off,0.0011140893362416384,0.03337797681468484
1485,1631288_def,0.0006877638297214098,0.02622525175706441
1486,1631298_off,0.001572074370113248,0.0396493930610955
1487,1631298_def,0.0008406770912023738,0.028994432072423384
1488,1631303_off,0.0011771249366420674,0.034309254387731414
1489,1631303_def,0.000709956810584861,0.026645014741689694
1490,1631306_off,0.0015566194984305316,0.03945401751951925
1491,1631306_def,0.0008391895572817244,0.02896876865318449
1492,1631309_off,0.0017561446584800871,0.04190637968710835
1493,1631309_def,0.0008928270580536619,0.02988021181406956
1494,1631311_off,0.0012182126892769088,0.034902903737037534
1495,1631311_def,0.0007251915238189597,0.02692938030885523
1496,1631320_off,0.0017992101848291401,0.04241709778885326
1497,1631320_def,0.0009034677606798685,0.030057740445347328
1498,1631321_off,0.0015363025115762141,0.03919569506433346
1499,1631321_def,0.0008312506945368721,0.028831418531471392
1500,1631323_off,0.0005055722848323687,0.022484934619259375
1501,1631323_def,0.00038900132111611415,0.019723116414910553
1502,1631338_off,0.001582668407746332,0.0397827652099038
1503,1631338_def,0.0008439491344879476,0.029050802647912287
1504,1631367_off,0.000984669218645529,0.031379439425291346
1505,1631367_def,0.0006336592316614278,0.0251725888946971
1506,1631376_off,0.0018123203358345913,0.042571355813910736
1507,1631376_def,0.0009073554018352453,0.030122340576974514
1508,1631386_off,0.001721380969658818,0.04148952843379662
1509,1631386_def,0.0008835384294837515,0.029724374332923336
1510,1631466_off,0.0013620610833709518,0.03690611173465652
1511,1631466_def,0.0007761748177247075,0.02785991417296018
1512,1631495_off,0.00180643150589479,0.042502135309826376
1513,1631495_def,0.0009058730029369244,0.030097724215244655
1514,1641645_off,0.0015766603231626094,0.03970718226168422
1515,1641645_def,0.0008397111957903773,0.028977770718093158
1516,1641705_off,0.000647603294656163,0.025448050900926833
1517,1641705_def,0.0004620217545908421,0.021494691311829583
1518,1641706_off,0.0005980469465927422,0.024454998396907374
1519,1641706_def,0.0004358892880409899,0.020877961778894748
1520,1641707_off,0.000965315708370136,0.03106953022448418
1521,1641707_def,0.0006198222510504573,0.02489622965532045
1522,1641708_off,0.0007569289679617465,0.027512342102440978
1523,1641708_def,0.0005243437876557851,0.022898554269992356
1524,1641709_off,0.0006904407857181968,0.026276239946350713
1525,1641709_def,0.0004901753199400677,0.022139903340802274
1526,1641710_off,0.0008149200947403345,0.028546805333352705
1527,1641710_def,0.000553329937712982,0.02352296617590949
1528,1641711_off,0.0007512133352702988,0.027408271292992902
1529,1641711_def,0.0005242285921234798,0.022896038786730768
1530,1641712_off,0.0010985655850455976,0.03314461623017526
1531,1641712_def,0.0006770946161633848,0.02602104179627297
1532,1641713_off,0.0008198892746371658,0.028633708712584995
1533,1641713_def,0.0005500922249319678,0.023454044958854493
1534,1641715_off,0.0009358669302566269,0.03059194224394108
1535,1641715_def,0.0006090133820376358,0.024678196490781814
1536,1641716_off,0.0012814760982397487,0.035797710796079525
1537,1641716_def,0.0007472716719370328,0.02733627026382774
1538,1641717_off,0.0006705406797642336,0.0258948002456909
1539,1641717_def,0.0004790686717680087,0.02188763741859794
1540,1641718_off,0.0006366282114346905,0.025231492453572587
1541,1641718_def,0.000457317044766167,0.021384972405083132
1542,1641720_off,0.0015945531632009632,0.03993185649579748
1543,1641720_def,0.0008494360404417325,0.029145086042791715
1544,1641721_off,0.0016140178403535976,0.040174840887719734
1545,1641721_def,0.0008539573333202084,0.02922254837142388
1546,1641722_off,0.0008060582217879684,0.02839116450214694
1547,1641722_def,0.0005522533382078557,0.023500071025591724
1548,1641723_off,0.001457479036422455,0.038176943780539256
1549,1641723_def,0.0008079330335474893,0.02842416284690702
1550,1641724_off,0.0016704535395973322,0.040871182263268725
1551,1641724_def,0.0008709332344397289,0.029511577972716554
1552,1641726_off,0.0007818916282379559,0.027962325157932698
1553,1641726_def,0.000537872168306048,0.023192071237947854
1554,1641727_off,0.001757661745285361,0.04192447668469293
1555,1641727_def,0.0008935662452245833,0.02989257843051655
1556,1641729_off,0.001092087234844447,0.033046743180598706
1557,1641729_def,0.0006761217450727426,0.02600234114599573
1558,1641730_off,0.0012743910589651673,0.03569861424432561
1559,1641730_def,0.000744393254865201,0.027283571153080402
1560,1641731_off,0.000644041501936848,0.02537797277043318
1561,1641731_def,0.0004691506532072898,0.02165988580780817
1562,1641732_off,0.0014636193374417178,0.038257278228354376
1563,1641732_def,0.0008096026570511497,0.028453517481168294
1564,1641733_off,0.0010097510264763163,0.031776579842335395
1565,1641733_def,0.000640836052533496,0.025314739827489753
1566,1641734_off,0.0015684587626296597,0.039603772075771516
1567,1641734_def,0.0008407516158609341,0.028995717198595627
1568,1641735_off,0.0016876615072821271,0.04108115756988996
1569,1641735_def,0.0008751857382195039,0.029583538297835568
1570,1641738_off,0.001243490806418156,0.03526316500852066
1571,1641738_def,0.0007334927511704183,0.02708307130239143
1572,1641739_off,0.0006860513995617501,0.026192582911231763
1573,1641739_def,0.0004878290229697721,0.022086851812102425
1574,1641741_off,0.0013441345388804891,0.03666244043814445
1575,1641741_def,0.0007695419810861257,0.027740619695423636
1576,1641745_off,0.0017826209436802428,0.042221095955460974
1577,1641745_def,0.0008996111637742312,0.02999351869611552
1578,1641748_off,0.001060653495484679,0.03256767562299587
1579,1641748_def,0.00066677512641435,0.025821989203280795
1580,1641749_off,0.0016713518830166832,0.040882170722904176
1581,1641749_def,0.0008715358524495094,0.029521786064693127
1582,1641753_off,0.0016260134080785065,0.04032385656256736
1583,1641753_def,0.0008574299578137976,0.029281904955343968
1584,1641754_off,0.0017032471264586222,0.04127041466303219
1585,1641754_def,0.0008783148201985155,0.029636376637479075
1586,1641757_off,0.0017522579122643952,0.04185997984070699
1587,1641757_def,0.0008918722543029707,0.029864230348411302
1588,1641763_off,0.0012907266837685148,0.03592668484244705
1589,1641763_def,0.0007539485745326456,0.027458124016994417
1590,1641764_off,0.0006159590170501845,0.02481852165319652
1591,1641764_def,0.0004510504792619916,0.021237949036147338
1592,1641765_off,0.001305371387807245,0.03612992371715231
1593,1641765_def,0.0007541108732020203,0.027461079243212935
1594,1641766_off,0.0016737472845160316,0.04091145664133742
1595,1641766_def,0.0008722267783073705,0.029533485712109408
1596,1641767_off,0.0009563090986720634,0.030924247746259948
1597,1641767_def,0.0006160765388020442,0.024820889162196512
1598,1641771_off,0.0017414960589619882,0.04173123601047527
1599,1641771_def,0.000888171420058863,0.02980220495297056
1600,1641774_off,0.001503969935319139,0.03878105124051099
1601,1641774_def,0.0008230453535348143,0.028688767027092926
1602,1641775_off,0.0016443448800062303,0.04055052256144463
1603,1641775_def,0.0008644899746077838,0.029402210369422633
1604,1641778_off,0.0013512458053660723,0.036759295496052044
1605,1641778_def,0.0007737505810878912,0.02781637253647375
1606,1641787_off,0.001258673676326009,0.035477791311269775
1607,1641787_def,0.0007409560346251317,0.027220507611452283
1608,1641788_off,0.0017267127463924206,0.04155373324254297
1609,1641788_def,0.0008843158417208463,0.029737448473613978
1610,1641793_off,0.0017285951409941867,0.04157637719900793
1611,1641793_def,0.0008848412457799806,0.029746281209253378
1612,1641806_off,0.0018087573081742936,0.042529487513656844
1613,1641806_def,0.0009067647309967405,0.030112534449905415
1614,1641809_off,0.0017644564235096624,0.042005433261777726
1615,1641809_def,0.0008946292740108812,0.029910353959973147
1616,1641816_off,0.001706903279472358,0.041314686002344954
1617,1641816_def,0.000880652509862755,0.029675789961899162
1618,1641847_off,0.001788226874320124,0.042287431635417684
1619,1641847_def,0.0009009324008999717,0.030015535992215292
1620,1641851_off,0.0015858354929438575,0.03982255005576435
1621,1641851_def,0.0008438746837933328,0.02904952123174034
1622,1641854_off,0.001062260270539742,0.03259233453650938
1623,1641854_def,0.0006646073871037544,0.02577998035499163
1624,1641871_off,0.0008372707055250496,0.02893563038064057
1625,1641871_def,0.0005619786937649407,0.023706089803359403
1626,1641877_off,0.001339753802405352,0.036602647478090326
1627,1641877_def,0.0007681004135846338,0.0277146245434542
1628,1641926_off,0.0017403657993056948,0.041717691682374936
1629,1641926_def,0.0008881874331649966,0.029802473608158714
1630,1641931_off,0.0013703616119048526,0.0370183955879351
1631,1641931_def,0.0007800072156205527,0.027928609267569206
1632,1641970_off,0.001576639637015977,0.03970692177714078
1633,1641970_def,0.0008425818619754751,0.029027260669506432
1634,1641998_off,0.0011295004065565366,0.03360804080211366
1635,1641998_def,0.0006876258209713553,0.026222620406270526
1636,1642013_off,0.0016023464619799221,0.04002932002894781
1637,1642013_def,0.0008501893628914623,0.02915800684017106
1638,META_home,3.6805163902444255e-06,0.0019184671981153146
1639,META_rb_margin,3.102106153807641e-08,0.00017612796921010702
1640,META_playoff,8.061622749183414e-05,0.008978653991096557
