Name,PLAYER_ID,MPG,Tier,Poss_Off,Poss_Def,Off,Def,RAPM,Replace_Off,Replace_Def,VORP_Off,VORP_Def,VORP,Season
Dirk Nowitzki,1717,37.92,35-40,6124,6103,9.043,-1.887,10.931,-0.222,-2.321,9.266,0.434,8.831,2004
Kevin Garnett,708,39.45,35-40,7511,7478,7.454,-3.471,10.925,-0.222,-2.321,7.676,-1.15,8.826,2004
Andrei Kirilenko,1905,37.26,35-40,5281,5262,8.049,-2.568,10.616,-0.222,-2.321,8.271,-0.247,8.517,2004
Shaquille O'Neal,406,36.8,35-40,6393,6347,7.318,-2.918,10.236,-0.222,-2.321,7.54,-0.596,8.137,2004
Tim Duncan,1495,36.59,35-40,5415,5396,3.697,-5.646,9.343,-0.222,-2.321,3.919,-3.325,7.244,2004
Jermaine O'Neal,979,35.76,35-40,6166,6146,5.964,-3.376,9.34,-0.222,-2.321,6.186,-1.054,7.241,2004
Brad Miller,1802,36.48,35-40,5838,5854,5.355,-3.922,9.277,-0.222,-2.321,5.577,-1.601,7.178,2004
Jason Kidd,467,36.78,35-40,5575,5567,4.65,-4.365,9.015,-0.222,-2.321,4.872,-2.044,6.916,2004
Hedo Turkoglu,2045,26.0,25-30,4355,4383,4.069,-4.335,8.405,-2.278,-2.01,6.347,-2.326,8.673,2004
Ray Allen,951,38.51,35-40,4017,4023,7.228,-1.16,8.388,-0.222,-2.321,7.45,1.161,6.289,2004
Sam Cassell,208,35.16,35-40,6273,6219,5.557,-2.756,8.313,-0.222,-2.321,5.779,-0.435,6.214,2004
Metta World Peace,1897,37.2,35-40,6032,6016,4.572,-3.719,8.291,-0.222,-2.321,4.794,-1.398,6.192,2004
Rasheed Wallace,739,35.2,35-40,5769,5743,3.766,-4.522,8.289,-0.222,-2.321,3.989,-2.201,6.19,2004
Vince Carter,1713,38.17,35-40,5047,5035,5.239,-2.922,8.162,-0.222,-2.321,5.462,-0.601,6.063,2004
Baron Davis,1884,40.1,40+,5500,5469,5.867,-1.842,7.709,-0.032,-1.324,5.899,-0.517,6.416,2004
Jason Richardson,2202,37.7,35-40,5509,5490,5.278,-2.388,7.667,-0.222,-2.321,5.5,-0.067,5.567,2004
Kobe Bryant,977,37.65,35-40,6512,6491,5.813,-1.557,7.37,-0.222,-2.321,6.035,0.764,5.271,2004
Manu Ginobili,1938,29.28,25-30,4779,4761,4.351,-2.812,7.164,-2.278,-2.01,6.629,-0.803,7.432,2004
Ben Wallace,1112,37.77,35-40,7308,7281,1.896,-5.215,7.111,-0.222,-2.321,2.118,-2.893,5.012,2004
Richard Jefferson,2210,38.25,35-40,6754,6719,5.41,-1.602,7.011,-0.222,-2.321,5.632,0.719,4.912,2004
Rashard Lewis,1740,36.67,35-40,5517,5521,6.174,-0.783,6.958,-0.222,-2.321,6.396,1.538,4.859,2004
Derek Anderson,1507,35.55,35-40,3235,3232,3.356,-3.403,6.759,-0.222,-2.321,3.578,-1.082,4.66,2004
Chauncey Billups,1497,35.54,35-40,6669,6622,3.811,-2.913,6.724,-0.222,-2.321,4.033,-0.592,4.625,2004
Jim Jackson,754,38.99,35-40,6152,6144,2.345,-4.12,6.465,-0.222,-2.321,2.567,-1.798,4.366,2004
Richard Hamilton,1888,35.7,35-40,6831,6786,4.099,-2.282,6.381,-0.222,-2.321,4.321,0.039,4.282,2004
Latrell Sprewell,84,37.81,35-40,7257,7236,4.586,-1.724,6.309,-0.222,-2.321,4.808,0.597,4.21,2004
Desmond Mason,2046,30.91,30-35,5270,5264,5.019,-1.216,6.235,-1.811,-1.775,6.83,0.559,6.271,2004
Paul Pierce,1718,38.75,35-40,6380,6367,4.594,-1.563,6.157,-0.222,-2.321,4.816,0.758,4.058,2004
Mike Bibby,1710,36.37,35-40,6829,6849,4.6,-1.31,5.91,-0.222,-2.321,4.822,1.011,3.811,2004
Tracy McGrady,1503,40.11,40+,5089,5095,6.919,1.036,5.883,-0.032,-1.324,6.951,2.36,4.591,2004
LeBron James,2544,39.58,35-40,5966,5959,4.754,-1.014,5.767,-0.222,-2.321,4.976,1.308,3.668,2004
Michael Finley,714,38.64,35-40,5812,5809,3.489,-2.189,5.678,-0.222,-2.321,3.712,0.133,3.579,2004
Steve Francis,1883,40.46,40+,6255,6231,3.768,-1.829,5.596,-0.032,-1.324,3.8,-0.504,4.304,2004
Nene,2403,32.61,30-35,5080,5059,1.696,-3.844,5.541,-1.811,-1.775,3.507,-2.07,5.577,2004
Eric Snow,727,36.29,35-40,5438,5438,4.117,-1.408,5.525,-0.222,-2.321,4.339,0.913,3.426,2004
James Posey,1899,29.79,25-30,4814,4800,2.898,-2.627,5.525,-2.278,-2.01,5.176,-0.618,5.794,2004
Eddie Jones,224,37.05,35-40,6428,6399,4.012,-1.491,5.503,-0.222,-2.321,4.234,0.83,3.404,2004
Matt Harpring,1723,36.48,35-40,2049,2050,3.534,-1.851,5.385,-0.222,-2.321,3.756,0.47,3.286,2004
Reggie Miller,397,28.34,25-30,5036,5010,1.346,-3.932,5.278,-2.278,-2.01,3.624,-1.922,5.546,2004
Allan Houston,275,35.88,35-40,3357,3357,2.936,-2.244,5.179,-0.222,-2.321,3.158,0.078,3.08,2004
Tony Parker,2225,34.39,30-35,5516,5519,3.139,-2.024,5.163,-1.811,-1.775,4.95,-0.249,5.199,2004
Dwyane Wade,2548,35.01,35-40,4900,4891,3.418,-1.632,5.05,-0.222,-2.321,3.64,0.689,2.951,2004
Kirk Hinrich,2550,35.65,35-40,5174,5165,3.445,-1.593,5.038,-0.222,-2.321,3.668,0.728,2.939,2004
Gary Payton,56,34.59,30-35,6887,6871,3.32,-1.711,5.031,-1.811,-1.775,5.13,0.064,5.067,2004
Yao Ming,2397,32.94,30-35,5205,5215,2.354,-2.66,5.014,-1.811,-1.775,4.165,-0.885,5.05,2004
Elton Brand,1882,38.77,35-40,5116,5115,5.188,0.351,4.837,-0.222,-2.321,5.41,2.672,2.738,2004
Andre Miller,1889,34.72,30-35,5819,5819,3.554,-1.227,4.781,-1.811,-1.775,5.365,0.548,4.817,2004
Mike James,2229,27.12,25-30,4604,4652,1.827,-2.932,4.759,-2.278,-2.01,4.105,-0.923,5.028,2004
Corey Maggette,1894,36.03,35-40,5038,5029,4.766,0.02,4.746,-0.222,-2.321,4.988,2.341,2.647,2004
Donyell Marshall,923,36.37,35-40,5452,5434,4.958,0.315,4.643,-0.222,-2.321,5.18,2.636,2.544,2004
Brian Cardinal,2073,21.47,20-25,3021,3018,4.015,-0.628,4.643,-2.192,-1.441,6.207,0.813,5.394,2004
Stephon Marbury,950,40.18,40+,6562,6549,5.458,0.829,4.629,-0.032,-1.324,5.489,2.153,3.336,2004
Juwan Howard,436,35.6,35-40,5419,5418,5.233,0.628,4.606,-0.222,-2.321,5.455,2.949,2.507,2004
Carlos Boozer,2430,34.63,30-35,4947,4936,3.301,-1.249,4.551,-1.811,-1.775,5.112,0.525,4.587,2004
Earl Watson,2248,20.65,20-25,3251,3254,1.352,-3.187,4.538,-2.192,-1.441,3.544,-1.745,5.289,2004
Gilbert Arenas,2240,37.57,35-40,4036,4010,4.314,-0.209,4.523,-0.222,-2.321,4.536,2.113,2.424,2004
Zach Randolph,2216,37.93,35-40,5506,5473,4.543,0.074,4.469,-0.222,-2.321,4.765,2.395,2.37,2004
Doug Christie,57,33.94,30-35,6395,6401,3.465,-0.924,4.389,-1.811,-1.775,5.275,0.851,4.425,2004
P.J. Brown,136,34.46,30-35,5577,5582,1.535,-2.81,4.345,-1.811,-1.775,3.346,-1.035,4.381,2004
Jamal Crawford,2037,35.17,35-40,5383,5395,3.555,-0.765,4.321,-0.222,-2.321,3.777,1.556,2.222,2004
Antawn Jamison,1712,29.01,25-30,4859,4846,4.389,0.091,4.298,-2.278,-2.01,6.667,2.101,4.566,2004
Shane Battier,2203,24.66,20-25,3897,3888,2.347,-1.883,4.23,-2.192,-1.441,4.539,-0.442,4.981,2004
Jamal Mashburn,469,38.4,35-40,1363,1352,1.609,-2.62,4.228,-0.222,-2.321,1.831,-0.298,2.129,2004
Pau Gasol,2200,31.43,30-35,4960,4953,4.376,0.155,4.221,-1.811,-1.775,6.186,1.93,4.257,2004
Robert Horry,109,15.91,15-20,2789,2787,-0.222,-4.385,4.163,-3.169,-1.744,2.948,-2.641,5.589,2004
Gordan Giricek,1921,27.97,25-30,3877,3859,3.018,-1.11,4.129,-2.278,-2.01,5.296,0.899,4.397,2004
Keith Van Horn,1496,32.53,30-35,4724,4722,2.663,-1.423,4.086,-1.811,-1.775,4.474,0.351,4.122,2004
Joe Smith,693,29.72,25-30,4636,4627,1.927,-2.113,4.04,-2.278,-2.01,4.205,-0.103,4.308,2004
Jason Terry,1891,37.2,35-40,5750,5743,5.208,1.238,3.97,-0.222,-2.321,5.43,3.56,1.871,2004
Bobby Jackson,1517,23.78,20-25,2231,2254,2.161,-1.781,3.941,-2.192,-1.441,4.353,-0.339,4.692,2004
Quentin Richardson,2047,36.0,35-40,4546,4529,2.853,-1.054,3.907,-0.222,-2.321,3.075,1.267,1.808,2004
Cuttino Mobley,1749,40.45,40+,6249,6250,3.043,-0.825,3.868,-0.032,-1.324,3.075,0.499,2.576,2004
Mike Miller,2034,27.15,25-30,3525,3534,2.445,-1.416,3.861,-2.278,-2.01,4.723,0.593,4.129,2004
Stephen Jackson,1536,36.79,35-40,5611,5631,3.29,-0.564,3.853,-0.222,-2.321,3.512,1.758,1.754,2004
Eric Williams,677,26.5,25-30,3577,3579,0.999,-2.839,3.838,-2.278,-2.01,3.277,-0.83,4.107,2004
Shawn Marion,1890,40.63,40+,6214,6231,3.667,-0.169,3.836,-0.032,-1.324,3.698,1.155,2.543,2004
Peja Stojakovic,978,40.36,40+,7374,7370,4.31,0.528,3.782,-0.032,-1.324,4.342,1.853,2.489,2004
Darrell Armstrong,353,28.41,25-30,4497,4494,1.594,-2.184,3.779,-2.278,-2.01,3.872,-0.175,4.047,2004
Brent Barry,699,30.55,30-35,3434,3441,3.107,-0.628,3.735,-1.811,-1.775,4.918,1.147,3.771,2004
Kurt Thomas,703,31.78,30-35,5056,5050,1.931,-1.759,3.691,-1.811,-1.775,3.742,0.015,3.727,2004
Tim Thomas,1501,31.65,30-35,3976,3972,1.984,-1.664,3.648,-1.811,-1.775,3.795,0.111,3.684,2004
Josh Howard,2572,23.68,20-25,3271,3286,2.919,-0.713,3.632,-2.192,-1.441,5.112,0.729,4.383,2004
Bruce Bowen,1477,32.04,30-35,5385,5394,-0.516,-4.106,3.59,-1.811,-1.775,1.295,-2.332,3.626,2004
Speedy Claxton,2049,26.58,25-30,2992,2983,0.885,-2.683,3.568,-2.278,-2.01,3.163,-0.673,3.836,2004
Carmelo Anthony,2546,36.48,35-40,6061,6065,3.941,0.475,3.465,-0.222,-2.321,4.163,2.796,1.366,2004
Amar'e Stoudemire,2405,36.82,35-40,3912,3913,2.046,-1.417,3.464,-0.222,-2.321,2.268,0.904,1.365,2004
Vlade Divac,124,28.56,25-30,4936,4922,1.746,-1.709,3.455,-2.278,-2.01,4.024,0.301,3.723,2004
Jason Collins,2215,28.52,25-30,4635,4625,-0.328,-3.764,3.436,-2.278,-2.01,1.95,-1.755,3.704,2004
Theo Ratliff,689,31.31,30-35,4828,4835,0.056,-3.375,3.432,-1.811,-1.775,1.867,-1.601,3.468,2004
Jamaal Tinsley,2224,26.46,25-30,3329,3330,-0.152,-3.579,3.427,-2.278,-2.01,2.126,-1.57,3.695,2004
Lamar Odom,1885,37.52,35-40,6458,6438,2.055,-1.333,3.388,-0.222,-2.321,2.277,0.988,1.288,2004
Joe Johnson,2207,40.66,40+,6446,6450,4.064,0.705,3.359,-0.032,-1.324,4.096,2.029,2.067,2004
Jeff Foster,1902,23.82,20-25,4148,4175,0.376,-2.983,3.359,-2.192,-1.441,2.568,-1.542,4.11,2004
Bo Outlaw,448,19.68,15-20,3112,3117,-1.412,-4.652,3.24,-3.169,-1.744,1.757,-2.908,4.665,2004
Antonio Daniels,1498,21.35,20-25,2801,2805,2.672,-0.536,3.208,-2.192,-1.441,4.864,0.905,3.959,2004
Kenny Thomas,1903,36.54,35-40,4944,4939,2.065,-1.116,3.181,-0.222,-2.321,2.287,1.205,1.081,2004
Steve Nash,959,33.53,30-35,5548,5511,3.324,0.145,3.179,-1.811,-1.775,5.135,1.92,3.215,2004
Kedrick Brown,2208,17.62,15-20,1820,1825,1.212,-1.964,3.176,-3.169,-1.744,4.381,-0.22,4.602,2004
Rafer Alston,1747,31.52,30-35,5308,5302,1.441,-1.714,3.154,-1.811,-1.775,3.251,0.061,3.19,2004
Allen Iverson,947,42.64,40+,3868,3871,2.196,-0.948,3.145,-0.032,-1.324,2.228,0.376,1.852,2004
Darius Songaila,2443,13.34,10-15,2022,2049,1.969,-1.165,3.134,-2.651,-1.089,4.619,-0.077,4.696,2004
Larry Hughes,1716,33.89,30-35,4000,3996,0.989,-2.093,3.082,-1.811,-1.775,2.8,-0.318,3.118,2004
Jalen Rose,147,38.06,35-40,4680,4673,1.411,-1.664,3.075,-0.222,-2.321,1.633,0.657,0.976,2004
Fred Jones,2410,18.52,15-20,3185,3212,0.975,-2.089,3.064,-3.169,-1.744,4.144,-0.345,4.49,2004
Clifford Robinson,361,34.66,30-35,5320,5314,2.155,-0.864,3.019,-1.811,-1.775,3.966,0.911,3.055,2004
Anthony Peeler,324,18.45,15-20,3114,3138,-0.12,-3.131,3.012,-3.169,-1.744,3.05,-1.388,4.437,2004
Wally Szczerbiak,1887,22.27,20-25,1730,1717,0.274,-2.736,3.01,-2.192,-1.441,2.466,-1.295,3.761,2004
Michael Redd,2072,36.83,35-40,6193,6183,4.517,1.51,3.007,-0.222,-2.321,4.739,3.831,0.908,2004
Carlos Arroyo,2306,28.2,25-30,3604,3585,1.819,-1.116,2.936,-2.278,-2.01,4.097,0.893,3.204,2004
Jason Williams,1715,29.32,25-30,4319,4311,3.092,0.161,2.931,-2.278,-2.01,5.371,2.171,3.2,2004
Caron Butler,2406,29.79,25-30,4658,4650,0.137,-2.742,2.879,-2.278,-2.01,2.415,-0.733,3.147,2004
Kwame Brown,2198,30.14,30-35,4298,4307,2.591,-0.259,2.85,-1.811,-1.775,4.402,1.516,2.886,2004
Jeff McInnis,976,33.96,30-35,4415,4411,2.786,-0.042,2.828,-1.811,-1.775,4.597,1.733,2.864,2004
Earl Boykins,1863,22.42,20-25,3756,3743,3.323,0.5,2.823,-2.192,-1.441,5.515,1.942,3.574,2004
Aaron McKie,243,28.23,25-30,3836,3844,-0.554,-3.299,2.746,-2.278,-2.01,1.724,-1.29,3.014,2004
Lucious Harris,446,21.8,20-25,3113,3129,0.699,-2.01,2.709,-2.192,-1.441,2.891,-0.569,3.46,2004
Frank Williams,2421,12.73,10-15,1434,1437,0.488,-2.211,2.699,-2.651,-1.089,3.139,-1.122,4.261,2004
Calbert Cheaney,384,26.1,25-30,3830,3835,1.644,-1.036,2.68,-2.278,-2.01,3.922,0.973,2.948,2004
Mickael Pietrus,2554,14.2,10-15,1427,1444,-0.509,-3.156,2.647,-2.651,-1.089,2.141,-2.068,4.209,2004
Bob Sura,682,20.72,20-25,3088,3104,3.028,0.384,2.645,-2.192,-1.441,5.22,1.825,3.395,2004
Damon Stoudamire,757,38.08,35-40,5545,5533,2.027,-0.465,2.491,-0.222,-2.321,2.249,1.856,0.392,2004
Mark Blount,1548,29.33,25-30,4968,4952,1.011,-1.455,2.466,-2.278,-2.01,3.289,0.554,2.735,2004
Vladimir Radmanovic,2209,30.16,30-35,4390,4386,2.853,0.437,2.416,-1.811,-1.775,4.664,2.212,2.452,2004
Kerry Kittles,954,34.72,30-35,6157,6130,0.978,-1.419,2.397,-1.811,-1.775,2.789,0.356,2.433,2004
Raef LaFrentz,1711,19.42,15-20,641,639,-1.174,-3.491,2.317,-3.169,-1.744,1.995,-1.747,3.743,2004
Morris Peterson,2050,26.09,25-30,3859,3865,-0.2,-2.474,2.273,-2.278,-2.01,2.078,-0.464,2.542,2004
Bobby Simmons,2250,24.53,20-25,2595,2607,0.584,-1.482,2.066,-2.192,-1.441,2.776,-0.041,2.817,2004
Marcus Camby,948,30.06,30-35,4502,4512,0.862,-1.159,2.021,-1.811,-1.775,2.673,0.616,2.057,2004
Mehmet Okur,2246,22.37,20-25,3396,3394,-0.654,-2.618,1.964,-2.192,-1.441,1.538,-1.177,2.715,2004
Shareef Abdur-Rahim,949,31.65,30-35,5002,5005,-0.528,-2.483,1.955,-1.811,-1.775,1.283,-0.708,1.991,2004
Fred Hoiberg,697,22.73,20-25,4172,4167,0.449,-1.493,1.942,-2.192,-1.441,2.641,-0.052,2.693,2004
Devean George,1904,23.81,20-25,4626,4629,-0.383,-2.305,1.922,-2.192,-1.441,1.809,-0.864,2.673,2004
Jason Collier,2044,27.32,25-30,1037,1038,-1.149,-3.009,1.86,-2.278,-2.01,1.129,-1.0,2.128,2004
Antonio McDyess,686,22.15,20-25,1775,1782,-1.49,-3.267,1.777,-2.192,-1.441,0.702,-1.826,2.528,2004
Richie Frahm,2499,8.49,5-10,912,917,0.728,-0.999,1.726,-2.495,-0.733,3.223,-0.266,3.488,2004
Austin Croshere,1506,13.55,10-15,2279,2268,0.384,-1.325,1.709,-2.651,-1.089,3.035,-0.236,3.271,2004
Derek Fisher,965,21.46,20-25,4233,4236,0.308,-1.377,1.685,-2.192,-1.441,2.5,0.064,2.436,2004
Voshon Lenard,702,30.75,30-35,4642,4634,0.698,-0.956,1.654,-1.811,-1.775,2.509,0.818,1.69,2004
Raja Bell,1952,24.65,20-25,3694,3684,1.428,-0.224,1.652,-2.192,-1.441,3.621,1.217,2.403,2004
Ricky Davis,1729,31.32,30-35,5094,5102,2.534,0.914,1.62,-1.811,-1.775,4.345,2.689,1.656,2004
Erick Dampier,956,32.54,30-35,4465,4464,-0.388,-1.976,1.588,-1.811,-1.775,1.422,-0.202,1.624,2004
Karl Malone,252,32.85,30-35,4155,4153,-1.277,-2.839,1.562,-1.811,-1.775,0.533,-1.064,1.598,2004
Tayshaun Prince,2419,32.89,30-35,6408,6375,-0.635,-2.167,1.532,-1.811,-1.775,1.175,-0.393,1.568,2004
Greg Ostertag,731,27.61,25-30,3875,3869,-1.402,-2.855,1.452,-2.278,-2.01,0.876,-0.845,1.72,2004
Andrew DeClercq,692,17.03,15-20,2271,2287,-1.763,-3.212,1.449,-3.169,-1.744,1.406,-1.468,2.874,2004
Jared Jeffries,2407,23.38,20-25,3676,3679,-0.027,-1.466,1.439,-2.192,-1.441,2.165,-0.025,2.19,2004
Vladimir Stepania,1735,10.8,10-15,811,814,-1.458,-2.889,1.43,-2.651,-1.089,1.193,-1.8,2.993,2004
David Wesley,133,32.89,30-35,4195,4188,-0.966,-2.373,1.406,-1.811,-1.775,0.844,-0.598,1.442,2004
Rasho Nesterovic,1725,28.77,25-30,4833,4840,-0.812,-2.188,1.376,-2.278,-2.01,1.466,-0.178,1.644,2004
Kevin Ollie,1563,16.96,15-20,2586,2577,-0.478,-1.848,1.37,-3.169,-1.744,2.691,-0.104,2.795,2004
Horace Grant,270,20.18,20-25,2079,2087,0.505,-0.854,1.359,-2.192,-1.441,2.697,0.587,2.11,2004
Jake Voskuhl,2063,24.22,20-25,3103,3112,-1.11,-2.469,1.359,-2.192,-1.441,1.082,-1.028,2.11,2004
Kenyon Martin,2030,34.75,30-35,5008,5014,-2.05,-3.33,1.28,-1.811,-1.775,-0.239,-1.555,1.316,2004
Rasual Butler,2446,15.01,15-20,1361,1356,-1.168,-2.446,1.278,-3.169,-1.744,2.001,-0.702,2.703,2004
Lindsey Hunter,283,19.8,15-20,1696,1735,-4.392,-5.629,1.237,-3.169,-1.744,-1.222,-3.885,2.662,2004
Samuel Dalembert,2223,26.87,25-30,4010,4012,-0.992,-2.196,1.204,-2.278,-2.01,1.286,-0.187,1.473,2004
Corliss Williamson,722,19.93,15-20,3450,3455,-0.518,-1.701,1.184,-3.169,-1.744,2.652,0.043,2.609,2004
Trenton Hassell,2239,27.94,25-30,5101,5109,-0.854,-2.014,1.16,-2.278,-2.01,1.424,-0.004,1.429,2004
Jiri Welsch,2412,26.98,25-30,4462,4466,0.576,-0.552,1.129,-2.278,-2.01,2.855,1.457,1.397,2004
Marko Jaric,2060,30.35,30-35,3347,3343,-0.148,-1.276,1.127,-1.811,-1.775,1.662,0.499,1.163,2004
Mitchell Butler,348,13.52,10-15,1076,1088,-1.115,-2.229,1.114,-2.651,-1.089,1.536,-1.14,2.676,2004
Jason Hart,2078,12.5,10-15,1341,1347,-1.77,-2.816,1.046,-2.651,-1.089,0.881,-1.728,2.609,2004
Bostjan Nachbar,2411,11.28,10-15,1003,1006,-0.579,-1.606,1.027,-2.651,-1.089,2.072,-0.517,2.589,2004
Chucky Atkins,1088,24.05,20-25,3199,3188,-0.561,-1.572,1.011,-2.192,-1.441,1.631,-0.131,1.762,2004
Toni Kukoc,389,20.75,20-25,3102,3101,0.495,-0.473,0.968,-2.192,-1.441,2.687,0.968,1.719,2004
Michael Olowokandi,1709,21.5,20-25,2082,2084,-2.247,-3.204,0.956,-2.192,-1.441,-0.055,-1.763,1.707,2004
Rodney White,2206,13.71,10-15,1976,1947,-0.397,-1.348,0.951,-2.651,-1.089,2.253,-0.259,2.513,2004
Robert Traylor,1714,13.22,10-15,1834,1836,1.199,0.253,0.946,-2.651,-1.089,3.85,1.342,2.508,2004
Antonio Davis,213,32.23,30-35,4786,4780,-1.077,-2.005,0.928,-1.811,-1.775,0.734,-0.23,0.964,2004
Dan Gadzuric,2429,16.69,15-20,2416,2430,-0.413,-1.341,0.927,-3.169,-1.744,2.756,0.403,2.353,2004
Erick Strickland,1065,13.32,10-15,1197,1210,0.373,-0.55,0.923,-2.651,-1.089,3.024,0.538,2.486,2004
T.J. Ford,2551,26.98,25-30,2836,2828,-1.974,-2.867,0.893,-2.278,-2.01,0.304,-0.857,1.161,2004
Scott Padgett,1909,9.47,5-10,1063,1048,-1.331,-2.212,0.882,-2.495,-0.733,1.164,-1.479,2.644,2004
Marquis Daniels,2605,18.46,15-20,2407,2419,0.639,-0.19,0.829,-3.169,-1.744,3.808,1.554,2.254,2004
Kareem Rush,2416,17.34,15-20,2934,2947,-0.042,-0.86,0.819,-3.169,-1.744,3.128,0.884,2.244,2004
Rodney Rogers,915,20.49,20-25,3083,3078,-0.46,-1.274,0.814,-2.192,-1.441,1.732,0.167,1.565,2004
Al Harrington,1733,30.9,30-35,5193,5202,-0.044,-0.817,0.773,-1.811,-1.775,1.767,0.958,0.809,2004
Leandro Barbosa,2571,21.44,20-25,2948,2957,0.021,-0.735,0.756,-2.192,-1.441,2.213,0.707,1.507,2004
Eddie Robinson,1944,20.05,20-25,1985,1990,-0.228,-0.972,0.743,-2.192,-1.441,1.964,0.47,1.494,2004
Jon Barry,468,19.13,15-20,2341,2329,-1.44,-2.165,0.724,-3.169,-1.744,1.729,-0.421,2.15,2004
Stromile Swift,2031,19.87,15-20,3098,3090,-1.033,-1.706,0.673,-3.169,-1.744,2.136,0.038,2.098,2004
Chris Wilcox,2404,20.61,20-25,2535,2564,0.425,-0.243,0.668,-2.192,-1.441,2.617,1.198,1.419,2004
Corie Blount,916,16.82,15-20,2000,2004,-1.164,-1.827,0.663,-3.169,-1.744,2.006,-0.083,2.088,2004
Steve Blake,2581,18.5,15-20,2669,2681,-0.864,-1.5,0.636,-3.169,-1.744,2.305,0.243,2.061,2004
Ruben Patterson,1739,22.63,20-25,2934,2949,0.066,-0.494,0.56,-2.192,-1.441,2.259,0.947,1.311,2004
Kelvin Cato,1509,25.31,25-30,3455,3458,-3.897,-4.425,0.529,-2.278,-2.01,-1.619,-2.416,0.797,2004
Jamaal Magloire,2048,34.08,30-35,5620,5605,0.524,0.002,0.522,-1.811,-1.775,2.335,1.777,0.558,2004
Sasha Pavlovic,2562,14.39,10-15,2039,2049,-0.28,-0.787,0.507,-2.651,-1.089,2.371,0.302,2.069,2004
Luke Walton,2575,9.97,5-10,1611,1614,-0.093,-0.571,0.478,-2.495,-0.733,2.402,0.162,2.24,2004
Marc Jackson,1531,27.14,25-30,1094,1088,-1.973,-2.441,0.468,-2.278,-2.01,0.305,-0.431,0.736,2004
Dikembe Mutombo,87,23.06,20-25,2870,2875,-1.46,-1.926,0.466,-2.192,-1.441,0.732,-0.485,1.217,2004
Travis Best,696,12.49,10-15,1462,1471,-1.459,-1.873,0.415,-2.651,-1.089,1.192,-0.785,1.977,2004
Chris Andersen,2365,14.49,10-15,2068,2077,-1.626,-2.023,0.397,-2.651,-1.089,1.025,-0.934,1.959,2004
Brendan Haywood,2217,19.39,15-20,2832,2825,-2.118,-2.419,0.301,-3.169,-1.744,1.051,-0.675,1.726,2004
Stacey Augmon,278,20.56,20-25,2935,2963,-1.888,-2.189,0.301,-2.192,-1.441,0.304,-0.748,1.052,2004
Malik Rose,990,18.71,15-20,2482,2493,-1.268,-1.565,0.297,-3.169,-1.744,1.902,0.179,1.722,2004
Shandon Anderson,1000,24.58,20-25,3966,3985,0.089,-0.165,0.254,-2.192,-1.441,2.281,1.276,1.005,2004
Brian Skinner,1730,28.21,25-30,3171,3154,-1.1,-1.341,0.241,-2.278,-2.01,1.178,0.668,0.509,2004
Michael Sweetney,2552,11.83,10-15,998,995,-0.642,-0.88,0.237,-2.651,-1.089,2.008,0.209,1.799,2004
Darius Miles,2032,26.33,25-30,3812,3813,-1.683,-1.857,0.174,-2.278,-2.01,0.595,0.153,0.442,2004
Daniel Santiago,2091,13.13,10-15,1354,1373,-1.621,-1.76,0.139,-2.651,-1.089,1.03,-0.671,1.701,2004
Mark Madsen,2058,17.26,15-20,2704,2697,-2.532,-2.655,0.123,-3.169,-1.744,0.637,-0.912,1.548,2004
Chris Webber,185,36.21,35-40,2524,2516,-3.527,-3.64,0.113,-0.222,-2.321,-3.305,-1.318,-1.986,2004
Eddy Curry,2201,29.57,25-30,4095,4101,0.253,0.144,0.109,-2.278,-2.01,2.531,2.154,0.377,2004
Anfernee Hardaway,358,27.57,25-30,4314,4312,-1.887,-1.964,0.077,-2.278,-2.01,0.391,0.045,0.345,2004
Jerry Stackhouse,711,29.8,25-30,1529,1523,-0.423,-0.487,0.064,-2.278,-2.01,1.855,1.523,0.332,2004
Tony Battie,1499,20.2,20-25,2725,2739,-0.778,-0.841,0.062,-2.192,-1.441,1.414,0.6,0.813,2004
Lorenzen Wright,953,25.8,25-30,3331,3325,-1.156,-1.184,0.028,-2.278,-2.01,1.122,0.826,0.296,2004
Jerome James,1744,15.26,15-20,1833,1842,-2.598,-2.619,0.021,-3.169,-1.744,0.571,-0.876,1.447,2004
Antoine Walker,952,34.6,30-35,5851,5845,0.759,0.783,-0.024,-1.811,-1.775,2.57,2.558,0.012,2004
Jerome Williams,966,23.88,20-25,3020,3032,-0.739,-0.693,-0.046,-2.192,-1.441,1.453,0.748,0.705,2004
Udonis Haslem,2617,23.95,20-25,3663,3654,-1.043,-0.983,-0.059,-2.192,-1.441,1.149,0.458,0.691,2004
Walter McCarty,962,24.66,20-25,4002,3989,-0.612,-0.537,-0.075,-2.192,-1.441,1.58,0.904,0.676,2004
Bonzi Wells,1719,26.0,25-30,3718,3716,-1.001,-0.922,-0.08,-2.278,-2.01,1.277,1.088,0.189,2004
Damon Jones,1800,24.5,20-25,4185,4186,1.212,1.299,-0.087,-2.192,-1.441,3.404,2.74,0.664,2004
Bryon Russell,935,12.99,10-15,1833,1839,-0.696,-0.595,-0.101,-2.651,-1.089,1.955,0.493,1.461,2004
Jonathan Bender,1886,12.81,10-15,852,851,-1.799,-1.66,-0.139,-2.651,-1.089,0.851,-0.571,1.423,2004
Howard Eisley,458,21.78,20-25,2751,2757,-0.432,-0.281,-0.151,-2.192,-1.441,1.76,1.16,0.6,2004
Dion Glover,1901,23.8,20-25,3095,3086,-1.147,-0.987,-0.16,-2.192,-1.441,1.045,0.454,0.591,2004
DeShawn Stevenson,2052,30.56,30-35,4445,4440,0.116,0.356,-0.239,-1.811,-1.775,1.927,2.13,-0.203,2004
Ansu Sesay,1738,10.09,10-15,1103,1115,-2.237,-1.99,-0.247,-2.651,-1.089,0.414,-0.901,1.315,2004
Derrick Coleman,934,24.87,20-25,1545,1556,-2.516,-2.267,-0.249,-2.192,-1.441,-0.323,-0.826,0.502,2004
Travis Hansen,2580,12.43,10-15,973,980,-0.858,-0.562,-0.296,-2.651,-1.089,1.793,0.527,1.266,2004
Danny Fortson,1504,11.08,10-15,1210,1206,-0.747,-0.449,-0.299,-2.651,-1.089,1.903,0.64,1.263,2004
Casey Jacobsen,2418,23.48,20-25,3568,3545,-2.006,-1.681,-0.325,-2.192,-1.441,0.186,-0.24,0.426,2004
John Salmons,2422,20.63,20-25,2893,2905,-1.233,-0.908,-0.325,-2.192,-1.441,0.959,0.533,0.426,2004
Brian Grant,258,30.29,30-35,4989,4999,-1.645,-1.287,-0.359,-1.811,-1.775,0.166,0.488,-0.323,2004
Glen Rice,779,14.47,10-15,489,479,-2.748,-2.388,-0.36,-2.651,-1.089,-0.097,-1.3,1.202,2004
Kyle Korver,2594,11.65,10-15,1635,1640,-1.298,-0.865,-0.433,-2.651,-1.089,1.353,0.224,1.129,2004
Keith Bogans,2586,24.47,20-25,3336,3342,0.569,1.013,-0.443,-2.192,-1.441,2.762,2.454,0.307,2004
Scott Williams,281,12.45,10-15,1064,1075,-2.898,-2.434,-0.464,-2.651,-1.089,-0.247,-1.345,1.098,2004
Eduardo Najera,2059,12.41,10-15,1504,1505,-2.239,-1.678,-0.561,-2.651,-1.089,0.412,-0.589,1.001,2004
Shawn Bradley,762,11.55,10-15,1446,1453,-2.607,-2.045,-0.562,-2.651,-1.089,0.044,-0.956,1.0,2004
Christian Laettner,363,20.48,20-25,1897,1910,-1.535,-0.933,-0.602,-2.192,-1.441,0.657,0.508,0.149,2004
Zydrunas Ilgauskas,980,31.4,30-35,4878,4847,-0.197,0.434,-0.631,-1.811,-1.775,1.614,2.209,-0.595,2004
Doug Overton,77,16.99,15-20,1942,1953,-1.093,-0.462,-0.631,-3.169,-1.744,2.076,1.282,0.794,2004
Kendrick Perkins,2570,3.52,0-5,70,69,-0.529,0.106,-0.635,-1.214,-0.149,0.685,0.255,0.43,2004
Glenn Robinson,299,32.02,30-35,2518,2507,-1.501,-0.861,-0.639,-1.811,-1.775,0.31,0.913,-0.603,2004
Elden Campbell,922,13.82,10-15,1874,1879,-1.459,-0.812,-0.646,-2.651,-1.089,1.192,0.276,0.916,2004
Raul Lopez,2221,19.78,15-20,2919,2933,-3.243,-2.59,-0.654,-3.169,-1.744,-0.074,-0.846,0.772,2004
Moochie Norris,983,12.79,10-15,1511,1516,-1.05,-0.368,-0.682,-2.651,-1.089,1.601,0.721,0.88,2004
Devin Brown,2484,10.68,10-15,1434,1425,-1.044,-0.339,-0.705,-2.651,-1.089,1.607,0.75,0.857,2004
Flip Murray,2436,24.7,20-25,3872,3882,-0.152,0.711,-0.863,-2.192,-1.441,2.04,2.152,-0.112,2004
Mateen Cleaves,2043,22.84,20-25,179,176,-3.07,-2.131,-0.939,-2.192,-1.441,-0.878,-0.69,-0.188,2004
George Lynch,248,21.68,20-25,3408,3439,-2.077,-1.123,-0.954,-2.192,-1.441,0.115,0.318,-0.203,2004
Clar. Weatherspoon,221,16.78,15-20,1632,1643,-3.122,-2.158,-0.964,-3.169,-1.744,0.047,-0.414,0.461,2004
Mike Dunleavy,2399,31.21,30-35,4462,4446,-1.177,-0.207,-0.97,-1.811,-1.775,0.634,1.568,-0.934,2004
Rick Fox,296,22.27,20-25,1902,1902,-2.563,-1.584,-0.98,-2.192,-1.441,-0.371,-0.143,-0.229,2004
Melvin Ely,2408,12.08,10-15,946,937,-2.304,-1.319,-0.985,-2.651,-1.089,0.347,-0.23,0.577,2004
Slava Medvedenko,2098,21.31,20-25,3142,3158,-2.437,-1.404,-1.033,-2.192,-1.441,-0.245,0.037,-0.282,2004
Charlie Ward,369,17.65,15-20,2388,2407,-2.352,-1.285,-1.067,-3.169,-1.744,0.818,0.459,0.358,2004
Anthony Johnson,1533,21.96,20-25,3474,3478,-1.38,-0.309,-1.07,-2.192,-1.441,0.812,1.132,-0.32,2004
Jarron Collins,2260,21.37,20-25,3097,3098,-1.104,-0.03,-1.075,-2.192,-1.441,1.088,1.412,-0.324,2004
Kenny Anderson,72,20.68,20-25,1707,1709,-2.359,-1.277,-1.082,-2.192,-1.441,-0.167,0.164,-0.331,2004
Chris Mihm,2036,17.47,15-20,2711,2711,-2.48,-1.384,-1.096,-3.169,-1.744,0.689,0.36,0.33,2004
Vin Baker,452,24.47,20-25,2604,2604,-0.638,0.477,-1.115,-2.192,-1.441,1.554,1.918,-0.364,2004
Vitaly Potapenko,958,21.88,20-25,2621,2623,-0.562,0.576,-1.138,-2.192,-1.441,1.63,2.018,-0.387,2004
Calvin Booth,1916,16.87,15-20,2279,2293,-3.104,-1.926,-1.178,-3.169,-1.744,0.065,-0.182,0.247,2004
Keyon Dooling,2039,19.51,15-20,2185,2186,-1.824,-0.616,-1.208,-3.169,-1.744,1.345,1.128,0.217,2004
Chris Bosh,2547,33.55,30-35,4554,4538,-1.626,-0.403,-1.223,-1.811,-1.775,0.185,1.372,-1.187,2004
Jarvis Hayes,2553,29.2,25-30,3926,3944,-1.606,-0.363,-1.242,-2.278,-2.01,0.672,1.646,-0.974,2004
Boris Diaw,2564,25.2,25-30,3640,3654,-2.46,-1.217,-1.243,-2.278,-2.01,-0.182,0.793,-0.975,2004
Mike Wilks,2366,5.39,5-10,260,263,-2.897,-1.58,-1.316,-2.495,-0.733,-0.402,-0.847,0.445,2004
Brian Cook,2567,12.51,10-15,941,940,-2.772,-1.447,-1.326,-2.651,-1.089,-0.121,-0.358,0.236,2004
Maurice Taylor,1508,27.75,25-30,3965,3949,-2.646,-1.253,-1.393,-2.278,-2.01,-0.368,0.756,-1.124,2004
Jake Tsakalidis,2054,13.29,10-15,1007,1016,-2.936,-1.541,-1.395,-2.651,-1.089,-0.285,-0.452,0.167,2004
Mark Jackson,349,13.78,10-15,1142,1144,-2.453,-1.046,-1.407,-2.651,-1.089,0.198,0.043,0.155,2004
Nick Van Exel,89,32.24,30-35,2344,2341,-1.018,0.407,-1.424,-1.811,-1.775,0.793,2.182,-1.388,2004
Troy Murphy,2211,21.87,20-25,1157,1152,-2.353,-0.916,-1.437,-2.192,-1.441,-0.161,0.525,-0.686,2004
Rick Brunson,1594,10.17,10-15,785,790,-1.48,-0.03,-1.449,-2.651,-1.089,1.171,1.058,0.113,2004
Ryan Bowen,1763,7.47,5-10,737,752,-3.289,-1.824,-1.465,-2.495,-0.733,-0.794,-1.091,0.297,2004
Marcus Haislip,2409,8.46,5-10,526,528,-1.989,-0.517,-1.472,-2.495,-0.733,0.506,0.216,0.29,2004
Eric Piatkowski,15,14.33,10-15,1264,1265,-3.204,-1.708,-1.496,-2.651,-1.089,-0.553,-0.62,0.066,2004
DeSagana Diop,2205,12.89,10-15,1321,1322,-2.863,-1.353,-1.51,-2.651,-1.089,-0.212,-0.265,0.052,2004
Sean Rooks,399,10.69,10-15,1134,1131,-2.097,-0.543,-1.554,-2.651,-1.089,0.554,0.545,0.008,2004
Reggie Evans,2501,17.15,15-20,2376,2393,-2.917,-1.362,-1.555,-3.169,-1.744,0.252,0.382,-0.13,2004
Alvin Williams,1541,31.02,30-35,3118,3127,-2.567,-1.002,-1.564,-1.811,-1.775,-0.756,0.772,-1.528,2004
Greg Buckner,1761,13.16,10-15,1304,1317,-2.917,-1.342,-1.575,-2.651,-1.089,-0.266,-0.253,-0.013,2004
Chris Crawford,1544,21.6,20-25,2303,2297,-0.18,1.398,-1.578,-2.192,-1.441,2.012,2.839,-0.827,2004
Hubert Davis,93,4.5,0-5,130,129,-1.901,-0.27,-1.63,-1.214,-0.149,-0.687,-0.121,-0.565,2004
Torraye Braggs,1765,9.99,5-10,274,274,-3.265,-1.625,-1.64,-2.495,-0.733,-0.77,-0.891,0.122,2004
Reece Gaines,2558,9.33,5-10,670,672,-2.395,-0.732,-1.662,-2.495,-0.733,0.1,0.001,0.099,2004
Brevin Knight,1510,18.45,15-20,2127,2149,-3.756,-2.063,-1.693,-3.169,-1.744,-0.587,-0.319,-0.268,2004
Charles Oakley,891,3.39,0-5,50,49,-1.814,-0.117,-1.697,-1.214,-0.149,-0.6,0.032,-0.632,2004
Michael Ruffin,1913,17.79,15-20,1253,1247,-4.102,-2.4,-1.702,-3.169,-1.744,-0.933,-0.656,-0.276,2004
Desmond Ferguson,2724,4.39,0-5,51,51,-2.279,-0.562,-1.718,-1.214,-0.149,-1.065,-0.413,-0.653,2004
Othella Harrington,970,15.55,15-20,1625,1608,-3.544,-1.812,-1.732,-3.169,-1.744,-0.375,-0.068,-0.306,2004
Milt Palacio,1960,20.46,20-25,2154,2152,-3.292,-1.556,-1.735,-2.192,-1.441,-1.099,-0.115,-0.984,2004
Chris Kaman,2549,22.56,20-25,3471,3460,-1.212,0.534,-1.746,-2.192,-1.441,0.98,1.975,-0.995,2004
Malik Allen,2124,13.68,10-15,1368,1361,-2.059,-0.312,-1.747,-2.651,-1.089,0.592,0.777,-0.185,2004
Steven Smith,120,12.99,10-15,1815,1796,-0.717,1.032,-1.749,-2.651,-1.089,1.933,2.12,-0.187,2004
Francisco Elson,1922,14.13,10-15,1771,1792,-3.848,-2.095,-1.753,-2.651,-1.089,-1.197,-1.006,-0.191,2004
Derrick Dial,1760,9.19,5-10,152,155,-3.522,-1.756,-1.766,-2.495,-0.733,-1.027,-1.023,-0.004,2004
Rod Strickland,393,19.7,15-20,2232,2231,-1.651,0.116,-1.767,-3.169,-1.744,1.518,1.86,-0.341,2004
Chris Jefferies,2423,9.41,5-10,394,389,-2.521,-0.726,-1.795,-2.495,-0.733,-0.026,0.007,-0.034,2004
Marcus Fizer,2033,16.12,15-20,1480,1484,-2.534,-0.705,-1.829,-3.169,-1.744,0.635,1.039,-0.403,2004
Michael Doleac,1720,14.23,10-15,2036,2040,-3.042,-1.209,-1.833,-2.651,-1.089,-0.391,-0.12,-0.27,2004
Nazr Mohammed,1737,20.13,20-25,3237,3253,-2.307,-0.443,-1.863,-2.192,-1.441,-0.115,0.998,-1.112,2004
Dajuan Wagner,2402,16.13,15-20,1331,1325,-2.65,-0.757,-1.892,-3.169,-1.744,0.52,0.987,-0.467,2004
Brian Scalabrine,2243,13.29,10-15,1811,1806,-2.821,-0.906,-1.915,-2.651,-1.089,-0.17,0.183,-0.353,2004
Jamison Brewer,2249,12.48,10-15,299,298,-4.724,-2.771,-1.952,-2.651,-1.089,-2.073,-1.683,-0.39,2004
Juan Dixon,2413,20.77,20-25,2847,2865,-0.514,1.451,-1.964,-2.192,-1.441,1.679,2.892,-1.213,2004
Aaron Williams,1425,18.55,15-20,2802,2801,-3.439,-1.466,-1.973,-3.169,-1.744,-0.269,0.278,-0.547,2004
Sean Lampley,2253,6.12,5-10,118,118,-3.144,-1.17,-1.974,-2.495,-0.733,-0.649,-0.437,-0.212,2004
Kaniel Dickens,2079,4.38,0-5,24,25,-2.191,-0.182,-2.01,-1.214,-0.149,-0.978,-0.033,-0.945,2004
Jerome Beasley,2602,2.56,0-5,11,11,-2.383,-0.364,-2.019,-1.214,-0.149,-1.169,-0.215,-0.955,2004
Ben Handlogten,1052,10.09,10-15,310,315,-2.92,-0.891,-2.029,-2.651,-1.089,-0.27,0.197,-0.467,2004
Zaza Pachulia,2585,11.17,10-15,1240,1242,-3.343,-1.303,-2.04,-2.651,-1.089,-0.693,-0.214,-0.478,2004
Curtis Borchardt,2414,16.09,15-20,481,482,-4.378,-2.322,-2.056,-3.169,-1.744,-1.208,-0.578,-0.631,2004
Slavko Vranes,2582,2.75,0-5,3,4,-2.344,-0.271,-2.073,-1.214,-0.149,-1.13,-0.122,-1.008,2004
Leon Smith,1910,3.55,0-5,6,5,-2.404,-0.27,-2.134,-1.214,-0.149,-1.19,-0.121,-1.069,2004
Ervin Johnson,911,14.69,10-15,2456,2449,-4.419,-2.283,-2.136,-2.651,-1.089,-1.768,-1.194,-0.574,2004
Dale Davis,905,22.16,20-25,3015,3013,-1.558,0.61,-2.168,-2.192,-1.441,0.634,2.051,-1.417,2004
Ndudi Ebi,2569,1.85,0-5,60,56,-2.123,0.067,-2.189,-1.214,-0.149,-0.909,0.216,-1.125,2004
James Jones,2592,4.34,0-5,52,48,-2.526,-0.325,-2.201,-1.214,-0.149,-1.312,-0.176,-1.137,2004
DerMarr Johnson,2035,13.49,10-15,554,560,-2.685,-0.442,-2.242,-2.651,-1.089,-0.034,0.646,-0.68,2004
Willie Green,2584,14.48,10-15,1425,1428,-2.147,0.105,-2.252,-2.651,-1.089,0.504,1.193,-0.69,2004
Tyson Chandler,2199,22.48,20-25,1521,1527,-4.749,-2.485,-2.264,-2.192,-1.441,-2.557,-1.044,-1.513,2004
Alton Ford,2228,4.49,0-5,71,69,-2.478,-0.163,-2.315,-1.214,-0.149,-1.264,-0.014,-1.25,2004
Dan Dickau,2424,6.77,5-10,553,553,-2.83,-0.462,-2.368,-2.495,-0.733,-0.335,0.271,-0.606,2004
Kendall Gill,383,25.16,25-30,2694,2690,-4.604,-2.235,-2.369,-2.278,-2.01,-2.326,-0.226,-2.1,2004
Loren Woods,2254,13.21,10-15,878,870,-3.869,-1.49,-2.38,-2.651,-1.089,-1.219,-0.401,-0.818,2004
Jannero Pargo,2457,15.39,15-20,939,938,-2.965,-0.576,-2.389,-3.169,-1.744,0.204,1.168,-0.964,2004
Ira Newble,1956,19.46,15-20,2320,2329,-2.606,-0.216,-2.389,-3.169,-1.744,0.564,1.528,-0.964,2004
Desmond Penigar,2667,8.64,5-10,151,147,-3.959,-1.551,-2.408,-2.495,-0.733,-1.464,-0.818,-0.646,2004
Amal McCaskill,1043,10.75,10-15,1159,1163,-2.9,-0.485,-2.415,-2.651,-1.089,-0.249,0.603,-0.852,2004
Marcus Banks,2556,17.01,15-20,2801,2800,-3.02,-0.586,-2.434,-3.169,-1.744,0.149,1.157,-1.008,2004
Jerome Moiso,2040,11.86,10-15,735,741,-4.664,-2.21,-2.454,-2.651,-1.089,-2.014,-1.122,-0.892,2004
Darrick Martin,239,10.86,10-15,659,650,-5.008,-2.553,-2.455,-2.651,-1.089,-2.358,-1.465,-0.893,2004
Popeye Jones,461,2.0,0-5,21,21,-2.487,-0.012,-2.476,-1.214,-0.149,-1.273,0.137,-1.411,2004
Kevin Willis,788,7.72,5-10,764,779,-2.345,0.142,-2.487,-2.495,-0.733,0.15,0.875,-0.725,2004
David West,2561,13.09,10-15,1943,1949,-3.372,-0.88,-2.492,-2.651,-1.089,-0.721,0.209,-0.93,2004
Ronald Dupree,2648,19.19,15-20,1781,1779,-2.94,-0.422,-2.518,-3.169,-1.744,0.229,1.321,-1.092,2004
Shane Heal,1049,11.48,10-15,131,130,-4.905,-2.374,-2.531,-2.651,-1.089,-2.254,-1.285,-0.969,2004
Anthony Goldwire,924,7.59,5-10,153,155,-3.909,-1.358,-2.552,-2.495,-0.733,-1.414,-0.625,-0.79,2004
Alonzo Mourning,297,17.99,15-20,403,400,-5.342,-2.789,-2.553,-3.169,-1.744,-2.172,-1.045,-1.127,2004
Maurice Carter,2466,10.9,10-15,203,204,-4.836,-2.277,-2.559,-2.651,-1.089,-2.185,-1.188,-0.996,2004
Mikki Moore,1630,12.34,10-15,715,711,-4.952,-2.382,-2.57,-2.651,-1.089,-2.301,-1.293,-1.008,2004
Tyronn Lue,1731,30.74,30-35,4397,4397,-1.665,0.91,-2.575,-1.811,-1.775,0.145,2.684,-2.539,2004
Primoz Brezec,2056,3.88,0-5,132,135,-2.588,0.004,-2.592,-1.214,-0.149,-1.374,0.153,-1.527,2004
Etan Thomas,2041,24.05,20-25,3688,3682,-2.074,0.526,-2.6,-2.192,-1.441,0.118,1.967,-1.849,2004
Troy Hudson,1607,17.43,15-20,944,947,-3.421,-0.799,-2.622,-3.169,-1.744,-0.251,0.945,-1.197,2004
Ryan Humphrey,2415,5.84,5-10,31,32,-4.187,-1.554,-2.633,-2.495,-0.733,-1.692,-0.821,-0.871,2004
Donnell Harvey,2051,13.15,10-15,1521,1532,-3.378,-0.743,-2.635,-2.651,-1.089,-0.727,0.346,-1.073,2004
Keon Clark,1721,14.04,10-15,50,50,-5.453,-2.798,-2.655,-2.651,-1.089,-2.802,-1.709,-1.093,2004
Brandon Hunter,2599,11.24,10-15,828,814,-3.757,-1.094,-2.662,-2.651,-1.089,-1.106,-0.005,-1.1,2004
Matt Carroll,2679,4.12,0-5,134,131,-2.81,-0.098,-2.712,-1.214,-0.149,-1.596,0.051,-1.647,2004
Theron Smith,2604,8.95,5-10,344,347,-4.071,-1.314,-2.757,-2.495,-0.733,-1.576,-0.581,-0.995,2004
Mo Williams,2590,13.56,10-15,1382,1361,-3.611,-0.847,-2.764,-2.651,-1.089,-0.96,0.241,-1.202,2004
Cherokee Parks,685,4.86,0-5,114,119,-3.008,-0.239,-2.769,-1.214,-0.149,-1.794,-0.09,-1.704,2004
Wang Zhi-zhi,1917,7.14,5-10,227,222,-4.342,-1.567,-2.775,-2.495,-0.733,-1.847,-0.834,-1.013,2004
Ruben Boumtje-Boumtje,2257,2.78,0-5,46,47,-2.5,0.275,-2.776,-1.214,-0.149,-1.287,0.424,-1.711,2004
Zeljko Rebraca,1442,11.24,10-15,483,489,-3.501,-0.706,-2.795,-2.651,-1.089,-0.85,0.382,-1.233,2004
Qyntel Woods,2417,10.73,10-15,1216,1227,-3.554,-0.751,-2.803,-2.651,-1.089,-0.903,0.338,-1.241,2004
Rusty LaRue,1601,4.76,0-5,36,40,-2.797,0.025,-2.822,-1.214,-0.149,-1.583,0.174,-1.757,2004
Eddie House,2067,19.69,15-20,2224,2230,-2.184,0.664,-2.848,-3.169,-1.744,0.985,2.408,-1.422,2004
Dan Langhi,2061,5.84,5-10,68,71,-4.713,-1.855,-2.859,-2.495,-0.733,-2.218,-1.122,-1.097,2004
Troy Bell,2559,5.82,5-10,75,76,-4.593,-1.709,-2.884,-2.495,-0.733,-2.098,-0.976,-1.122,2004
Cezary Trybanski,2456,1.83,0-5,24,24,-3.098,-0.182,-2.916,-1.214,-0.149,-1.884,-0.033,-1.851,2004
Lee Nailon,1924,13.66,10-15,1480,1492,-1.819,1.167,-2.986,-2.651,-1.089,0.831,2.256,-1.424,2004
Jacque Vaughn,1521,17.82,15-20,2388,2417,-3.67,-0.681,-2.989,-3.169,-1.744,-0.5,1.063,-1.563,2004
Travis Outlaw,2566,2.34,0-5,37,37,-2.88,0.113,-2.993,-1.214,-0.149,-1.666,0.262,-1.928,2004
Mark Pope,998,4.99,0-5,34,34,-3.214,-0.192,-3.022,-1.214,-0.149,-2.0,-0.042,-1.957,2004
Shammond Williams,1742,14.35,10-15,1477,1501,-3.15,-0.117,-3.032,-2.651,-1.089,-0.499,0.971,-1.47,2004
Jason Kapono,2574,10.32,10-15,829,816,-4.33,-1.285,-3.044,-2.651,-1.089,-1.679,-0.197,-1.482,2004
Darko Milicic,2545,4.69,0-5,321,328,-2.908,0.142,-3.05,-1.214,-0.149,-1.694,0.291,-1.985,2004
J.R. Bremer,2452,12.18,10-15,819,806,-4.353,-1.283,-3.07,-2.651,-1.089,-1.702,-0.195,-1.508,2004
Gerald Wallace,2222,9.07,5-10,677,688,-4.165,-1.031,-3.133,-2.495,-0.733,-1.669,-0.298,-1.371,2004
Alex Garcia,2682,6.34,5-10,25,23,-4.87,-1.692,-3.178,-2.495,-0.733,-2.375,-0.959,-1.416,2004
Tony Delk,960,15.6,15-20,1017,1025,-4.293,-1.096,-3.196,-3.169,-1.744,-1.123,0.648,-1.771,2004
Eddie Gill,2109,6.97,5-10,268,268,-3.857,-0.629,-3.228,-2.495,-0.733,-1.362,0.104,-1.466,2004
Oliver Miller,932,10.52,10-15,1016,1027,-4.72,-1.455,-3.265,-2.651,-1.089,-2.069,-0.367,-1.703,2004
Mamadou N'diaye,2055,13.24,10-15,686,679,-3.723,-0.451,-3.271,-2.651,-1.089,-1.072,0.637,-1.709,2004
Mengke Bateer,2370,5.59,5-10,70,67,-4.409,-1.126,-3.283,-2.495,-0.733,-1.914,-0.393,-1.521,2004
Keith McLeod,2693,11.68,10-15,704,737,-4.993,-1.671,-3.322,-2.651,-1.089,-2.343,-0.583,-1.76,2004
Tamar Slay,2447,7.22,5-10,318,325,-3.327,0.033,-3.361,-2.495,-0.733,-0.832,0.766,-1.599,2004
Hiram Fuller,2673,10.63,10-15,84,83,-5.905,-2.543,-3.362,-2.651,-1.089,-3.254,-1.454,-1.8,2004
Luke Ridnour,2557,16.13,15-20,2104,2109,-3.599,-0.23,-3.369,-3.169,-1.744,-0.43,1.514,-1.944,2004
Michael Bradley,2214,6.14,5-10,179,186,-4.478,-1.082,-3.396,-2.495,-0.733,-1.983,-0.349,-1.634,2004
Kirk Penney,2632,8.56,5-10,38,38,-5.109,-1.703,-3.406,-2.495,-0.733,-2.614,-0.97,-1.644,2004
Robert Archibald,2425,7.89,5-10,472,473,-5.703,-2.279,-3.424,-2.495,-0.733,-3.208,-1.546,-1.662,2004
Jahidi White,1751,14.0,10-15,1671,1675,-4.855,-1.422,-3.432,-2.651,-1.089,-2.204,-0.334,-1.87,2004
Joel Przybilla,2038,20.31,20-25,657,658,-5.722,-2.267,-3.455,-2.192,-1.441,-3.53,-0.826,-2.704,2004
Lamond Murray,441,15.8,15-20,910,905,-6.726,-3.258,-3.469,-3.169,-1.744,-3.557,-1.514,-2.043,2004
Wesley Person,445,17.84,15-20,1936,1903,-3.072,0.399,-3.471,-3.169,-1.744,0.097,2.143,-2.046,2004
Jamal Sampson,2441,13.07,10-15,242,252,-5.755,-2.283,-3.472,-2.651,-1.089,-3.105,-1.195,-1.91,2004
Michael Curry,688,17.47,15-20,2170,2177,-7.484,-4.003,-3.481,-3.169,-1.744,-4.314,-2.259,-2.055,2004
Nikoloz Tskitishvili,2401,7.84,5-10,588,587,-3.584,-0.095,-3.489,-2.495,-0.733,-1.089,0.638,-1.727,2004
Josh Davis,2668,5.59,5-10,47,48,-5.083,-1.591,-3.492,-2.495,-0.733,-2.588,-0.858,-1.73,2004
Adonal Foyle,1502,13.06,10-15,1065,1073,-3.841,-0.293,-3.548,-2.651,-1.089,-1.19,0.796,-1.986,2004
Paul Shirley,2321,12.0,10-15,163,163,-5.298,-1.732,-3.566,-2.651,-1.089,-2.647,-0.644,-2.004,2004
Dana Barros,344,10.92,10-15,27,25,-5.253,-1.681,-3.571,-2.651,-1.089,-2.602,-0.593,-2.009,2004
Ime Udoka,2137,7.0,5-10,49,47,-5.011,-1.434,-3.577,-2.495,-0.733,-2.516,-0.701,-1.815,2004
Roger Mason Jr.,2427,12.48,10-15,595,597,-5.348,-1.737,-3.611,-2.651,-1.089,-2.697,-0.648,-2.048,2004
Bryce Drew,1724,5.07,5-10,152,158,-4.526,-0.903,-3.623,-2.495,-0.733,-2.031,-0.17,-1.861,2004
Bruno Sundov,1743,6.14,5-10,54,57,-5.292,-1.649,-3.643,-2.495,-0.733,-2.797,-0.915,-1.881,2004
Alan Henderson,673,11.35,10-15,129,128,-5.23,-1.577,-3.653,-2.651,-1.089,-2.58,-0.488,-2.091,2004
Quincy Lewis,1900,4.53,0-5,123,124,-3.497,0.169,-3.666,-1.214,-0.149,-2.283,0.318,-2.601,2004
Paul Grant,1514,9.63,5-10,163,169,-5.287,-1.62,-3.668,-2.495,-0.733,-2.792,-0.887,-1.906,2004
Avery Johnson,422,13.85,10-15,1198,1188,-3.952,-0.283,-3.669,-2.651,-1.089,-1.301,0.806,-2.107,2004
Gary Trent,718,15.03,15-20,2031,2036,-2.693,0.977,-3.67,-3.169,-1.744,0.477,2.721,-2.244,2004
Zendon Hamilton,1985,10.23,10-15,876,877,-4.125,-0.438,-3.688,-2.651,-1.089,-1.475,0.651,-2.126,2004
Anthony Carter,1853,17.44,15-20,169,168,-7.275,-3.579,-3.697,-3.169,-1.744,-4.106,-1.835,-2.271,2004
Olden Polynice,178,5.5,5-10,21,21,-5.303,-1.6,-3.703,-2.495,-0.733,-2.808,-0.867,-1.941,2004
Linton Johnson,2669,17.86,15-20,1435,1446,-6.255,-2.547,-3.708,-3.169,-1.744,-3.085,-0.803,-2.282,2004
Tracy Murray,145,5.0,5-10,62,61,-4.732,-1.02,-3.712,-2.495,-0.733,-2.237,-0.287,-1.95,2004
Maciej Lampe,2573,10.71,10-15,439,436,-4.144,-0.41,-3.734,-2.651,-1.089,-1.493,0.678,-2.172,2004
Pat Garrity,1727,10.62,10-15,38,36,-5.524,-1.785,-3.739,-2.651,-1.089,-2.873,-0.696,-2.177,2004
Omar Cook,2241,8.13,5-10,253,258,-4.614,-0.843,-3.771,-2.495,-0.733,-2.119,-0.11,-2.009,2004
Zoran Planinic,2565,9.53,5-10,890,885,-3.367,0.404,-3.771,-2.495,-0.733,-0.872,1.137,-2.009,2004
Lonny Baxter,2437,12.32,10-15,1434,1436,-3.854,-0.071,-3.783,-2.651,-1.089,-1.203,1.018,-2.221,2004
Randy Livingston,988,12.06,10-15,91,92,-5.605,-1.816,-3.789,-2.651,-1.089,-2.954,-0.727,-2.227,2004
Darvin Ham,1032,8.72,5-10,1017,1088,-6.33,-2.536,-3.794,-2.495,-0.733,-3.835,-1.803,-2.032,2004
Jabari Smith,2074,5.49,5-10,354,353,-4.785,-0.879,-3.907,-2.495,-0.733,-2.29,-0.145,-2.145,2004
John Wallace,961,9.86,5-10,653,664,-4.432,-0.51,-3.922,-2.495,-0.733,-1.937,0.223,-2.16,2004
Matt Barnes,2440,18.96,15-20,1378,1398,-4.42,-0.49,-3.931,-3.169,-1.744,-1.251,1.254,-2.505,2004
Brandon Armstrong,2220,7.62,5-10,835,844,-2.61,1.353,-3.963,-2.495,-0.733,-0.115,2.086,-2.201,2004
Steven Hunter,2212,13.39,10-15,1489,1490,-3.751,0.247,-3.998,-2.651,-1.089,-1.1,1.335,-2.435,2004
Jelani McCoy,1741,6.62,5-10,29,29,-5.55,-1.511,-4.038,-2.495,-0.733,-3.055,-0.778,-2.276,2004
Chris Whitney,43,11.47,10-15,352,353,-5.547,-1.498,-4.049,-2.651,-1.089,-2.896,-0.409,-2.487,2004
Jeff Trepagnier,2244,8.79,5-10,193,189,-5.211,-1.089,-4.122,-2.495,-0.733,-2.716,-0.356,-2.36,2004
Ron Mercer,1500,13.3,10-15,989,991,-6.354,-2.176,-4.178,-2.651,-1.089,-3.703,-1.087,-2.616,2004
Dahntay Jones,2563,7.72,5-10,289,298,-4.829,-0.582,-4.247,-2.495,-0.733,-2.334,0.151,-2.485,2004
Tom Gugliotta,339,14.88,10-15,1501,1497,-5.488,-1.23,-4.258,-2.651,-1.089,-2.837,-0.141,-2.696,2004
Samaki Walker,955,12.61,10-15,785,792,-5.12,-0.852,-4.268,-2.651,-1.089,-2.469,0.237,-2.706,2004
Britton Johnsen,2639,14.59,10-15,533,541,-5.583,-1.305,-4.278,-2.651,-1.089,-2.932,-0.216,-2.716,2004
Adrian Griffin,1559,6.43,5-10,227,235,-4.889,-0.599,-4.29,-2.495,-0.733,-2.394,0.134,-2.528,2004
Tremaine Fowlkes,1762,6.98,5-10,457,473,-5.838,-1.48,-4.358,-2.495,-0.733,-3.343,-0.746,-2.596,2004
Bimbo Coles,902,7.64,5-10,280,280,-5.17,-0.796,-4.373,-2.495,-0.733,-2.675,-0.063,-2.611,2004
Tyrone Hill,238,7.46,5-10,74,71,-5.514,-1.092,-4.423,-2.495,-0.733,-3.019,-0.358,-2.661,2004
Scot Pollard,1513,11.13,10-15,1266,1287,-5.373,-0.95,-4.423,-2.651,-1.089,-2.722,0.138,-2.861,2004
Tierre Brown,2357,6.09,5-10,31,30,-5.787,-1.266,-4.522,-2.495,-0.733,-3.292,-0.532,-2.76,2004
Jumaine Jones,1908,8.84,5-10,774,791,-4.678,-0.07,-4.608,-2.495,-0.733,-2.183,0.663,-2.846,2004
Michael Stewart,1565,5.91,5-10,303,306,-5.337,-0.661,-4.676,-2.495,-0.733,-2.842,0.072,-2.915,2004
Damone Brown,2245,5.39,5-10,30,34,-5.711,-0.941,-4.77,-2.495,-0.733,-3.216,-0.208,-3.008,2004
Drew Gooden,2400,27.06,25-30,4010,4002,-2.266,2.673,-4.939,-2.278,-2.01,0.012,4.683,-4.67,2004
Predrag Drobnjak,1542,15.61,15-20,1827,1822,-4.218,0.8,-5.018,-3.169,-1.744,-1.048,2.544,-3.593,2004
Zarko Cabarkapa,2560,11.73,10-15,1117,1119,-4.875,0.503,-5.378,-2.651,-1.089,-2.224,1.592,-3.816,2004
Scottie Pippen,937,17.87,15-20,791,796,-7.024,-1.63,-5.393,-3.169,-1.744,-3.854,0.114,-3.968,2004
Tony Massenburg,763,13.27,10-15,1468,1478,-4.917,0.7,-5.617,-2.651,-1.089,-2.266,1.789,-4.055,2004
Rodney Buford,1934,6.28,5-10,323,333,-6.333,-0.631,-5.702,-2.495,-0.733,-3.838,0.102,-3.94,2004
Robert Pack,123,8.26,5-10,397,398,-7.037,-1.015,-6.022,-2.495,-0.733,-4.542,-0.282,-4.26,2004
