Name,PLAYER_ID,MPG,Tier,Poss_Off,Poss_Def,Off,Def,RAPM,Replace_Off,Replace_Def,VORP_Off,VORP_Def,VORP,Off_SE,Def_SE,RAPM_SE,Off_CI_lo,Off_CI_hi,Def_CI_lo,Def_CI_hi,RAPM_CI_lo,RAPM_CI_hi,Season
Jaime Jaquez Jr.,1631170,24.69,20-25,311,312,1.424,-6.09,7.515,-2.154,-2.476,3.578,-3.614,7.193,4.829,4.828,6.817,-8.041,10.889,-15.554,3.373,-5.846,20.875,2024-25
Gabe Vincent,1629216,21.02,20-25,122,129,-0.307,-7.787,7.481,-2.154,-2.476,1.847,-5.311,7.159,5.107,5.09,7.212,-10.316,9.703,-17.764,2.189,-6.655,21.616,2024-25
D'Angelo Russell,1626156,29.59,25-30,304,302,0.666,-6.8,7.467,-1.9,-1.756,2.566,-5.044,7.61,4.899,4.893,6.944,-8.936,10.268,-16.391,2.79,-6.143,21.076,2024-25
Aaron Gordon,203932,30.19,30-35,175,172,-0.048,-7.018,6.97,-1.731,-2.124,1.683,-4.894,6.578,5.152,5.156,7.296,-10.145,10.049,-17.124,3.088,-7.33,21.269,2024-25
Sam Hauser,1630573,21.88,20-25,164,161,0.815,-5.944,6.759,-2.154,-2.476,2.969,-3.468,6.437,5.069,5.072,7.173,-9.12,10.75,-15.885,3.996,-7.301,20.819,2024-25
Jose Alvarado,1630631,21.38,20-25,213,215,-1.292,-8.021,6.729,-2.154,-2.476,0.862,-5.545,6.407,4.91,4.911,6.942,-10.916,8.332,-17.646,1.603,-6.877,20.335,2024-25
LeBron James,2544,35.09,35-40,332,330,0.953,-5.177,6.131,-1.326,-1.425,2.28,-3.753,6.032,4.944,4.938,7.013,-8.737,10.644,-14.856,4.501,-7.615,19.877,2024-25
Taurean Prince,1627752,27.05,25-30,179,185,-1.832,-7.675,5.843,-1.9,-1.756,0.068,-5.919,5.987,4.996,4.984,7.065,-11.624,7.961,-17.443,2.093,-8.004,19.691,2024-25
Jusuf Nurkic,203994,24.73,20-25,148,152,-1.06,-6.731,5.671,-2.154,-2.476,1.094,-4.255,5.349,5.116,5.113,7.233,-11.087,8.967,-16.753,3.29,-8.506,19.848,2024-25
Tyler Herro,1629639,34.72,30-35,330,330,-2.871,-8.497,5.626,-1.731,-2.124,-1.14,-6.373,5.233,4.88,4.879,6.889,-12.435,6.693,-18.059,1.066,-7.877,19.128,2024-25
Miles McBride,1630540,22.13,20-25,82,81,-2.446,-7.714,5.268,-2.154,-2.476,-0.293,-5.238,4.946,5.224,5.226,7.39,-12.685,7.792,-17.958,2.529,-9.217,19.753,2024-25
Davion Mitchell,1630558,21.43,20-25,162,162,-3.259,-8.299,5.04,-2.154,-2.476,-1.105,-5.823,4.718,5.002,4.998,7.069,-13.062,6.545,-18.096,1.497,-8.815,18.896,2024-25
Bradley Beal,203078,32.73,30-35,214,217,-1.522,-6.355,4.833,-1.731,-2.124,0.209,-4.231,4.441,5.055,5.06,7.152,-11.429,8.385,-16.272,3.563,-9.185,18.851,2024-25
Derrick White,1628401,33.25,30-35,64,62,-1.963,-6.795,4.832,-1.731,-2.124,-0.232,-4.671,4.439,5.308,5.311,7.514,-12.368,8.441,-17.205,3.615,-9.896,19.559,2024-25
Tre Jones,1630200,24.74,20-25,135,134,-1.795,-6.411,4.616,-2.154,-2.476,0.359,-3.935,4.294,5.136,5.134,7.263,-11.862,8.272,-16.474,3.652,-9.619,18.851,2024-25
Moses Moody,1630541,20.04,20-25,98,101,-2.36,-6.763,4.403,-2.154,-2.476,-0.206,-4.287,4.081,5.161,5.156,7.295,-12.476,7.756,-16.868,3.342,-9.894,18.7,2024-25
Cason Wallace,1641717,23.79,20-25,73,74,-2.102,-6.463,4.362,-2.154,-2.476,0.052,-3.987,4.04,5.243,5.24,7.413,-12.377,8.174,-16.734,3.808,-10.167,18.89,2024-25
Cam Whitmore,1641715,17.42,15-20,135,135,-2.539,-6.854,4.315,-2.43,-2.099,-0.109,-4.755,4.645,5.122,5.122,7.245,-12.579,7.501,-16.894,3.185,-9.885,18.515,2024-25
Jamal Murray,1627750,33.97,30-35,185,184,0.147,-4.108,4.255,-1.731,-2.124,1.878,-1.985,3.863,5.107,5.112,7.232,-9.863,10.157,-14.129,5.912,-9.918,18.429,2024-25
Amen Thompson,1641708,27.59,25-30,156,157,-0.014,-4.13,4.116,-1.9,-1.756,1.886,-2.374,4.259,5.108,5.106,7.224,-10.025,9.998,-14.137,5.878,-10.044,18.275,2024-25
Franz Wagner,1630532,33.04,30-35,218,218,-1.615,-5.702,4.086,-1.731,-2.124,0.116,-3.578,3.694,5.038,5.036,7.116,-11.489,8.259,-15.572,4.169,-9.861,18.034,2024-25
Aaron Wiggins,1630598,19.3,15-20,90,91,-4.263,-8.235,3.972,-2.43,-2.099,-1.833,-6.135,4.303,5.187,5.185,7.34,-14.429,5.904,-18.398,1.928,-10.413,18.358,2024-25
Joel Embiid,203954,32.48,30-35,212,214,0.443,-3.467,3.91,-1.731,-2.124,2.174,-1.343,3.518,5.017,5.016,7.087,-9.391,10.277,-13.299,6.365,-9.981,17.801,2024-25
Torrey Craig,1628470,17.25,15-20,136,143,-2.149,-6.06,3.91,-2.43,-2.099,0.28,-3.96,4.241,5.074,5.06,7.167,-12.094,7.796,-15.977,3.858,-10.136,17.957,2024-25
Nickeil Alexander-Walker,1629638,24.35,20-25,143,143,-3.999,-7.863,3.864,-2.154,-2.476,-1.845,-5.387,3.542,5.076,5.078,7.178,-13.947,5.95,-17.816,2.09,-10.203,17.932,2024-25
Luke Kornet,1628436,17.24,15-20,108,107,-1.356,-5.208,3.852,-2.43,-2.099,1.073,-3.109,4.182,5.199,5.202,7.355,-11.546,8.833,-15.404,4.987,-10.564,18.267,2024-25
Michael Porter Jr.,1629008,32.64,30-35,185,182,-0.827,-4.635,3.807,-1.731,-2.124,0.904,-2.511,3.415,5.124,5.128,7.255,-10.87,9.216,-14.686,5.417,-10.412,18.027,2024-25
Shai Gilgeous-Alexander,1628983,34.11,30-35,92,93,-0.571,-4.321,3.75,-1.731,-2.124,1.16,-2.197,3.357,5.207,5.205,7.362,-10.778,9.635,-14.524,5.882,-10.679,18.179,2024-25
Jaylen Brown,1627759,33.84,30-35,65,65,-2.451,-6.128,3.677,-1.731,-2.124,-0.72,-4.004,3.285,5.32,5.319,7.528,-12.879,7.976,-16.553,4.297,-11.078,18.432,2024-25
Julian Champagnie,1630577,21.79,20-25,134,132,-1.967,-5.614,3.647,-2.154,-2.476,0.187,-3.138,3.325,5.139,5.142,7.27,-12.04,8.106,-15.692,4.464,-10.602,17.897,2024-25
Naji Marshall,1630230,23.53,20-25,49,51,-4.202,-7.831,3.628,-2.154,-2.476,-2.048,-5.355,3.306,5.329,5.323,7.535,-14.647,6.243,-18.264,2.602,-11.141,18.398,2024-25
Trey Murphy III,1630530,32.22,30-35,304,301,-1.946,-5.568,3.622,-1.731,-2.124,-0.215,-3.444,3.23,4.86,4.86,6.879,-11.471,7.579,-15.094,3.958,-9.862,17.106,2024-25
Isaiah Joe,1630198,20.06,20-25,51,54,-2.807,-6.32,3.512,-2.154,-2.476,-0.653,-3.844,3.19,5.322,5.313,7.52,-13.238,7.624,-16.733,4.093,-11.226,18.251,2024-25
Gordon Hayward,202330,24.42,20-25,105,101,-3.273,-6.718,3.445,-2.154,-2.476,-1.119,-4.242,3.123,5.171,5.179,7.322,-13.408,6.862,-16.868,3.432,-10.907,17.796,2024-25
Johnny Juzang,1630548,19.54,15-20,84,84,-0.724,-4.097,3.373,-2.43,-2.099,1.705,-1.998,3.703,5.246,5.249,7.421,-11.005,9.557,-14.386,6.191,-11.171,17.918,2024-25
Obi Toppin,1630167,20.34,20-25,63,64,-1.821,-5.184,3.364,-2.154,-2.476,0.333,-2.708,3.041,5.312,5.307,7.507,-12.232,8.591,-15.586,5.217,-11.35,18.077,2024-25
Sidy Cissoko,1631321,7.51,5-10,96,98,-0.234,-3.575,3.342,-2.148,-1.409,1.914,-2.167,4.08,5.179,5.175,7.322,-10.385,9.918,-13.719,6.568,-11.009,17.692,2024-25
Kentavious Caldwell-Pope,203484,30.59,30-35,186,182,-1.349,-4.576,3.226,-1.731,-2.124,0.382,-2.452,2.834,5.126,5.135,7.263,-11.397,8.698,-14.64,5.489,-11.009,17.462,2024-25
Harrison Barnes,203084,28.12,25-30,289,287,-1.738,-4.96,3.222,-1.9,-1.756,0.161,-3.204,3.365,4.983,4.984,7.045,-11.505,8.029,-14.729,4.808,-10.586,17.03,2024-25
Anthony Davis,203076,34.69,30-35,327,329,-0.796,-3.986,3.189,-1.731,-2.124,0.935,-1.862,2.797,4.96,4.959,7.034,-10.517,8.924,-13.705,5.734,-10.598,16.977,2024-25
Grayson Allen,1628960,29.19,25-30,186,188,-1.192,-4.342,3.15,-1.9,-1.756,0.707,-2.586,3.293,5.08,5.082,7.188,-11.149,8.764,-14.304,5.619,-10.939,17.238,2024-25
Kelly Oubre Jr.,1626162,32.29,30-35,254,259,-1.805,-4.92,3.115,-1.731,-2.124,-0.074,-2.797,2.723,4.963,4.959,7.018,-11.532,7.922,-14.64,4.799,-10.641,16.871,2024-25
Delon Wright,1626153,15.82,15-20,232,232,-1.473,-4.587,3.114,-2.43,-2.099,0.957,-2.488,3.444,4.926,4.927,6.962,-11.128,8.183,-14.245,5.071,-10.531,16.759,2024-25
Kyle Lowry,200768,24.73,20-25,231,238,-3.017,-6.058,3.041,-2.154,-2.476,-0.863,-3.583,2.719,4.977,4.971,7.036,-12.772,6.738,-15.802,3.685,-10.75,16.832,2024-25
Wendell Carter Jr.,1628976,25.73,25-30,67,67,-3.229,-6.253,3.024,-1.9,-1.756,-1.33,-4.497,3.167,5.253,5.252,7.427,-13.525,7.066,-16.547,4.041,-11.533,17.581,2024-25
Nikola Jokic,203999,35.62,35-40,222,217,-0.676,-3.526,2.851,-1.326,-1.425,0.65,-2.102,2.752,5.072,5.075,7.183,-10.616,9.265,-13.474,6.421,-11.228,16.929,2024-25
Domantas Sabonis,1627734,35.24,35-40,297,293,-0.926,-3.751,2.825,-1.326,-1.425,0.4,-2.326,2.726,5.004,5.003,7.074,-10.734,8.882,-13.558,6.055,-11.041,16.691,2024-25
Kevin Love,201567,15.07,15-20,131,128,-2.973,-5.704,2.731,-2.43,-2.099,-0.543,-3.604,3.061,5.089,5.101,7.203,-12.947,7.001,-15.701,4.293,-11.386,16.848,2024-25
Tobias Harris,202699,32.68,30-35,266,267,-3.858,-6.508,2.65,-1.731,-2.124,-2.126,-4.384,2.258,4.891,4.889,6.919,-13.444,5.729,-16.09,3.075,-10.912,16.212,2024-25
Kristaps Porzingis,204001,29.29,25-30,63,63,-2.717,-5.325,2.608,-1.9,-1.756,-0.818,-3.569,2.751,5.325,5.324,7.535,-13.154,7.72,-15.76,5.11,-12.16,17.376,2024-25
Ivica Zubac,1627826,29.86,25-30,83,83,-1.828,-4.347,2.519,-1.9,-1.756,0.072,-2.591,2.662,5.261,5.262,7.441,-12.139,8.483,-14.66,5.967,-12.065,17.102,2024-25
Payton Pritchard,1630202,25.29,25-30,201,201,-0.67,-3.167,2.497,-1.9,-1.756,1.23,-1.411,2.64,5.02,5.019,7.108,-10.509,9.169,-13.003,6.669,-11.434,16.428,2024-25
Tyrese Haliburton,1630169,32.91,30-35,133,132,-0.629,-3.11,2.48,-1.731,-2.124,1.102,-0.986,2.088,5.196,5.195,7.343,-10.813,9.554,-13.293,7.073,-11.913,16.873,2024-25
Darius Garland,1629636,31.83,30-35,124,125,-3.938,-6.342,2.404,-1.731,-2.124,-2.207,-4.219,2.012,5.127,5.124,7.25,-13.986,6.11,-16.386,3.701,-11.806,16.615,2024-25
RJ Barrett,1629628,31.96,30-35,68,69,-1.609,-3.983,2.374,-1.731,-2.124,0.122,-1.859,1.981,5.273,5.271,7.457,-11.944,8.726,-14.314,6.349,-12.243,16.99,2024-25
Devin Booker,1626164,36.65,35-40,223,225,-1.345,-3.704,2.359,-1.326,-1.425,-0.019,-2.279,2.26,5.076,5.075,7.178,-11.294,8.603,-13.651,6.243,-11.71,16.427,2024-25
James Harden,201935,34.83,30-35,93,94,-1.316,-3.647,2.331,-1.731,-2.124,0.415,-1.524,1.939,5.242,5.241,7.413,-11.591,8.959,-13.92,6.625,-12.199,16.861,2024-25
Paul George,202331,33.35,30-35,87,86,-1.499,-3.804,2.304,-1.731,-2.124,0.232,-1.68,1.912,5.261,5.261,7.44,-11.811,8.812,-14.114,6.507,-12.278,16.887,2024-25
Clint Capela,203991,23.9,20-25,130,129,-3.088,-5.387,2.298,-2.154,-2.476,-0.934,-2.911,1.976,5.179,5.18,7.327,-13.238,7.062,-15.54,4.767,-12.062,16.659,2024-25
Scotty Pippen Jr.,1630590,22.1,20-25,120,121,-2.42,-4.717,2.297,-2.154,-2.476,-0.266,-2.241,1.975,5.145,5.144,7.278,-12.505,7.665,-14.799,5.365,-11.968,16.561,2024-25
Jrue Holiday,201950,31.75,30-35,61,60,-1.834,-4.09,2.256,-1.731,-2.124,-0.103,-1.966,1.863,5.314,5.317,7.521,-12.25,8.582,-14.511,6.332,-12.486,16.997,2024-25
Jaxson Hayes,1629637,15.63,15-20,62,62,-3.349,-5.43,2.081,-2.43,-2.099,-0.919,-3.33,2.411,5.284,5.284,7.475,-13.706,7.008,-15.786,4.927,-12.571,16.733,2024-25
DeMar DeRozan,201942,36.9,35-40,253,249,-1.987,-4.029,2.042,-1.326,-1.425,-0.661,-2.604,1.943,5.007,5.005,7.074,-11.8,7.827,-13.839,5.782,-11.823,15.907,2024-25
Jalen Wilson,1630592,22.1,20-25,123,127,-4.183,-6.19,2.007,-2.154,-2.476,-2.029,-3.714,1.684,5.16,5.154,7.294,-14.297,5.93,-16.292,3.912,-12.29,16.303,2024-25
Terance Mann,1629611,23.15,20-25,146,147,-4.481,-6.466,1.985,-2.154,-2.476,-2.327,-3.99,1.663,5.086,5.086,7.19,-14.449,5.487,-16.435,3.503,-12.108,16.078,2024-25
Jaden McDaniels,1630183,30.65,30-35,195,195,-2.993,-4.911,1.918,-1.731,-2.124,-1.262,-2.788,1.526,5.082,5.079,7.182,-12.953,6.967,-14.866,5.044,-12.157,15.994,2024-25
Donovan Mitchell,1628378,33.13,30-35,154,154,-3.139,-5.018,1.879,-1.731,-2.124,-1.407,-2.894,1.487,5.145,5.144,7.278,-13.223,6.945,-15.1,5.064,-12.385,16.143,2024-25
Tre Mann,1630544,24.19,20-25,113,111,-0.512,-2.346,1.835,-2.154,-2.476,1.642,0.13,1.513,5.143,5.147,7.274,-10.592,9.569,-12.435,7.742,-12.422,16.092,2024-25
Rudy Gobert,203497,33.66,30-35,217,214,-2.358,-4.145,1.787,-1.731,-2.124,-0.626,-2.021,1.395,5.03,5.029,7.11,-12.216,7.501,-14.002,5.712,-12.149,15.723,2024-25
Cole Anthony,1630175,20.62,20-25,80,79,-3.479,-5.25,1.772,-2.154,-2.476,-1.325,-2.774,1.45,5.227,5.229,7.391,-13.724,6.767,-15.499,4.998,-12.715,16.258,2024-25
Aaron Nesmith,1630174,26.63,25-30,117,114,-2.928,-4.698,1.77,-1.9,-1.756,-1.029,-2.942,1.913,5.194,5.2,7.347,-13.109,7.253,-14.889,5.493,-12.63,16.169,2024-25
Kevin Durant,201142,36.9,35-40,232,232,-1.091,-2.851,1.76,-1.326,-1.425,0.235,-1.426,1.661,5.083,5.084,7.189,-11.055,8.872,-12.815,7.113,-12.332,15.851,2024-25
Andrew Nembhard,1629614,26.9,25-30,125,125,-1.243,-2.952,1.709,-1.9,-1.756,0.657,-1.196,1.852,5.206,5.204,7.358,-11.447,8.962,-13.151,7.248,-12.712,16.13,2024-25
James Johnson,201949,3.99,0-5,14,14,-1.78,-3.477,1.697,-0.862,-1.075,-0.918,-2.402,1.485,5.469,5.469,7.735,-12.499,8.939,-14.196,7.241,-13.463,16.858,2024-25
Taylor Hendricks,1641707,21.65,20-25,128,128,-2.925,-4.597,1.671,-2.154,-2.476,-0.771,-2.121,1.349,5.166,5.168,7.306,-13.051,7.201,-14.726,5.533,-12.649,15.992,2024-25
Luguentz Dort,1629652,28.8,25-30,83,81,-2.127,-3.781,1.654,-1.9,-1.756,-0.228,-2.025,1.797,5.239,5.242,7.41,-12.396,8.141,-14.055,6.494,-12.87,16.178,2024-25
Javon Freeman-Liberty,1631241,18.32,15-20,100,99,-3.188,-4.812,1.624,-2.43,-2.099,-0.759,-2.712,1.954,5.19,5.193,7.344,-13.361,6.984,-14.99,5.366,-12.77,16.017,2024-25
Kendall Brown,1631112,4.17,0-5,20,21,-1.796,-3.387,1.591,-0.862,-1.075,-0.934,-2.312,1.378,5.443,5.44,7.697,-12.465,8.873,-14.048,7.275,-13.496,16.677,2024-25
Kevon Looney,1626172,15.58,15-20,61,62,-2.959,-4.537,1.578,-2.43,-2.099,-0.53,-2.438,1.908,5.275,5.274,7.459,-13.299,7.381,-14.875,5.8,-13.042,16.199,2024-25
Caleb Martin,1628997,27.29,25-30,259,258,-3.251,-4.81,1.559,-1.9,-1.756,-1.351,-3.054,1.702,4.994,4.997,7.056,-13.039,6.537,-14.603,4.984,-12.271,15.389,2024-25
Cameron Payne,1626166,15.96,15-20,78,76,-3.711,-5.251,1.54,-2.43,-2.099,-1.281,-3.152,1.87,5.244,5.252,7.422,-13.99,6.567,-15.544,5.042,-13.007,16.088,2024-25
Christian Braun,1631128,26.9,25-30,132,132,-3.249,-4.749,1.5,-1.9,-1.756,-1.349,-2.993,1.643,5.124,5.129,7.255,-13.292,6.795,-14.802,5.304,-12.72,15.72,2024-25
Kenrich Williams,1629026,15.66,15-20,72,73,-3.471,-4.966,1.494,-2.43,-2.099,-1.042,-2.866,1.825,5.258,5.254,7.444,-13.778,6.835,-15.264,5.332,-13.095,16.084,2024-25
Keyonte George,1641718,29.09,25-30,97,97,-2.921,-4.404,1.484,-1.9,-1.756,-1.021,-2.648,1.627,5.228,5.232,7.396,-13.167,7.326,-14.658,5.85,-13.012,15.979,2024-25
Haywood Highsmith,1629312,22.74,20-25,266,265,-2.751,-4.185,1.434,-2.154,-2.476,-0.597,-1.709,1.112,4.884,4.885,6.9,-12.323,6.821,-13.759,5.389,-12.091,14.958,2024-25
Adama Sanogo,1641766,6.71,5-10,77,76,-2.72,-4.131,1.411,-2.148,-1.409,-0.573,-2.723,2.15,5.277,5.278,7.466,-13.063,7.622,-14.477,6.214,-13.222,16.044,2024-25
Usman Garuba,1630586,2.96,0-5,16,15,-2.403,-3.802,1.399,-0.862,-1.075,-1.54,-2.727,1.187,5.455,5.459,7.717,-13.095,8.29,-14.502,6.898,-13.727,16.526,2024-25
Marcus Sasser,1631204,16.89,15-20,138,135,-5.519,-6.912,1.393,-2.43,-2.099,-3.09,-4.813,1.723,5.135,5.141,7.267,-15.583,4.545,-16.988,3.164,-12.85,15.636,2024-25
Jalen Slawson,1641771,3.08,0-5,8,8,-0.733,-2.119,1.386,-0.862,-1.075,0.13,-1.044,1.174,5.491,5.491,7.766,-11.495,10.03,-12.881,8.643,-13.834,16.607,2024-25
Royce O'Neale,1626220,24.62,20-25,146,143,-2.067,-3.446,1.379,-2.154,-2.476,0.087,-0.97,1.057,5.08,5.083,7.186,-12.024,7.89,-13.409,6.518,-12.706,15.463,2024-25
JT Thor,1630550,12.41,10-15,118,118,-1.017,-2.326,1.309,-2.203,-1.182,1.187,-1.144,2.33,5.162,5.161,7.297,-11.134,9.1,-12.442,7.79,-12.993,15.611,2024-25
Garrison Mathews,1629726,16.12,15-20,123,123,-3.219,-4.517,1.298,-2.43,-2.099,-0.79,-2.418,1.628,5.093,5.094,7.205,-13.201,6.763,-14.501,5.466,-12.824,15.42,2024-25
Jaylin Williams,1631119,14.49,10-15,64,62,-2.063,-3.318,1.255,-2.203,-1.182,0.14,-2.135,2.276,5.277,5.283,7.467,-12.405,8.279,-13.672,7.037,-13.38,15.889,2024-25
Georges Niang,1627777,21.92,20-25,150,153,-3.482,-4.683,1.201,-2.154,-2.476,-1.328,-2.207,0.879,5.061,5.057,7.154,-13.402,6.438,-14.594,5.228,-12.822,15.224,2024-25
Joe Ingles,204060,14.75,10-15,86,86,-1.879,-3.076,1.198,-2.203,-1.182,0.325,-1.894,2.219,5.215,5.213,7.371,-12.1,8.343,-13.294,7.141,-13.249,15.645,2024-25
Pascal Siakam,1627783,32.95,30-35,126,122,-1.194,-2.371,1.177,-1.731,-2.124,0.537,-0.247,0.784,5.216,5.22,7.376,-11.418,9.029,-12.602,7.86,-13.28,15.633,2024-25
Jalen Smith,1630188,16.07,15-20,85,85,-2.056,-3.205,1.149,-2.43,-2.099,0.373,-1.106,1.479,5.255,5.255,7.429,-12.356,8.243,-13.504,7.094,-13.412,15.709,2024-25
Isaac Okoro,1630171,23.71,20-25,149,154,-4.096,-5.232,1.136,-2.154,-2.476,-1.942,-2.756,0.814,5.057,5.051,7.147,-14.009,5.816,-15.132,4.668,-12.873,15.145,2024-25
Dalen Terry,1631207,12.64,10-15,164,166,-3.296,-4.423,1.127,-2.203,-1.182,-1.093,-3.24,2.148,4.978,4.974,7.034,-13.052,6.46,-14.172,5.327,-12.66,14.913,2024-25
Jerome Robinson,1629010,3.67,0-5,12,11,-2.297,-3.378,1.081,-0.862,-1.075,-1.435,-2.304,0.869,5.474,5.478,7.744,-13.026,8.432,-14.116,7.359,-14.098,16.26,2024-25
Javonte Green,1629750,19.33,15-20,202,198,-1.36,-2.436,1.077,-2.43,-2.099,1.07,-0.337,1.407,4.917,4.923,6.954,-10.998,8.278,-12.086,7.213,-12.553,14.707,2024-25
Larry Nance Jr.,1626204,19.76,15-20,159,161,-4.161,-5.149,0.988,-2.43,-2.099,-1.732,-3.05,1.318,5.048,5.047,7.148,-14.055,5.732,-15.041,4.743,-13.022,14.998,2024-25
Malik Beasley,1627736,28.7,25-30,101,100,-2.388,-3.374,0.986,-1.9,-1.756,-0.488,-1.617,1.129,5.2,5.203,7.355,-12.579,7.804,-13.572,6.825,-13.431,15.403,2024-25
Jarrett Allen,1628386,29.8,25-30,199,199,-2.424,-3.358,0.934,-1.9,-1.756,-0.525,-1.602,1.077,5.068,5.069,7.169,-12.358,7.51,-13.293,6.577,-13.118,14.986,2024-25
Jimmy Butler,202710,32.94,30-35,185,183,-3.111,-4.026,0.916,-1.731,-2.124,-1.379,-1.903,0.523,4.987,4.991,7.052,-12.886,6.664,-13.809,5.757,-12.907,14.738,2024-25
Jalen Green,1630224,32.31,30-35,119,118,-4.225,-5.138,0.913,-1.731,-2.124,-2.493,-3.014,0.521,5.188,5.19,7.34,-14.393,5.944,-15.31,5.034,-13.473,15.299,2024-25
Myles Turner,1626167,28.52,25-30,110,108,-1.863,-2.772,0.909,-1.9,-1.756,0.036,-1.016,1.052,5.248,5.252,7.422,-12.15,8.423,-13.066,7.522,-13.639,15.456,2024-25
Luka Doncic,1629029,36.6,35-40,81,82,-2.843,-3.748,0.904,-1.326,-1.425,-1.517,-2.323,0.806,5.291,5.29,7.483,-13.214,7.528,-14.117,6.621,-13.763,15.572,2024-25
Andrew Funk,1641847,2.68,0-5,15,15,-1.296,-2.196,0.901,-0.862,-1.075,-0.433,-1.121,0.688,5.457,5.457,7.718,-11.992,9.4,-12.893,8.5,-14.226,16.027,2024-25
Evan Mobley,1630596,30.57,30-35,186,188,-4.429,-5.325,0.896,-1.731,-2.124,-2.698,-3.202,0.504,5.012,5.01,7.087,-14.252,5.394,-15.145,4.494,-12.994,14.787,2024-25
Austin Reaves,1630559,33.41,30-35,257,260,-2.234,-3.076,0.842,-1.731,-2.124,-0.502,-0.952,0.45,5.01,5.004,7.094,-12.053,7.585,-12.884,6.732,-13.063,14.747,2024-25
Damian Lillard,203081,35.66,35-40,61,59,-2.582,-3.405,0.824,-1.326,-1.425,-1.256,-1.981,0.725,5.311,5.316,7.518,-12.992,7.828,-13.825,7.014,-13.911,15.558,2024-25
Keon Ellis,1631165,21.36,20-25,246,248,-5.413,-6.23,0.817,-2.154,-2.476,-3.259,-3.754,0.495,4.974,4.97,7.033,-15.162,4.336,-15.972,3.512,-12.968,14.603,2024-25
Leaky Black,1641778,10.93,10-15,96,95,-3.38,-4.188,0.808,-2.203,-1.182,-1.177,-3.006,1.829,5.213,5.213,7.371,-13.597,6.837,-14.407,6.03,-13.64,15.256,2024-25
Nate Williams,1631466,6.57,5-10,51,51,-3.682,-4.481,0.799,-2.148,-1.409,-1.534,-3.072,1.537,5.339,5.339,7.551,-14.147,6.783,-14.945,5.984,-14.001,15.598,2024-25
Aaron Holiday,1628988,14.73,10-15,90,89,-2.296,-3.031,0.735,-2.203,-1.182,-0.093,-1.849,1.756,5.197,5.198,7.351,-12.482,7.89,-13.218,7.156,-13.674,15.144,2024-25
Jordan Walsh,1641775,7.98,5-10,79,77,-4.796,-5.521,0.725,-2.148,-1.409,-2.648,-4.112,1.464,5.232,5.238,7.403,-15.051,5.459,-15.787,4.744,-13.786,15.236,2024-25
JD Davison,1631120,5.5,5-10,61,61,-4.454,-5.179,0.725,-2.148,-1.409,-2.306,-3.77,1.464,5.293,5.293,7.486,-14.828,5.92,-15.553,5.195,-13.947,15.397,2024-25
Jules Bernard,1631262,7.86,5-10,53,53,-3.144,-3.859,0.714,-2.148,-1.409,-0.997,-2.45,1.453,5.324,5.325,7.53,-13.579,7.29,-14.295,6.578,-14.045,15.474,2024-25
Nate Hinton,1630207,4.97,0-5,31,34,-1.381,-2.074,0.693,-0.862,-1.075,-0.519,-0.999,0.48,5.392,5.382,7.618,-11.949,9.188,-12.622,8.475,-14.239,15.625,2024-25
Thanasis Antetokounmpo,203648,4.57,0-5,29,29,-1.331,-2.016,0.685,-0.862,-1.075,-0.469,-0.941,0.473,5.41,5.41,7.652,-11.935,9.272,-12.621,8.588,-14.313,15.683,2024-25
Chimezie Metu,1629002,16.84,15-20,144,142,-5.118,-5.779,0.661,-2.43,-2.099,-2.689,-3.68,0.991,5.14,5.144,7.273,-15.192,4.956,-15.862,4.303,-13.594,14.916,2024-25
Chris Livingston,1641753,4.67,0-5,30,29,-1.886,-2.545,0.659,-0.862,-1.075,-1.024,-1.47,0.447,5.401,5.404,7.64,-12.472,8.699,-13.138,8.047,-14.316,15.634,2024-25
Jermaine Samuels Jr.,1631257,4.3,0-5,11,13,-1.104,-1.756,0.652,-0.862,-1.075,-0.242,-0.681,0.44,5.476,5.467,7.738,-11.836,9.629,-12.472,8.959,-14.514,15.818,2024-25
Kelly Olynyk,203482,21.72,20-25,98,97,-4.219,-4.869,0.649,-2.154,-2.476,-2.065,-2.393,0.327,5.255,5.257,7.435,-14.519,6.08,-15.172,5.435,-13.924,15.223,2024-25
Bobby Portis,1626171,24.82,20-25,106,108,-3.923,-4.57,0.648,-2.154,-2.476,-1.769,-2.094,0.326,5.184,5.181,7.331,-14.084,6.238,-14.726,5.585,-13.721,15.017,2024-25
Neemias Queta,1629674,13.29,10-15,82,81,-3.007,-3.65,0.643,-2.203,-1.182,-0.803,-2.467,1.664,5.226,5.228,7.393,-13.249,7.235,-13.897,6.598,-13.848,15.134,2024-25
Gui Santos,1630611,12.07,10-15,51,51,-2.986,-3.613,0.627,-2.203,-1.182,-0.783,-2.431,1.648,5.34,5.34,7.551,-13.453,7.48,-14.08,6.853,-14.173,15.427,2024-25
Dillon Brooks,1628415,31.39,30-35,62,61,-2.88,-3.506,0.626,-1.731,-2.124,-1.149,-1.383,0.234,5.312,5.315,7.517,-13.293,7.532,-13.924,6.911,-14.107,15.358,2024-25
Bojan Bogdanovic,202711,25.93,25-30,120,116,-3.534,-4.146,0.613,-1.9,-1.756,-1.634,-2.39,0.756,5.12,5.129,7.257,-13.57,6.502,-14.199,5.907,-13.612,14.837,2024-25
Ben Sheppard,1641767,17.03,15-20,87,87,-1.183,-1.794,0.611,-2.43,-2.099,1.246,0.305,0.941,5.232,5.231,7.396,-11.437,9.071,-12.046,8.458,-13.885,15.107,2024-25
RaiQuan Gray,1630564,13.01,10-15,46,45,-1.908,-2.472,0.564,-2.203,-1.182,0.295,-1.29,1.585,5.344,5.346,7.561,-12.382,8.565,-12.951,8.007,-14.256,15.383,2024-25
Jayson Tatum,1628369,36.09,35-40,75,74,-1.298,-1.847,0.55,-1.326,-1.425,0.028,-0.423,0.451,5.285,5.287,7.482,-11.656,9.06,-12.21,8.516,-14.115,15.214,2024-25
Justin Champagnie,1630551,20.46,20-25,81,82,-4.116,-4.661,0.545,-2.154,-2.476,-1.962,-2.185,0.223,5.232,5.228,7.395,-14.371,6.139,-14.909,5.587,-13.948,15.038,2024-25
Boban Marjanovic,1626246,5.06,5-10,26,27,-3.63,-4.15,0.52,-2.148,-1.409,-1.482,-2.741,1.259,5.416,5.412,7.657,-14.245,6.985,-14.758,6.458,-14.487,15.527,2024-25
T.J. McConnell,204456,18.04,15-20,77,75,-2.502,-3.017,0.516,-2.43,-2.099,-0.072,-0.918,0.846,5.275,5.281,7.462,-12.84,7.837,-13.369,7.334,-14.11,15.142,2024-25
Zion Williamson,1629627,30.64,30-35,228,228,-3.735,-4.223,0.489,-1.731,-2.124,-2.003,-2.1,0.096,4.98,4.978,7.033,-13.495,6.025,-13.98,5.534,-13.297,14.274,2024-25
Cam Thomas,1630560,31.38,30-35,124,124,-1.71,-2.174,0.464,-1.731,-2.124,0.021,-0.051,0.072,5.156,5.154,7.294,-11.815,8.395,-12.276,7.927,-13.832,14.76,2024-25
Zach Collins,1628380,18.82,15-20,81,80,-5.232,-5.678,0.446,-2.43,-2.099,-2.803,-3.578,0.776,5.211,5.213,7.371,-15.446,4.981,-15.895,4.539,-14.001,14.892,2024-25
Buddy Hield,1627741,24.23,20-25,130,126,-4.558,-5.003,0.445,-2.154,-2.476,-2.404,-2.527,0.123,5.092,5.098,7.208,-14.539,5.423,-14.995,4.99,-13.683,14.572,2024-25
Josh Minott,1631169,4.71,0-5,10,9,-1.124,-1.564,0.44,-0.862,-1.075,-0.262,-0.489,0.228,5.484,5.488,7.759,-11.872,9.624,-12.32,9.192,-14.766,15.647,2024-25
Leonard Miller,1631159,2.8,0-5,10,9,-1.124,-1.564,0.44,-0.862,-1.075,-0.262,-0.489,0.228,5.484,5.488,7.759,-11.872,9.624,-12.32,9.192,-14.766,15.647,2024-25
Jalen Williams,1631114,31.86,30-35,88,85,-2.745,-3.176,0.431,-1.731,-2.124,-1.013,-1.052,0.039,5.224,5.231,7.391,-12.983,7.494,-13.429,7.077,-14.056,14.918,2024-25
Anthony Black,1641710,20.76,20-25,11,11,-5.267,-5.692,0.425,-2.154,-2.476,-3.113,-3.216,0.103,5.479,5.479,7.749,-16.006,5.473,-16.431,5.048,-14.763,15.613,2024-25
GG Jackson II,1641713,21.97,20-25,177,179,-2.486,-2.875,0.389,-2.154,-2.476,-0.333,-0.399,0.067,5.111,5.112,7.241,-12.503,7.53,-12.894,7.143,-13.804,14.582,2024-25
Klay Thompson,202691,28.52,25-30,186,183,-2.093,-2.478,0.385,-1.9,-1.756,-0.194,-0.722,0.529,5.007,5.012,7.089,-11.908,7.721,-12.301,7.345,-13.509,14.28,2024-25
Jaden Ivey,1631093,29.12,25-30,118,116,-3.905,-4.286,0.381,-1.9,-1.756,-2.005,-2.53,0.525,5.173,5.178,7.32,-14.044,6.235,-14.434,5.862,-13.965,14.728,2024-25
Jevon Carter,1628975,12.26,10-15,120,124,-2.421,-2.789,0.368,-2.203,-1.182,-0.218,-1.607,1.389,5.137,5.128,7.26,-12.49,7.648,-12.841,7.262,-13.861,14.598,2024-25
Trendon Watford,1630570,16.53,15-20,147,149,-5.68,-6.035,0.355,-2.43,-2.099,-3.25,-3.935,0.685,5.135,5.132,7.264,-15.745,4.385,-16.093,4.023,-13.883,14.592,2024-25
Caris LeVert,1627747,26.93,25-30,100,98,-5.108,-5.455,0.347,-1.9,-1.756,-3.209,-3.699,0.491,5.189,5.195,7.344,-15.279,5.062,-15.638,4.728,-14.048,14.742,2024-25
Deni Avdija,1630166,30.05,30-35,152,150,-3.129,-3.472,0.343,-1.731,-2.124,-1.398,-1.348,-0.05,5.105,5.108,7.215,-13.136,6.878,-13.482,6.539,-13.799,14.485,2024-25
Mikal Bridges,1628969,35.92,35-40,93,93,-3.971,-4.312,0.341,-1.326,-1.425,-2.645,-2.887,0.243,5.224,5.224,7.391,-14.211,6.269,-14.551,5.926,-14.145,14.827,2024-25
Reggie Bullock Jr.,203493,9.49,5-10,29,28,-3.836,-4.157,0.321,-2.148,-1.409,-1.689,-2.749,1.06,5.397,5.4,7.634,-14.414,6.741,-14.742,6.427,-14.642,15.285,2024-25
Bismack Biyombo,202687,19.4,15-20,40,40,-4.683,-4.916,0.232,-2.43,-2.099,-2.254,-2.816,0.563,5.383,5.383,7.622,-15.234,5.868,-15.467,5.636,-14.707,15.171,2024-25
Chet Holmgren,1631096,28.85,25-30,75,74,-3.274,-3.475,0.2,-1.9,-1.756,-1.375,-1.719,0.344,5.264,5.267,7.446,-13.592,7.043,-13.798,6.848,-14.393,14.794,2024-25
Russell Westbrook,201566,25.32,25-30,65,65,-2.671,-2.869,0.198,-1.9,-1.756,-0.771,-1.113,0.342,5.285,5.285,7.474,-13.029,7.688,-13.227,7.49,-14.452,14.848,2024-25
Dyson Daniels,1630700,28.68,25-30,113,115,-3.231,-3.409,0.178,-1.9,-1.756,-1.331,-1.653,0.322,5.118,5.113,7.232,-13.261,6.8,-13.431,6.612,-13.996,14.352,2024-25
Henri Drell,1630929,7.48,5-10,52,52,-2.814,-2.985,0.171,-2.148,-1.409,-0.666,-1.576,0.91,5.335,5.335,7.546,-13.27,7.643,-13.442,7.472,-14.619,14.962,2024-25
Ochai Agbaji,1630534,23.8,20-25,119,120,-3.355,-3.525,0.169,-2.154,-2.476,-1.201,-1.049,-0.153,5.149,5.145,7.282,-13.447,6.736,-13.609,6.56,-14.103,14.442,2024-25
Doug McDermott,203926,11.76,10-15,54,53,-2.523,-2.678,0.156,-2.203,-1.182,-0.32,-1.496,1.176,5.325,5.328,7.534,-12.959,7.914,-13.122,7.765,-14.611,14.922,2024-25
Daniel Theis,1628464,16.69,15-20,120,120,-6.601,-6.74,0.139,-2.43,-2.099,-4.171,-4.64,0.469,5.175,5.177,7.319,-16.744,3.543,-16.886,3.406,-14.207,14.485,2024-25
Max Strus,1629622,29.27,25-30,191,186,-1.44,-1.555,0.116,-1.9,-1.756,0.46,0.201,0.259,5.061,5.069,7.163,-11.359,8.479,-11.49,8.38,-13.924,14.155,2024-25
Deandre Ayton,1629028,31.46,30-35,44,43,-4.1,-4.215,0.115,-1.731,-2.124,-2.368,-2.091,-0.277,5.365,5.367,7.589,-14.615,6.416,-14.734,6.305,-14.76,14.99,2024-25
Vit Krejci,1630249,21.44,20-25,65,66,-3.85,-3.914,0.064,-2.154,-2.476,-1.696,-1.438,-0.258,5.295,5.292,7.488,-14.227,6.528,-14.286,6.458,-14.613,14.741,2024-25
Evan Fournier,203095,18.11,15-20,94,94,-5.849,-5.906,0.057,-2.43,-2.099,-3.419,-3.806,0.387,5.191,5.192,7.343,-16.024,4.326,-16.082,4.271,-14.336,14.45,2024-25
Reggie Jackson,202704,19.48,15-20,111,109,-5.485,-5.532,0.047,-2.43,-2.099,-3.055,-3.432,0.377,5.178,5.188,7.335,-15.633,4.664,-15.701,4.638,-14.33,14.424,2024-25
Josh Giddey,1630581,27.52,25-30,43,40,-4.125,-4.165,0.04,-1.9,-1.756,-2.226,-2.409,0.183,5.354,5.363,7.579,-14.619,6.369,-14.676,6.347,-14.815,14.894,2024-25
Brook Lopez,201572,31.18,30-35,102,103,-2.068,-2.108,0.04,-1.731,-2.124,-0.337,0.016,-0.353,5.214,5.213,7.375,-12.288,8.151,-12.325,8.109,-14.415,14.494,2024-25
Jonathan Isaac,1628371,15.54,15-20,167,168,-6.0,-6.029,0.03,-2.43,-2.099,-3.57,-3.93,0.36,5.065,5.065,7.16,-15.927,3.928,-15.957,3.899,-14.003,14.062,2024-25
Drew Peterson,1641809,7.46,5-10,42,44,-2.62,-2.647,0.027,-2.148,-1.409,-0.473,-1.238,0.766,5.354,5.348,7.569,-13.115,7.874,-13.129,7.835,-14.808,14.862,2024-25
Max Christie,1631108,21.18,20-25,5,5,-5.199,-5.225,0.025,-2.154,-2.476,-3.045,-2.749,-0.297,5.505,5.505,7.785,-15.989,5.59,-16.014,5.565,-15.233,15.284,2024-25
Bam Adebayo,1628389,34.16,30-35,278,281,-2.685,-2.668,-0.017,-1.731,-2.124,-0.954,-0.545,-0.409,4.923,4.926,6.955,-12.335,6.965,-12.322,6.986,-13.649,13.615,2024-25
Talen Horton-Tucker,1629659,15.89,15-20,57,57,-3.777,-3.743,-0.033,-2.43,-2.099,-1.347,-1.644,0.297,5.318,5.318,7.52,-14.2,6.647,-14.166,6.679,-14.773,14.706,2024-25
Jeff Green,201145,15.49,15-20,66,64,-5.412,-5.375,-0.037,-2.43,-2.099,-2.983,-3.276,0.293,5.266,5.271,7.451,-15.734,4.909,-15.706,4.956,-14.642,14.568,2024-25
David Roddy,1631223,16.19,15-20,8,8,-4.076,-4.028,-0.048,-2.43,-2.099,-1.646,-1.928,0.282,5.492,5.492,7.767,-14.84,6.689,-14.792,6.736,-15.271,15.176,2024-25
Kenneth Lofton Jr.,1631254,9.44,5-10,102,102,-1.61,-1.559,-0.051,-2.148,-1.409,0.537,-0.151,0.688,5.193,5.193,7.342,-11.789,8.568,-11.737,8.618,-14.442,14.34,2024-25
Patrick Beverley,201976,20.03,20-25,100,102,-4.125,-4.065,-0.06,-2.154,-2.476,-1.971,-1.589,-0.382,5.205,5.201,7.359,-14.328,6.077,-14.259,6.129,-14.485,14.364,2024-25
Braxton Key,1630296,3.08,0-5,6,5,-2.092,-2.006,-0.086,-0.862,-1.075,-1.23,-0.931,-0.298,5.5,5.504,7.781,-12.871,8.687,-12.795,8.783,-15.337,15.165,2024-25
Keon Johnson,1630553,23.65,20-25,24,24,-5.358,-5.241,-0.118,-2.154,-2.476,-3.204,-2.765,-0.44,5.428,5.428,7.677,-15.998,5.281,-15.88,5.399,-15.165,14.93,2024-25
Andre Drummond,203083,17.66,15-20,43,41,-6.072,-5.873,-0.198,-2.43,-2.099,-3.642,-3.774,0.132,5.338,5.345,7.554,-16.534,4.39,-16.35,4.604,-15.004,14.607,2024-25
Garrett Temple,202066,9.37,5-10,68,69,-3.855,-3.644,-0.21,-2.148,-1.409,-1.707,-2.235,0.529,5.292,5.291,7.484,-14.226,6.517,-14.015,6.726,-14.879,14.459,2024-25
Moses Brown,1629650,9.1,5-10,62,59,-2.603,-2.375,-0.228,-2.148,-1.409,-0.456,-0.966,0.51,5.28,5.289,7.474,-12.951,7.745,-12.742,7.992,-14.877,14.42,2024-25
Harry Giles III,1628385,4.34,0-5,4,4,-2.432,-2.186,-0.246,-0.862,-1.075,-1.57,-1.111,-0.459,5.51,5.51,7.792,-13.231,8.367,-12.985,8.613,-15.518,15.026,2024-25
Sam Merrill,1630241,18.71,15-20,10,10,-5.197,-4.927,-0.27,-2.43,-2.099,-2.768,-2.828,0.06,5.481,5.481,7.751,-15.94,5.545,-15.67,5.815,-15.462,14.922,2024-25
Jabari Smith Jr.,1631095,31.12,30-35,135,137,-3.847,-3.569,-0.278,-1.731,-2.124,-2.115,-1.445,-0.67,5.132,5.13,7.258,-13.904,6.211,-13.623,6.486,-14.503,13.947,2024-25
Al Horford,201143,27.19,25-30,45,45,-2.484,-2.192,-0.292,-1.9,-1.756,-0.584,-0.436,-0.148,5.349,5.348,7.567,-12.968,8.0,-12.675,8.29,-15.123,14.539,2024-25
Amari Bailey,1641735,6.46,5-10,68,67,-3.752,-3.459,-0.293,-2.148,-1.409,-1.604,-2.05,0.446,5.283,5.284,7.471,-14.106,6.603,-13.815,6.898,-14.937,14.351,2024-25
Justin Holiday,203200,14.86,10-15,81,85,-2.933,-2.628,-0.305,-2.203,-1.182,-0.73,-1.446,0.716,5.263,5.255,7.439,-13.249,7.382,-12.928,7.671,-14.885,14.275,2024-25
P.J. Washington,1629023,31.2,30-35,103,104,-4.613,-4.291,-0.322,-1.731,-2.124,-2.881,-2.167,-0.714,5.2,5.198,7.35,-14.804,5.579,-14.478,5.896,-14.728,14.085,2024-25
Zeke Nnaji,1630192,10.3,10-15,58,59,-3.207,-2.871,-0.336,-2.203,-1.182,-1.004,-1.688,0.685,5.319,5.317,7.523,-13.632,7.218,-13.293,7.551,-15.08,14.408,2024-25
Moritz Wagner,1629021,17.99,15-20,86,88,-5.537,-5.201,-0.336,-2.43,-2.099,-3.107,-3.102,-0.006,5.195,5.188,7.34,-15.72,4.645,-15.369,4.967,-14.722,14.051,2024-25
Jared Butler,1630215,16.09,15-20,131,130,-3.933,-3.574,-0.359,-2.43,-2.099,-1.504,-1.474,-0.029,5.134,5.135,7.255,-13.995,6.129,-13.638,6.49,-14.579,13.861,2024-25
Micah Potter,1630695,16.5,15-20,45,44,-3.859,-3.493,-0.366,-2.43,-2.099,-1.429,-1.394,-0.035,5.353,5.357,7.573,-14.351,6.634,-13.993,7.007,-15.21,14.479,2024-25
Nic Claxton,1629651,28.35,25-30,106,106,-3.927,-3.55,-0.377,-1.9,-1.756,-2.027,-1.794,-0.233,5.22,5.218,7.386,-14.158,6.305,-13.778,6.678,-14.853,14.1,2024-25
Bogdan Bogdanovic,203992,28.19,25-30,198,200,-3.571,-3.192,-0.38,-1.9,-1.756,-1.672,-1.435,-0.236,5.05,5.051,7.148,-13.469,6.327,-13.092,6.709,-14.389,13.63,2024-25
Coby White,1629632,34.85,30-35,295,292,-3.794,-3.41,-0.384,-1.731,-2.124,-2.063,-1.286,-0.776,4.855,4.861,6.862,-13.311,5.722,-12.937,6.116,-13.833,13.065,2024-25
David Duke Jr.,1630561,8.51,5-10,64,62,-4.239,-3.851,-0.388,-2.148,-1.409,-2.092,-2.442,0.351,5.275,5.281,7.464,-14.578,6.1,-14.201,6.499,-15.018,14.241,2024-25
Jericho Sims,1630579,12.41,10-15,42,44,-3.307,-2.896,-0.411,-2.203,-1.182,-1.104,-1.714,0.61,5.367,5.361,7.585,-13.826,7.212,-13.404,7.612,-15.277,14.455,2024-25
OG Anunoby,1628384,35.55,35-40,193,192,-1.178,-0.724,-0.454,-1.326,-1.425,0.149,0.701,-0.552,5.062,5.066,7.172,-11.099,8.743,-10.654,9.206,-14.51,13.603,2024-25
Jamaree Bouyea,1631123,11.19,10-15,47,45,-3.458,-3.004,-0.454,-2.203,-1.182,-1.255,-1.822,0.567,5.347,5.352,7.566,-13.938,7.022,-13.493,7.485,-15.284,14.376,2024-25
Jason Preston,1630554,10.16,10-15,38,37,-2.358,-1.901,-0.457,-2.203,-1.182,-0.155,-0.719,0.564,5.377,5.381,7.607,-12.898,8.181,-12.447,8.645,-15.367,14.452,2024-25
Peyton Watson,1631212,21.24,20-25,111,111,-4.441,-3.978,-0.462,-2.154,-2.476,-2.287,-1.503,-0.784,5.178,5.18,7.327,-14.589,5.708,-14.131,6.174,-14.823,13.898,2024-25
Maxi Kleber,1628467,19.59,15-20,78,74,-5.088,-4.621,-0.467,-2.43,-2.099,-2.658,-2.521,-0.137,5.238,5.248,7.413,-15.355,5.179,-14.907,5.666,-14.998,14.063,2024-25
Gradey Dick,1641711,25.04,25-30,121,124,-3.582,-3.097,-0.485,-1.9,-1.756,-1.683,-1.341,-0.342,5.16,5.156,7.298,-13.696,6.531,-13.203,7.008,-14.789,13.819,2024-25
Ryan Rollins,1631157,13.01,10-15,22,23,-3.892,-3.394,-0.497,-2.203,-1.182,-1.689,-2.212,0.523,5.434,5.431,7.683,-14.543,6.759,-14.039,7.25,-15.557,14.562,2024-25
Lester Quinones,1631311,11.56,10-15,40,40,-4.235,-3.719,-0.516,-2.203,-1.182,-2.032,-2.537,0.504,5.377,5.376,7.603,-14.774,6.303,-14.256,6.818,-15.418,14.385,2024-25
Nick Smith Jr.,1641733,18.9,15-20,124,125,-4.018,-3.492,-0.526,-2.43,-2.099,-1.589,-1.393,-0.196,5.133,5.132,7.256,-14.079,6.043,-13.551,6.566,-14.747,13.695,2024-25
Luka Garza,1630568,5.33,5-10,17,16,-3.546,-2.995,-0.551,-2.148,-1.409,-1.398,-1.587,0.188,5.456,5.46,7.718,-14.24,7.148,-13.696,7.705,-15.679,14.577,2024-25
Paolo Banchero,1631094,34.76,30-35,243,242,-5.423,-4.854,-0.569,-1.731,-2.124,-3.692,-2.73,-0.962,5.038,5.04,7.118,-15.298,4.451,-14.731,5.024,-14.521,13.382,2024-25
Tristan Vukcevic,1641774,14.8,10-15,52,51,-4.477,-3.893,-0.584,-2.203,-1.182,-2.274,-2.711,0.437,5.335,5.337,7.547,-14.935,5.98,-14.354,6.567,-15.377,14.209,2024-25
Brandon Miller,1641706,32.74,30-35,29,29,-4.669,-4.072,-0.597,-1.731,-2.124,-2.938,-1.948,-0.989,5.411,5.411,7.652,-15.275,5.937,-14.677,6.533,-15.595,14.401,2024-25
Tyrese Maxey,1630178,37.59,35-40,310,309,-2.335,-1.724,-0.611,-1.326,-1.425,-1.009,-0.299,-0.709,4.934,4.933,6.979,-12.006,7.336,-11.394,7.945,-14.29,13.069,2024-25
Jabari Walker,1631133,18.56,15-20,28,27,-4.885,-4.268,-0.617,-2.43,-2.099,-2.456,-2.169,-0.287,5.403,5.407,7.644,-15.475,5.705,-14.865,6.329,-15.599,14.365,2024-25
Jake LaRavia,1631222,21.33,20-25,177,179,-4.502,-3.861,-0.641,-2.154,-2.476,-2.348,-1.385,-0.963,5.106,5.105,7.234,-14.51,5.506,-13.868,6.145,-14.819,13.538,2024-25
Jalen Suggs,1630591,27.52,25-30,198,195,-4.191,-3.544,-0.646,-1.9,-1.756,-2.291,-1.788,-0.503,5.115,5.115,7.229,-14.215,5.834,-13.569,6.48,-14.815,13.523,2024-25
Keegan Murray,1631099,33.98,30-35,288,288,-2.66,-1.988,-0.672,-1.731,-2.124,-0.928,0.136,-1.064,4.962,4.963,7.017,-12.384,7.065,-11.714,7.739,-14.425,13.081,2024-25
Dāvis Bertāns,202722,15.68,15-20,45,45,-4.555,-3.863,-0.692,-2.43,-2.099,-2.125,-1.764,-0.361,5.352,5.352,7.569,-15.045,5.935,-14.353,6.627,-15.527,14.143,2024-25
Wendell Moore Jr.,1631111,9.41,5-10,15,15,-3.474,-2.782,-0.692,-2.148,-1.409,-1.326,-1.373,0.047,5.463,5.463,7.726,-14.182,7.235,-13.49,7.926,-15.835,14.452,2024-25
Isaiah Thomas,202738,3.23,0-5,17,17,-2.114,-1.4,-0.713,-0.862,-1.075,-1.251,-0.326,-0.926,5.455,5.456,7.715,-12.806,8.578,-12.094,9.293,-15.835,14.409,2024-25
Gary Harris,203914,19.69,15-20,194,194,-6.461,-5.741,-0.72,-2.43,-2.099,-4.031,-3.642,-0.39,5.1,5.099,7.208,-16.456,3.534,-15.736,4.254,-14.847,13.407,2024-25
Quenton Jackson,1631245,12.63,10-15,14,14,-4.462,-3.692,-0.769,-2.203,-1.182,-2.258,-2.51,0.251,5.469,5.469,7.735,-15.18,6.257,-14.411,7.026,-15.93,14.391,2024-25
Jordan Nwora,1629670,13.68,10-15,51,51,-3.79,-3.02,-0.769,-2.203,-1.182,-1.587,-1.838,0.251,5.333,5.335,7.545,-14.243,6.664,-13.478,7.437,-15.557,14.018,2024-25
Isaiah Hartenstein,1628392,26.41,25-30,91,91,-3.009,-2.223,-0.786,-1.9,-1.756,-1.11,-0.467,-0.643,5.227,5.225,7.391,-13.254,7.235,-12.465,8.019,-15.272,13.699,2024-25
Precious Achiuwa,1630173,21.32,20-25,42,42,-5.188,-4.346,-0.842,-2.154,-2.476,-3.034,-1.87,-1.164,5.344,5.343,7.557,-15.662,5.285,-14.819,6.126,-15.654,13.97,2024-25
Matt Ryan,1630346,9.75,5-10,5,5,-4.568,-3.709,-0.859,-2.148,-1.409,-2.42,-2.3,-0.12,5.505,5.505,7.785,-15.357,6.221,-14.498,7.08,-16.117,14.4,2024-25
Jarace Walker,1641716,14.14,10-15,20,21,-4.478,-3.602,-0.876,-2.203,-1.182,-2.275,-2.419,0.145,5.443,5.44,7.697,-15.147,6.191,-14.263,7.06,-15.963,14.211,2024-25
Patrick Baldwin Jr.,1631116,9.68,5-10,163,163,-2.835,-1.955,-0.881,-2.148,-1.409,-0.688,-0.546,-0.142,5.114,5.115,7.226,-12.859,7.188,-11.98,8.071,-15.044,13.283,2024-25
Trey Lyles,1626168,19.75,15-20,130,130,-7.19,-6.263,-0.926,-2.43,-2.099,-4.76,-4.164,-0.596,5.071,5.071,7.173,-17.128,2.749,-16.203,3.676,-14.984,13.132,2024-25
Devonte' Graham,1628984,13.61,10-15,100,103,-3.865,-2.9,-0.964,-2.203,-1.182,-1.661,-1.718,0.057,5.168,5.159,7.302,-13.993,6.264,-13.012,7.211,-15.276,13.348,2024-25
Dante Exum,203957,19.47,15-20,54,53,-5.075,-4.099,-0.975,-2.43,-2.099,-2.645,-2.0,-0.645,5.302,5.305,7.5,-15.467,5.317,-14.497,6.299,-15.675,13.725,2024-25
Dejounte Murray,1627749,34.82,30-35,222,224,-1.005,-0.028,-0.977,-1.731,-2.124,0.726,2.095,-1.369,5.035,5.038,7.13,-10.875,8.864,-9.903,9.847,-14.952,12.999,2024-25
Mason Jones,1630222,4.87,0-5,12,12,-3.206,-2.19,-1.016,-0.862,-1.075,-2.343,-1.115,-1.228,5.473,5.473,7.741,-13.934,7.522,-12.917,8.538,-16.189,14.157,2024-25
De'Aaron Fox,1628368,36.03,35-40,295,296,-3.635,-2.614,-1.021,-1.326,-1.425,-2.309,-1.189,-1.12,4.946,4.946,6.991,-13.328,6.059,-12.307,7.08,-14.724,12.682,2024-25
Trey Jemison,1641998,15.33,15-20,156,157,-3.689,-2.668,-1.021,-2.43,-2.099,-1.26,-0.569,-0.691,5.138,5.139,7.278,-13.76,6.381,-12.74,7.403,-15.285,13.244,2024-25
Jalen McDaniels,1629667,10.1,10-15,48,49,-4.202,-3.166,-1.036,-2.203,-1.182,-1.999,-1.984,-0.015,5.349,5.347,7.564,-14.686,6.282,-13.647,7.314,-15.861,13.789,2024-25
Jordan McLaughlin,1629162,9.22,5-10,53,53,-4.429,-3.392,-1.037,-2.148,-1.409,-2.281,-1.983,-0.298,5.306,5.306,7.504,-14.828,5.971,-13.791,7.007,-15.744,13.67,2024-25
Monte Morris,1628420,13.42,10-15,43,42,-3.889,-2.796,-1.093,-2.203,-1.182,-1.685,-1.613,-0.072,5.334,5.337,7.545,-14.343,6.566,-13.255,7.664,-15.881,13.695,2024-25
De'Anthony Melton,1629001,26.01,25-30,9,10,-3.72,-2.627,-1.093,-1.9,-1.756,-1.821,-0.871,-0.95,5.485,5.48,7.753,-14.47,7.03,-13.368,8.114,-16.29,14.103,2024-25
Miles Bridges,1628970,34.66,30-35,32,31,-4.682,-3.571,-1.112,-1.731,-2.124,-2.951,-1.447,-1.504,5.4,5.403,7.639,-15.266,5.902,-14.161,7.019,-16.083,13.86,2024-25
Darius Bazley,1629647,16.87,15-20,61,63,-4.011,-2.889,-1.122,-2.43,-2.099,-1.582,-0.79,-0.792,5.298,5.292,7.487,-14.395,6.372,-13.261,7.483,-15.798,13.553,2024-25
T.J. Warren,203933,11.33,10-15,7,7,-4.258,-3.128,-1.13,-2.203,-1.182,-2.055,-1.946,-0.109,5.496,5.496,7.772,-15.03,6.514,-13.9,7.644,-16.364,14.104,2024-25
Alondes Williams,1631214,2.41,0-5,7,8,-2.819,-1.688,-1.131,-0.862,-1.075,-1.957,-0.614,-1.343,5.495,5.491,7.768,-13.59,7.951,-12.451,9.074,-16.357,14.095,2024-25
Jae Crowder,203109,21.33,20-25,98,94,-6.303,-5.151,-1.152,-2.154,-2.476,-4.149,-2.675,-1.474,5.186,5.194,7.339,-16.467,3.861,-15.33,5.028,-15.537,13.233,2024-25
Eugene Omoruyi,1630647,9.15,5-10,76,73,-2.147,-0.993,-1.155,-2.148,-1.409,0.0,0.416,-0.416,5.25,5.256,7.427,-12.438,8.143,-11.294,9.308,-15.712,13.402,2024-25
Jaden Springer,1630531,9.48,5-10,93,99,-2.059,-0.903,-1.156,-2.148,-1.409,0.088,0.505,-0.417,5.207,5.195,7.356,-12.264,8.146,-11.085,9.278,-15.574,13.262,2024-25
Julian Strawther,1631124,16.77,15-20,6,5,-5.226,-4.055,-1.171,-2.43,-2.099,-2.797,-1.956,-0.841,5.5,5.504,7.781,-16.006,5.553,-14.844,6.733,-16.422,14.08,2024-25
Immanuel Quickley,1630193,28.74,25-30,62,63,-3.87,-2.672,-1.198,-1.9,-1.756,-1.971,-0.916,-1.054,5.299,5.295,7.492,-14.256,6.515,-13.05,7.705,-15.882,13.487,2024-25
Daniel Gafford,1629655,23.21,20-25,52,52,-4.055,-2.856,-1.199,-2.154,-2.476,-1.901,-0.38,-1.521,5.314,5.314,7.514,-14.469,6.36,-13.271,7.559,-15.926,13.529,2024-25
James Wiseman,1630164,17.12,15-20,159,158,-5.056,-3.824,-1.233,-2.43,-2.099,-2.627,-1.724,-0.902,5.131,5.132,7.258,-15.114,5.001,-13.881,6.234,-15.459,12.994,2024-25
Craig Porter Jr.,1641854,11.4,10-15,21,20,-4.172,-2.919,-1.253,-2.203,-1.182,-1.969,-1.737,-0.232,5.436,5.439,7.69,-14.826,6.482,-13.58,7.741,-16.325,13.819,2024-25
Trayce Jackson-Davis,1631218,16.13,15-20,115,116,-5.245,-3.958,-1.287,-2.43,-2.099,-2.816,-1.859,-0.957,5.132,5.129,7.257,-15.304,4.813,-14.012,6.095,-15.511,12.937,2024-25
Marcus Morris Sr.,202694,16.67,15-20,37,37,-4.714,-3.375,-1.34,-2.43,-2.099,-2.285,-1.275,-1.01,5.374,5.374,7.599,-15.246,5.818,-13.907,7.158,-16.234,13.555,2024-25
TyTy Washington Jr.,1631102,6.45,5-10,44,43,-4.639,-3.284,-1.355,-2.148,-1.409,-2.492,-1.875,-0.616,5.354,5.358,7.576,-15.134,5.855,-13.786,7.218,-16.204,13.493,2024-25
Mo Bamba,1628964,12.96,10-15,41,41,-4.827,-3.471,-1.356,-2.203,-1.182,-2.623,-2.288,-0.335,5.373,5.373,7.597,-15.358,5.704,-14.002,7.061,-16.246,13.534,2024-25
Mitchell Robinson,1629011,22.05,20-25,121,116,-4.562,-3.204,-1.357,-2.154,-2.476,-2.408,-0.729,-1.679,5.14,5.148,7.285,-14.636,5.513,-13.295,6.886,-15.636,12.922,2024-25
Omer Yurtseven,1630209,11.36,10-15,86,88,-4.229,-2.845,-1.384,-2.203,-1.182,-2.026,-1.663,-0.363,5.25,5.247,7.422,-14.518,6.06,-13.129,7.439,-15.931,13.163,2024-25
Alex Len,203458,8.77,5-10,60,62,-5.837,-4.427,-1.409,-2.148,-1.409,-3.689,-3.018,-0.671,5.281,5.275,7.466,-16.188,4.515,-14.766,5.912,-16.043,13.224,2024-25
Lonnie Walker IV,1629022,19.07,15-20,119,122,-5.056,-3.62,-1.435,-2.43,-2.099,-2.626,-1.521,-1.105,5.158,5.153,7.294,-15.165,5.054,-13.721,6.48,-15.732,12.862,2024-25
Svi Mykhailiuk,1629004,14.85,10-15,150,152,-3.496,-2.058,-1.438,-2.203,-1.182,-1.293,-0.876,-0.417,5.124,5.121,7.246,-13.54,6.548,-12.096,7.98,-15.641,12.765,2024-25
Gary Trent Jr.,1629018,26.81,25-30,105,105,-3.851,-2.382,-1.469,-1.9,-1.756,-1.951,-0.626,-1.325,5.237,5.236,7.409,-14.116,6.414,-12.646,7.881,-15.99,13.053,2024-25
Nikola Vucevic,202696,32.8,30-35,214,215,-4.036,-2.554,-1.483,-1.731,-2.124,-2.305,-0.43,-1.875,5.018,5.016,7.092,-13.872,5.8,-12.385,7.278,-15.383,12.417,2024-25
Kessler Edwards,1630556,9.4,5-10,28,29,-5.4,-3.91,-1.49,-2.148,-1.409,-3.252,-2.501,-0.751,5.413,5.409,7.655,-16.008,5.209,-14.512,6.692,-16.494,13.514,2024-25
Saben Lee,1630240,7.71,5-10,9,10,-3.71,-2.217,-1.493,-2.148,-1.409,-1.562,-0.808,-0.754,5.488,5.484,7.759,-14.466,7.047,-12.965,8.532,-16.7,13.714,2024-25
Kyrie Irving,202681,35.49,35-40,74,71,-2.776,-1.252,-1.524,-1.326,-1.425,-1.45,0.172,-1.623,5.304,5.309,7.506,-13.173,7.62,-11.657,9.153,-16.235,13.187,2024-25
MarJon Beauchamp,1630699,9.2,5-10,30,31,-4.102,-2.569,-1.533,-2.148,-1.409,-1.954,-1.16,-0.794,5.406,5.403,7.644,-14.698,6.495,-13.158,8.021,-16.515,13.449,2024-25
Derrick Jones Jr.,1627884,23.9,20-25,63,66,-5.587,-4.036,-1.55,-2.154,-2.476,-3.433,-1.56,-1.872,5.277,5.268,7.455,-15.929,4.755,-14.361,6.289,-16.162,13.061,2024-25
Jeremiah Robinson-Earl,1630526,14.98,10-15,19,18,-5.056,-3.491,-1.564,-2.203,-1.182,-2.852,-2.309,-0.544,5.439,5.443,7.694,-15.716,5.605,-14.159,7.176,-16.645,13.516,2024-25
Rui Hachimura,1629060,29.09,25-30,262,260,-4.512,-2.943,-1.569,-1.9,-1.756,-2.613,-1.187,-1.426,4.984,4.981,7.061,-14.281,5.257,-12.706,6.82,-15.408,12.27,2024-25
Victor Wembanyama,1641705,31.06,30-35,77,79,-4.135,-2.559,-1.576,-1.731,-2.124,-2.403,-0.435,-1.969,5.271,5.266,7.455,-14.466,6.196,-12.881,7.763,-16.189,13.036,2024-25
Naz Reid,1629675,25.86,25-30,134,138,-5.066,-3.466,-1.599,-1.9,-1.756,-3.166,-1.71,-1.456,5.093,5.083,7.194,-15.047,4.916,-13.428,6.496,-15.699,12.5,2024-25
Ousmane Dieng,1631172,11.0,10-15,52,51,-4.101,-2.444,-1.656,-2.203,-1.182,-1.897,-1.262,-0.635,5.344,5.347,7.57,-14.575,6.374,-12.924,8.035,-16.493,13.181,2024-25
Alec Burks,202692,18.04,15-20,22,23,-3.698,-2.012,-1.686,-2.43,-2.099,-1.268,0.088,-1.356,5.431,5.427,7.678,-14.343,6.948,-12.649,8.625,-16.734,13.363,2024-25
Markelle Fultz,1628365,17.09,15-20,59,59,-6.183,-4.495,-1.688,-2.43,-2.099,-3.753,-2.395,-1.357,5.301,5.301,7.496,-16.572,4.207,-14.884,5.894,-16.38,13.005,2024-25
Jett Howard,1641724,9.84,5-10,11,11,-5.254,-3.557,-1.697,-2.148,-1.409,-3.106,-2.149,-0.958,5.479,5.479,7.749,-15.994,5.486,-14.297,7.182,-16.885,13.492,2024-25
P.J. Tucker,200782,16.01,15-20,55,53,-4.566,-2.868,-1.698,-2.43,-2.099,-2.136,-0.768,-1.368,5.302,5.308,7.502,-14.957,5.826,-13.272,7.537,-16.403,13.007,2024-25
Pat Spencer,1630311,6.12,5-10,33,32,-5.071,-3.345,-1.726,-2.148,-1.409,-2.923,-1.936,-0.987,5.402,5.405,7.642,-15.66,5.518,-13.939,7.248,-16.704,13.252,2024-25
Scoot Henderson,1630703,27.53,25-30,66,67,-4.017,-2.26,-1.758,-1.9,-1.756,-2.118,-0.504,-1.614,5.302,5.3,7.498,-14.41,6.375,-12.647,8.127,-16.454,12.939,2024-25
Jalen Brunson,1628973,35.4,35-40,217,213,-3.482,-1.719,-1.764,-1.326,-1.425,-2.156,-0.294,-1.862,5.05,5.056,7.162,-13.381,6.416,-11.628,8.19,-15.801,12.274,2024-25
Dario Saric,203967,16.35,15-20,26,27,-4.645,-2.877,-1.768,-2.43,-2.099,-2.216,-0.778,-1.438,5.419,5.416,7.662,-15.267,5.976,-13.493,7.739,-16.785,13.249,2024-25
Norman Powell,1626181,29.03,25-30,91,90,-4.689,-2.9,-1.789,-1.9,-1.756,-2.789,-1.144,-1.646,5.21,5.212,7.369,-14.9,5.522,-13.114,7.315,-16.232,12.654,2024-25
Colby Jones,1641732,10.24,10-15,13,13,-4.051,-2.261,-1.789,-2.203,-1.182,-1.847,-1.079,-0.769,5.468,5.468,7.734,-14.768,6.667,-12.979,8.456,-16.947,13.368,2024-25
Josh Okogie,1629006,15.85,15-20,17,17,-5.248,-3.45,-1.799,-2.43,-2.099,-2.819,-1.35,-1.468,5.455,5.456,7.715,-15.94,5.444,-14.143,7.244,-16.92,13.323,2024-25
De'Andre Hunter,1629631,28.27,25-30,194,199,-2.202,-0.378,-1.824,-1.9,-1.756,-0.303,1.378,-1.681,5.103,5.101,7.221,-12.204,7.799,-10.375,9.619,-15.977,12.328,2024-25
JaVale McGee,201580,7.38,5-10,21,21,-4.6,-2.692,-1.908,-2.148,-1.409,-2.452,-1.283,-1.17,5.437,5.437,7.691,-15.257,6.057,-13.348,7.965,-16.982,13.166,2024-25
Thomas Bryant,1628418,13.5,10-15,55,52,-4.354,-2.415,-1.939,-2.203,-1.182,-2.151,-1.233,-0.919,5.314,5.323,7.522,-14.769,6.06,-12.848,8.018,-16.683,12.804,2024-25
Johnny Davis,1631098,10.18,10-15,109,111,-3.214,-1.249,-1.965,-2.203,-1.182,-1.011,-0.066,-0.944,5.187,5.183,7.329,-13.38,6.952,-11.407,8.91,-16.33,12.4,2024-25
Luka Samanic,1629677,9.4,5-10,112,114,-4.323,-2.346,-1.977,-2.148,-1.409,-2.175,-0.937,-1.238,5.18,5.178,7.324,-14.475,5.83,-12.495,7.804,-16.331,12.377,2024-25
Jared Rhoden,1631197,15.2,15-20,122,121,-5.816,-3.834,-1.983,-2.43,-2.099,-3.387,-1.734,-1.653,5.137,5.139,7.269,-15.884,4.251,-13.906,6.239,-16.23,12.264,2024-25
Hunter Tyson,1641816,6.49,5-10,6,5,-4.662,-2.674,-1.988,-2.148,-1.409,-2.515,-1.265,-1.25,5.5,5.504,7.781,-15.442,6.117,-13.462,8.115,-17.239,13.262,2024-25
Taj Gibson,201959,10.76,10-15,43,43,-5.661,-3.657,-2.003,-2.203,-1.182,-3.457,-2.475,-0.983,5.346,5.347,7.561,-16.139,4.818,-14.137,6.822,-16.824,12.817,2024-25
Spencer Dinwiddie,203915,27.67,25-30,113,111,-5.72,-3.712,-2.008,-1.9,-1.756,-3.821,-1.956,-1.865,5.099,5.104,7.22,-15.715,4.274,-13.717,6.293,-16.16,12.143,2024-25
Xavier Moon,1629875,8.52,5-10,139,138,-5.694,-3.663,-2.03,-2.148,-1.409,-3.546,-2.255,-1.291,5.181,5.183,7.327,-15.848,4.461,-13.822,6.495,-16.392,12.332,2024-25
Ibou Badji,1630641,10.26,10-15,22,22,-5.113,-3.038,-2.075,-2.203,-1.182,-2.91,-1.856,-1.054,5.435,5.435,7.688,-15.765,5.539,-13.691,7.614,-17.143,12.993,2024-25
Jock Landale,1629111,12.89,10-15,109,111,-4.34,-2.259,-2.08,-2.203,-1.182,-2.136,-1.077,-1.06,5.209,5.206,7.366,-14.549,5.87,-12.463,7.945,-16.518,12.357,2024-25
Buddy Boeheim,1631205,8.4,5-10,22,23,-3.624,-1.536,-2.088,-2.148,-1.409,-1.477,-0.127,-1.349,5.43,5.427,7.679,-14.268,7.019,-12.173,9.101,-17.138,12.962,2024-25
Troy Brown Jr.,1628972,14.01,10-15,80,81,-5.575,-3.483,-2.091,-2.203,-1.182,-3.371,-2.301,-1.07,5.218,5.215,7.38,-15.802,4.653,-13.706,6.739,-16.556,12.374,2024-25
Maxwell Lewis,1641721,6.94,5-10,5,5,-5.187,-3.09,-2.096,-2.148,-1.409,-3.039,-1.682,-1.358,5.505,5.505,7.785,-15.976,5.603,-13.88,7.699,-17.355,13.162,2024-25
Corey Kispert,1630557,26.02,25-30,161,159,-3.373,-1.275,-2.098,-1.9,-1.756,-1.473,0.481,-1.955,5.108,5.111,7.219,-13.385,6.64,-11.292,8.743,-16.248,12.051,2024-25
Dereck Lively II,1641726,23.37,20-25,37,39,-7.228,-5.006,-2.222,-2.154,-2.476,-5.074,-2.53,-2.544,5.373,5.367,7.594,-17.759,3.303,-15.526,5.513,-17.107,12.663,2024-25
DeAndre Jordan,201599,11.81,10-15,16,17,-4.598,-2.376,-2.222,-2.203,-1.182,-2.395,-1.194,-1.201,5.455,5.451,7.712,-15.291,6.094,-13.06,8.309,-17.338,12.893,2024-25
Caleb Houstan,1631216,13.7,10-15,11,11,-5.365,-3.105,-2.261,-2.203,-1.182,-3.162,-1.922,-1.24,5.479,5.479,7.749,-16.105,5.374,-13.844,7.635,-17.449,12.928,2024-25
Sasha Vezenkov,1628426,12.17,10-15,49,48,-6.242,-3.973,-2.269,-2.203,-1.182,-4.039,-2.79,-1.249,5.315,5.32,7.52,-16.66,4.176,-14.399,6.454,-17.008,12.469,2024-25
Ayo Dosunmu,1630245,29.56,25-30,169,166,-3.839,-1.523,-2.317,-1.9,-1.756,-1.94,0.234,-2.173,5.078,5.085,7.184,-13.792,6.114,-11.488,8.443,-16.398,11.764,2024-25
Aleksej Pokusevski,1630197,14.48,10-15,77,79,-5.436,-3.083,-2.353,-2.203,-1.182,-3.233,-1.901,-1.332,5.25,5.246,7.42,-15.726,4.854,-13.365,7.199,-16.897,12.191,2024-25
Sandro Mamukelashvili,1630572,10.58,10-15,117,119,-5.254,-2.853,-2.401,-2.203,-1.182,-3.051,-1.671,-1.38,5.143,5.14,7.27,-15.334,4.825,-12.927,7.221,-16.651,11.849,2024-25
Jacob Gilyard,1631367,17.03,15-20,61,62,-6.069,-3.613,-2.455,-2.43,-2.099,-3.639,-1.514,-2.125,5.305,5.302,7.501,-16.467,4.33,-14.006,6.78,-17.158,12.247,2024-25
Stephen Curry,201939,32.46,30-35,146,143,-5.187,-2.702,-2.485,-1.731,-2.124,-3.456,-0.579,-2.877,5.126,5.13,7.26,-15.233,4.859,-12.758,7.353,-16.715,11.745,2024-25
Chuma Okeke,1629643,11.22,10-15,9,8,-4.931,-2.444,-2.488,-2.203,-1.182,-2.728,-1.261,-1.467,5.488,5.492,7.764,-15.687,5.825,-13.207,8.32,-17.704,12.729,2024-25
Terquavion Smith,1631173,5.28,5-10,16,16,-4.787,-2.259,-2.528,-2.148,-1.409,-2.639,-0.85,-1.789,5.458,5.458,7.719,-15.484,5.911,-12.957,8.439,-17.657,12.601,2024-25
Brandon Boston Jr.,1630527,18.08,15-20,121,119,-7.117,-4.557,-2.56,-2.43,-2.099,-4.687,-2.458,-2.23,5.178,5.182,7.326,-17.266,3.032,-14.714,5.6,-16.92,11.8,2024-25
Khris Middleton,203114,25.33,25-30,108,110,-3.411,-0.826,-2.585,-1.9,-1.756,-1.511,0.93,-2.441,5.211,5.209,7.37,-13.624,6.803,-11.035,9.383,-17.03,11.86,2024-25
Cody Zeller,203469,7.44,5-10,11,10,-5.622,-2.956,-2.665,-2.148,-1.409,-3.474,-1.548,-1.926,5.474,5.479,7.745,-16.351,5.108,-13.695,7.783,-17.846,12.516,2024-25
Danilo Gallinari,201568,12.84,10-15,38,38,-6.459,-3.758,-2.701,-2.203,-1.182,-4.256,-2.575,-1.68,5.366,5.365,7.587,-16.976,4.058,-14.273,6.758,-17.573,12.17,2024-25
Skylar Mays,1630219,11.4,10-15,4,4,-5.114,-2.401,-2.713,-2.203,-1.182,-2.911,-1.219,-1.692,5.51,5.51,7.792,-15.913,5.685,-13.2,8.398,-17.985,12.559,2024-25
Colin Castleton,1630658,11.69,10-15,4,4,-5.114,-2.401,-2.713,-2.203,-1.182,-2.911,-1.219,-1.692,5.51,5.51,7.792,-15.913,5.685,-13.2,8.398,-17.985,12.559,2024-25
Onuralp Bitim,1641931,11.65,10-15,54,53,-5.032,-2.305,-2.727,-2.203,-1.182,-2.828,-1.122,-1.706,5.331,5.335,7.543,-15.48,5.416,-12.762,8.153,-17.511,12.057,2024-25
Marques Bolden,1629716,11.03,10-15,121,119,-3.499,-0.766,-2.733,-2.203,-1.182,-1.296,0.417,-1.712,5.145,5.148,7.275,-13.583,6.584,-10.856,9.325,-16.993,11.526,2024-25
Jack White,1631298,15.91,15-20,53,50,-6.005,-3.263,-2.742,-2.43,-2.099,-3.575,-1.164,-2.412,5.316,5.325,7.525,-16.424,4.414,-13.701,7.175,-17.491,12.008,2024-25
Malik Williams,1642013,15.22,15-20,60,62,-6.44,-3.689,-2.751,-2.43,-2.099,-4.01,-1.589,-2.421,5.295,5.289,7.485,-16.819,3.939,-14.055,6.677,-17.422,11.92,2024-25
Kobe Brown,1641738,7.93,5-10,126,127,-6.504,-3.731,-2.772,-2.148,-1.409,-4.356,-2.322,-2.034,5.187,5.188,7.337,-16.671,3.664,-13.9,6.438,-17.152,11.608,2024-25
Drew Eubanks,1629234,14.08,10-15,71,70,-5.456,-2.676,-2.78,-2.203,-1.182,-3.253,-1.494,-1.759,5.248,5.253,7.426,-15.742,4.83,-12.972,7.62,-17.335,11.775,2024-25
Brice Sensabaugh,1641729,19.58,15-20,104,104,-6.449,-3.597,-2.852,-2.43,-2.099,-4.019,-1.498,-2.522,5.178,5.179,7.322,-16.597,3.699,-13.748,6.554,-17.203,11.499,2024-25
Trae Young,1629027,36.01,35-40,215,219,-3.51,-0.64,-2.87,-1.326,-1.425,-2.184,0.785,-2.969,5.026,5.023,7.114,-13.361,6.342,-10.485,9.206,-16.813,11.073,2024-25
Lindy Waters III,1630322,11.76,10-15,46,47,-4.291,-1.334,-2.957,-2.203,-1.182,-2.088,-0.151,-1.936,5.356,5.353,7.58,-14.788,6.207,-11.826,9.158,-17.814,11.899,2024-25
Wesley Matthews,202083,11.47,10-15,23,22,-4.64,-1.678,-2.962,-2.203,-1.182,-2.436,-0.495,-1.941,5.419,5.423,7.667,-15.261,5.981,-12.307,8.952,-17.989,12.065,2024-25
Cole Swider,1631306,9.15,5-10,7,8,-5.39,-2.356,-3.034,-2.148,-1.409,-3.242,-0.947,-2.295,5.495,5.491,7.768,-16.161,5.381,-13.118,8.406,-18.26,12.193,2024-25
Brandin Podziemski,1641764,26.7,25-30,135,135,-4.96,-1.909,-3.051,-1.9,-1.756,-3.06,-0.153,-2.907,5.046,5.047,7.135,-14.849,4.93,-11.801,7.983,-17.035,10.934,2024-25
Mike Muscala,203488,11.32,10-15,47,46,-5.719,-2.662,-3.057,-2.203,-1.182,-3.516,-1.48,-2.036,5.349,5.352,7.575,-16.204,4.765,-13.153,7.829,-17.905,11.791,2024-25
Chris Duarte,1630537,10.45,10-15,17,18,-6.292,-3.204,-3.088,-2.203,-1.182,-4.089,-2.021,-2.067,5.453,5.449,7.71,-16.98,4.396,-13.884,7.476,-18.2,12.024,2024-25
Jaylen Nowell,1629669,18.18,15-20,19,20,-6.986,-3.879,-3.108,-2.43,-2.099,-4.557,-1.779,-2.778,5.441,5.437,7.692,-17.651,3.679,-14.535,6.778,-18.184,11.969,2024-25
Kobe Bufkin,1641723,11.84,10-15,37,37,-6.031,-2.914,-3.117,-2.203,-1.182,-3.827,-1.731,-2.096,5.374,5.375,7.601,-16.565,4.503,-13.448,7.621,-18.015,11.781,2024-25
Olivier Sarr,1630846,6.55,5-10,9,8,-5.254,-2.12,-3.134,-2.148,-1.409,-3.106,-0.711,-2.395,5.487,5.491,7.763,-16.008,5.501,-12.883,8.643,-18.349,12.082,2024-25
Nassir Little,1629642,10.18,10-15,17,17,-4.796,-1.616,-3.18,-2.203,-1.182,-2.592,-0.433,-2.159,5.455,5.456,7.715,-15.488,5.897,-12.309,9.078,-18.302,11.942,2024-25
Noah Clowney,1641730,20.47,20-25,143,143,-6.113,-2.915,-3.198,-2.154,-2.476,-3.959,-0.44,-3.52,5.115,5.113,7.234,-16.138,3.912,-12.936,7.105,-17.376,10.981,2024-25
Jeff Dowtin Jr.,1630288,14.39,10-15,19,19,-5.263,-2.05,-3.213,-2.203,-1.182,-3.06,-0.867,-2.192,5.447,5.447,7.703,-15.939,5.412,-12.726,8.626,-18.312,11.885,2024-25
Ricky Council IV,1641741,14.65,10-15,19,19,-5.263,-2.05,-3.213,-2.203,-1.182,-3.06,-0.867,-2.192,5.447,5.447,7.703,-15.939,5.412,-12.726,8.626,-18.312,11.885,2024-25
Josh Hart,1628404,35.47,35-40,221,220,-3.813,-0.565,-3.249,-1.326,-1.425,-2.487,0.86,-3.348,5.032,5.036,7.136,-13.676,6.049,-10.436,9.307,-17.236,10.738,2024-25
Trent Forrest,1630235,10.89,10-15,12,12,-5.684,-2.385,-3.299,-2.203,-1.182,-3.481,-1.203,-2.278,5.476,5.476,7.745,-16.417,5.048,-13.118,8.347,-18.479,11.881,2024-25
Eric Gordon,201569,24.87,20-25,77,74,-5.048,-1.728,-3.32,-2.154,-2.476,-2.894,0.748,-3.642,5.225,5.233,7.396,-15.289,5.193,-11.985,8.528,-17.816,11.176,2024-25
Nicolas Batum,201587,20.99,20-25,209,210,-5.546,-2.177,-3.369,-2.154,-2.476,-3.392,0.299,-3.691,4.941,4.937,6.986,-15.231,4.139,-11.855,7.5,-17.061,10.324,2024-25
Anthony Edwards,1630162,35.71,35-40,200,199,-5.431,-2.02,-3.411,-1.326,-1.425,-4.105,-0.595,-3.51,5.073,5.073,7.172,-15.373,4.512,-11.962,7.923,-17.468,10.646,2024-25
Vasilije Micic,203995,19.41,15-20,54,55,-7.051,-3.625,-3.426,-2.43,-2.099,-4.621,-1.525,-3.096,5.318,5.314,7.517,-17.473,3.372,-14.041,6.791,-18.16,11.308,2024-25
Bol Bol,1629626,11.61,10-15,22,22,-5.457,-2.019,-3.438,-2.203,-1.182,-3.254,-0.836,-2.417,5.424,5.425,7.671,-16.088,5.174,-12.651,8.614,-18.474,11.598,2024-25
Blake Wesley,1631104,13.1,10-15,103,103,-3.707,-0.233,-3.474,-2.203,-1.182,-1.504,0.95,-2.453,5.183,5.181,7.329,-13.867,6.452,-10.388,9.922,-17.838,10.89,2024-25
Kira Lewis Jr.,1630184,9.44,5-10,56,57,-4.844,-1.308,-3.536,-2.148,-1.409,-2.697,0.101,-2.798,5.331,5.33,7.538,-15.293,5.605,-11.754,9.138,-18.31,11.238,2024-25
Duncan Robinson,1629130,25.99,25-30,51,51,-5.013,-1.471,-3.542,-1.9,-1.756,-3.113,0.285,-3.398,5.318,5.318,7.521,-15.437,5.411,-11.895,8.953,-18.283,11.199,2024-25
Alex Caruso,1627936,24.65,20-25,176,175,-7.712,-4.156,-3.556,-2.154,-2.476,-5.558,-1.68,-3.878,5.037,5.04,7.125,-17.584,2.16,-14.034,5.723,-17.522,10.41,2024-25
Pat Connaughton,1626192,19.48,15-20,63,63,-6.202,-2.635,-3.567,-2.43,-2.099,-3.773,-0.536,-3.237,5.283,5.283,7.471,-16.557,4.153,-12.99,7.72,-18.211,11.077,2024-25
Jamal Cain,1631288,12.08,10-15,7,8,-5.501,-1.904,-3.598,-2.203,-1.182,-3.298,-0.721,-2.577,5.495,5.491,7.768,-16.272,5.27,-12.666,8.859,-18.824,11.628,2024-25
Goga Bitadze,1629048,18.08,15-20,40,38,-5.208,-1.594,-3.614,-2.43,-2.099,-2.778,0.506,-3.284,5.349,5.356,7.57,-15.693,5.277,-12.092,8.905,-18.451,11.223,2024-25
Kris Murray,1631200,18.23,15-20,177,176,-6.091,-2.463,-3.627,-2.43,-2.099,-3.661,-0.364,-3.297,5.094,5.095,7.208,-16.076,3.894,-12.449,7.523,-17.756,10.501,2024-25
Draymond Green,203110,28.24,25-30,150,147,-6.087,-2.456,-3.631,-1.9,-1.756,-4.187,-0.7,-3.488,5.122,5.126,7.255,-16.126,3.952,-12.502,7.591,-17.851,10.589,2024-25
Isaiah Mobley,1630600,8.12,5-10,32,32,-6.187,-2.496,-3.691,-2.148,-1.409,-4.039,-1.087,-2.952,5.399,5.399,7.635,-16.768,4.395,-13.078,8.086,-18.655,11.274,2024-25
Markieff Morris,202693,9.29,5-10,84,83,-6.523,-2.832,-3.692,-2.148,-1.409,-4.376,-1.423,-2.953,5.238,5.238,7.412,-16.789,3.743,-13.098,7.435,-18.22,10.837,2024-25
Herbert Jones,1630529,30.93,30-35,271,268,-4.519,-0.769,-3.75,-1.731,-2.124,-2.788,1.355,-4.142,4.92,4.92,6.957,-14.161,5.124,-10.413,8.875,-17.386,9.886,2024-25
Thaddeus Young,201152,13.32,10-15,23,23,-5.099,-1.345,-3.753,-2.203,-1.182,-2.896,-0.163,-2.733,5.42,5.42,7.665,-15.722,5.524,-11.968,9.277,-18.776,11.269,2024-25
Mouhamed Gueye,1631243,15.53,15-20,110,108,-7.818,-3.935,-3.884,-2.43,-2.099,-5.388,-1.835,-3.553,5.129,5.136,7.259,-17.871,2.235,-14.0,6.131,-18.111,10.344,2024-25
AJ Griffin,1631100,8.54,5-10,80,81,-6.191,-2.283,-3.908,-2.148,-1.409,-4.043,-0.874,-3.169,5.245,5.243,7.416,-16.47,4.089,-12.559,7.993,-18.443,10.628,2024-25
Xavier Tillman,1630214,13.86,10-15,40,42,-6.351,-2.382,-3.969,-2.203,-1.182,-4.148,-1.199,-2.948,5.358,5.35,7.571,-16.852,4.15,-12.867,8.104,-18.809,10.87,2024-25
Orlando Robinson,1631115,13.42,10-15,12,14,-5.609,-1.597,-4.012,-2.203,-1.182,-3.406,-0.414,-2.991,5.47,5.462,7.73,-16.331,5.113,-12.301,9.108,-19.163,11.139,2024-25
Jordan Goodwin,1630692,18.59,15-20,155,159,-6.804,-2.788,-4.015,-2.43,-2.099,-4.374,-0.689,-3.685,5.135,5.131,7.271,-16.868,3.261,-12.846,7.269,-18.266,10.235,2024-25
Zavier Simpson,1630285,23.05,20-25,78,77,-5.859,-1.836,-4.023,-2.154,-2.476,-3.705,0.64,-4.345,5.231,5.232,7.401,-16.112,4.394,-12.092,8.42,-18.529,10.482,2024-25
Paul Reed,1630194,15.96,15-20,131,131,-7.955,-3.905,-4.05,-2.43,-2.099,-5.525,-1.805,-3.72,5.102,5.1,7.215,-17.954,2.044,-13.901,6.092,-18.192,10.092,2024-25
Alex Fudge,1641788,6.7,5-10,52,56,-5.0,-0.947,-4.053,-2.148,-1.409,-2.853,0.462,-3.315,5.314,5.3,7.513,-15.417,5.416,-11.335,9.442,-18.778,10.671,2024-25
CJ McCollum,203468,32.71,30-35,291,284,-6.981,-2.892,-4.089,-1.731,-2.124,-5.25,-0.768,-4.482,4.869,4.87,6.888,-16.524,2.562,-12.437,6.653,-17.59,9.412,2024-25
Bruce Brown,1628971,25.8,25-30,80,82,-5.134,-0.982,-4.152,-1.9,-1.756,-3.234,0.774,-4.008,5.247,5.243,7.419,-15.417,5.149,-11.258,9.294,-18.693,10.389,2024-25
Anthony Gill,1630264,8.56,5-10,72,73,-5.216,-1.02,-4.195,-2.148,-1.409,-3.068,0.388,-3.457,5.258,5.255,7.433,-15.522,5.09,-11.32,9.28,-18.764,10.373,2024-25
Timmy Allen,1641851,25.09,25-30,109,108,-5.652,-1.263,-4.389,-1.9,-1.756,-3.753,0.493,-4.246,5.154,5.155,7.294,-15.753,4.449,-11.367,8.841,-18.686,9.907,2024-25
Mike Conley,201144,26.87,25-30,174,170,-5.93,-1.492,-4.438,-1.9,-1.756,-4.03,0.264,-4.294,5.069,5.067,7.166,-15.864,4.004,-11.423,8.439,-18.484,9.608,2024-25
Jonathan Kuminga,1630228,25.57,25-30,103,104,-4.652,-0.159,-4.493,-1.9,-1.756,-2.753,1.597,-4.35,5.152,5.152,7.282,-14.751,5.446,-10.258,9.939,-18.765,9.779,2024-25
Malachi Flynn,1630201,12.61,10-15,71,72,-4.615,-0.107,-4.508,-2.203,-1.182,-2.412,1.075,-3.487,5.257,5.255,7.433,-14.919,5.688,-10.407,10.193,-19.077,10.062,2024-25
Nikola Jovic,1631107,22.3,20-25,215,210,-9.133,-4.604,-4.529,-2.154,-2.476,-6.979,-2.128,-4.851,4.988,4.999,7.056,-18.909,0.644,-14.402,5.194,-18.359,9.302,2024-25
Chris Paul,101108,27.31,25-30,135,138,-4.864,-0.187,-4.678,-1.9,-1.756,-2.965,1.569,-4.534,5.09,5.083,7.195,-14.84,5.111,-10.15,9.776,-18.78,9.424,2024-25
Taze Moore,1631386,10.03,10-15,62,63,-5.772,-1.091,-4.681,-2.203,-1.182,-3.569,0.091,-3.66,5.292,5.29,7.488,-16.144,4.6,-11.46,9.277,-19.357,9.996,2024-25
Pete Nance,1631250,7.88,5-10,24,24,-6.782,-1.952,-4.829,-2.148,-1.409,-4.634,-0.543,-4.091,5.429,5.429,7.677,-17.421,3.858,-12.592,8.688,-19.876,10.218,2024-25
Damian Jones,1627745,6.92,5-10,24,24,-6.782,-1.952,-4.829,-2.148,-1.409,-4.634,-0.543,-4.091,5.429,5.429,7.677,-17.421,3.858,-12.592,8.688,-19.876,10.218,2024-25
AJ Lawson,1630639,11.73,10-15,102,102,-7.578,-2.722,-4.856,-2.203,-1.182,-5.375,-1.539,-3.835,5.184,5.182,7.337,-17.738,2.582,-12.878,7.435,-19.237,9.524,2024-25
Amir Coffey,1629599,22.59,20-25,186,188,-6.278,-1.403,-4.875,-2.154,-2.476,-4.124,1.073,-5.197,4.975,4.971,7.029,-16.028,3.472,-11.146,8.341,-18.652,8.901,2024-25
Bruno Fernando,1628981,13.37,10-15,116,120,-5.442,-0.506,-4.936,-2.203,-1.182,-3.239,0.676,-3.915,5.11,5.101,7.221,-15.458,4.574,-10.504,9.492,-19.09,9.217,2024-25
Andre Jackson Jr.,1641748,12.52,10-15,38,38,-5.353,-0.327,-5.025,-2.203,-1.182,-3.149,0.855,-4.004,5.367,5.366,7.589,-15.871,5.166,-10.844,10.19,-19.9,9.85,2024-25
Bones Hyland,1630538,12.77,10-15,61,60,-6.636,-1.448,-5.188,-2.203,-1.182,-4.433,-0.266,-4.167,5.305,5.307,7.504,-17.034,3.762,-11.85,8.953,-19.895,9.519,2024-25
Tristan Thompson,202684,9.85,5-10,21,23,-6.374,-1.169,-5.205,-2.148,-1.409,-4.226,0.24,-4.466,5.434,5.427,7.68,-17.025,4.278,-11.806,9.468,-20.258,9.849,2024-25
Rayan Rupert,1641712,12.01,10-15,135,133,-5.397,-0.182,-5.215,-2.203,-1.182,-3.194,1.001,-4.194,5.109,5.111,7.23,-15.41,4.617,-10.199,9.836,-19.386,8.956,2024-25
Josh Green,1630182,27.14,25-30,131,134,-7.991,-2.663,-5.328,-1.9,-1.756,-6.092,-0.907,-5.185,5.088,5.079,7.192,-17.964,1.982,-12.618,7.293,-19.425,8.768,2024-25
Oshae Brissett,1629052,12.66,10-15,67,66,-7.738,-2.277,-5.461,-2.203,-1.182,-5.535,-1.094,-4.44,5.268,5.271,7.452,-18.064,2.588,-12.608,8.054,-20.068,9.146,2024-25
Patty Mills,201988,12.07,10-15,24,25,-5.417,0.055,-5.472,-2.203,-1.182,-3.213,1.237,-4.451,5.422,5.418,7.665,-16.044,5.21,-10.564,10.674,-20.496,9.553,2024-25
Dalano Banton,1630625,17.91,15-20,159,159,-9.29,-3.809,-5.481,-2.43,-2.099,-6.86,-1.71,-5.15,5.107,5.107,7.223,-19.299,0.719,-13.819,6.2,-19.637,8.676,2024-25
Jonas Valanciunas,202685,21.16,20-25,146,145,-7.457,-1.78,-5.676,-2.154,-2.476,-5.303,0.696,-5.998,5.056,5.059,7.155,-17.366,2.452,-11.696,8.135,-19.7,8.347,2024-25
Karl-Anthony Towns,1626157,33.9,30-35,168,165,-6.532,-0.818,-5.713,-1.731,-2.124,-4.8,1.305,-6.106,5.085,5.085,7.192,-16.499,3.436,-10.785,9.149,-19.809,8.382,2024-25
Bryce McGowens,1631121,12.69,10-15,103,106,-7.137,-1.409,-5.728,-2.203,-1.182,-4.934,-0.227,-4.707,5.168,5.162,7.303,-17.265,2.991,-11.526,8.708,-20.041,8.585,2024-25
Brandon Williams,1630314,12.0,10-15,100,104,-6.338,-0.555,-5.783,-2.203,-1.182,-4.135,0.628,-4.763,5.188,5.179,7.338,-16.508,3.831,-10.706,9.596,-20.165,8.598,2024-25
Duop Reath,1641871,14.77,10-15,91,94,-6.14,-0.028,-6.112,-2.203,-1.182,-3.936,1.155,-5.091,5.21,5.205,7.364,-16.351,4.072,-10.23,10.175,-20.546,8.322,2024-25
Donte DiVincenzo,1628978,27.74,25-30,219,217,-4.908,1.215,-6.122,-1.9,-1.756,-3.008,2.971,-5.979,5.031,5.033,7.122,-14.768,4.953,-8.649,11.079,-20.081,7.836,2024-25
Emoni Bates,1641734,8.3,5-10,58,58,-6.905,-0.544,-6.361,-2.148,-1.409,-4.757,0.865,-5.622,5.322,5.322,7.526,-17.336,3.526,-10.975,9.888,-21.112,8.39,2024-25
Olivier-Maxence Prosper,1641765,10.0,10-15,141,141,-7.544,-1.163,-6.381,-2.203,-1.182,-5.341,0.019,-5.36,5.116,5.114,7.242,-17.572,2.484,-11.187,8.86,-20.574,7.813,2024-25
Brandon Ingram,1627742,32.9,30-35,171,174,-7.116,-0.712,-6.404,-1.731,-2.124,-5.385,1.412,-6.796,5.016,5.012,7.099,-16.948,2.716,-10.536,9.112,-20.318,7.511,2024-25
Tim Hardaway Jr.,203501,27.39,25-30,107,110,-6.464,0.017,-6.481,-1.9,-1.756,-4.564,1.773,-6.337,5.129,5.121,7.246,-16.517,3.589,-10.019,10.053,-20.682,7.721,2024-25
Justin Minaya,1631303,9.09,5-10,134,137,-7.797,-1.254,-6.543,-2.148,-1.409,-5.65,0.155,-5.804,5.131,5.126,7.254,-17.853,2.259,-11.302,8.794,-20.76,7.674,2024-25
Kyle Anderson,203937,19.89,15-20,74,75,-8.277,-1.65,-6.628,-2.43,-2.099,-5.848,0.45,-6.297,5.23,5.227,7.396,-18.528,1.973,-11.895,8.595,-21.123,7.868,2024-25
Jaden Hardy,1630702,14.59,10-15,125,125,-9.024,-2.258,-6.766,-2.203,-1.182,-6.82,-1.075,-5.745,5.153,5.154,7.294,-19.123,1.075,-12.359,7.844,-21.063,7.53,2024-25
Andrew Wiggins,203952,28.72,25-30,168,170,-5.644,1.155,-6.798,-1.9,-1.756,-3.744,2.911,-6.655,5.051,5.048,7.144,-15.545,4.257,-8.739,11.049,-20.801,7.204,2024-25
Mason Plumlee,203486,16.45,15-20,107,105,-7.13,-0.115,-7.015,-2.43,-2.099,-4.7,1.984,-6.685,5.138,5.143,7.268,-17.199,2.94,-10.195,9.965,-21.26,7.23,2024-25
Dwight Powell,203939,11.76,10-15,96,99,-6.992,0.655,-7.647,-2.203,-1.182,-4.789,1.837,-6.626,5.199,5.192,7.353,-17.182,3.198,-9.521,10.83,-22.058,6.765,2024-25
