Name,Off,Def,Rapm,Season
LeBron James,5.1244275383494,-3.66365152980415,8.78807906815355,2009-2010-2011-2012-2013
Chris Paul,5.27261220033884,-1.7121656092196,6.98477780955844,2009-2010-2011-2012-2013
Kevin Garnett,0.29978645749083,-5.8764798356074195,6.17626629309825,2009-2010-2011-2012-2013
Dirk Nowitzki,3.88403478009869,-1.7958459869279801,5.6798807670266696,2009-2010-2011-2012-2013
Paul Millsap,3.39898772573599,-2.13799885175905,5.53698657749504,2009-2010-2011-2012-2013
Amir Johnson,2.69452853199783,-2.8235949484629397,5.51812348046077,2009-2010-2011-2012-2013
Dwyane Wade,5.19264585482629,0.24830767924336,4.9443381755829305,2009-2010-2011-2012-2013
Matt Bonner,3.7939687518603797,-1.06405424924827,4.858023001108649,2009-2010-2011-2012-2013
Vince Carter,2.77537682686496,-2.06036297824751,4.835739805112469,2009-2010-2011-2012-2013
Ömer Aşik,1.88344443283117,-2.9170854438838703,4.80052987671504,2009-2010-2011-2012-2013
Mike Conley,3.3369944892886796,-1.3640653955492001,4.70105988483788,2009-2010-2011-2012-2013
Paul Pierce,2.64233209366255,-2.03398462510096,4.67631671876351,2009-2010-2011-2012-2013
LaMarcus Aldridge,2.77890624798882,-1.83649377603913,4.61540002402795,2009-2010-2011-2012-2013
Joe Johnson,4.387455256558661,-0.22493010415756,4.61238536071622,2009-2010-2011-2012-2013
Lamar Odom,1.67750490558447,-2.85005129558058,4.5275562011650505,2009-2010-2011-2012-2013
Anderson Varejao,2.67729455714618,-1.8039603749507902,4.48125493209697,2009-2010-2011-2012-2013
Nene,1.7424618485771,-2.69134988826903,4.43381173684613,2009-2010-2011-2012-2013
Steve Nash,4.80514988576624,0.52280813532036,4.282341750445879,2009-2010-2011-2012-2013
Derek Fisher,2.9867623484400903,-1.2473315119333601,4.23409386037345,2009-2010-2011-2012-2013
Manu Ginobili,3.5985191765492,-0.62608930486614,4.22460848141534,2009-2010-2011-2012-2013
Andre Iguodala,1.17888890120733,-3.01890317101783,4.19779207222516,2009-2010-2011-2012-2013
Tim Duncan,1.19476375654197,-2.9245879880186303,4.1193517445606,2009-2010-2011-2012-2013
Nick Collison,1.85589922540748,-2.2080459464998903,4.06394517190737,2009-2010-2011-2012-2013
Danny Granger,3.4774959940086303,-0.44203855979988005,3.9195345538085102,2009-2010-2011-2012-2013
Tony Parker,2.36490556245784,-1.53475325669859,3.8996588191564303,2009-2010-2011-2012-2013
Yao Ming,2.12296498084413,-1.76388454355833,3.8868495244024595,2009-2010-2011-2012-2013
Kyle Lowry,1.93148025130354,-1.79035869875061,3.72183895005415,2009-2010-2011-2012-2013
Brandon Roy,4.23043268543631,0.51943465995869,3.71099802547762,2009-2010-2011-2012-2013
Andrew Bogut,-0.57102145534183,-4.207247040975861,3.63622558563403,2009-2010-2011-2012-2013
Paul George,0.19661047592116002,-3.4255299738518,3.62214044977296,2009-2010-2011-2012-2013
Andre Miller,3.15469862417461,-0.44477990860114,3.59947853277575,2009-2010-2011-2012-2013
Jameer Nelson,2.91104481861214,-0.65274112427742,3.56378594288956,2009-2010-2011-2012-2013
Thabo Sefolosha,0.69535023811129,-2.86720247801401,3.5625527161253,2009-2010-2011-2012-2013
Josh Smith,0.71075477857363,-2.84046540396182,3.55122018253545,2009-2010-2011-2012-2013
Pablo Prigioni,2.5093836761477797,-0.95218489724045,3.4615685733882295,2009-2010-2011-2012-2013
Ekpe Udoh,0.37945864972179,-3.02926337669844,3.40872202642023,2009-2010-2011-2012-2013
Dwight Howard,-0.016461283259899998,-3.40593969184189,3.3894784085819905,2009-2010-2011-2012-2013
Jason Kidd,2.00492095765147,-1.35385544664424,3.3587764042957104,2009-2010-2011-2012-2013
George Hill,1.78667164205895,-1.5262552308463602,3.31292687290531,2009-2010-2011-2012-2013
Blake Griffin,2.36656024615406,-0.9399839303613899,3.3065441765154495,2009-2010-2011-2012-2013
Luol Deng,0.041085130263049996,-3.22152320794291,3.26260833820596,2009-2010-2011-2012-2013
Tiago Splitter,1.1564823732075,-2.06193283935028,3.21841521255778,2009-2010-2011-2012-2013
DeMarre Carroll,1.47826590663018,-1.73012441830215,3.20839032493233,2009-2010-2011-2012-2013
James Harden,3.95850052716245,0.77105681628449,3.18744371087796,2009-2010-2011-2012-2013
Stephen Curry,2.82592834649114,-0.25051495147244,3.0764432979635803,2009-2010-2011-2012-2013
Pau Gasol,2.44438695045403,-0.62175675490526,3.06614370535929,2009-2010-2011-2012-2013
Tyson Chandler,0.42197911081551,-2.54883374242597,2.97081285324148,2009-2010-2011-2012-2013
Kevin Durant,2.64750574151362,-0.32037170769071,2.96787744920433,2009-2010-2011-2012-2013
Marc Gasol,0.55720779504428,-2.41059031079356,2.96779810583784,2009-2010-2011-2012-2013
Kyle Korver,1.56263650971756,-1.3953110361707899,2.95794754588835,2009-2010-2011-2012-2013
Thaddeus Young,1.7938069814715099,-1.1618053213886899,2.9556123028602,2009-2010-2011-2012-2013
Danilo Gallinari,2.03156179410004,-0.86456109223345,2.8961228863334902,2009-2010-2011-2012-2013
JR Smith,2.54950037102203,-0.3055708564786,2.85507122750063,2009-2010-2011-2012-2013
Taj Gibson,-0.27447048806362,-3.1119012983305603,2.83743081026694,2009-2010-2011-2012-2013
Derrick Rose,4.02477874520989,1.20720971497682,2.81756903023307,2009-2010-2011-2012-2013
Jeff Foster,1.41710816137122,-1.35396755768353,2.7710757190547497,2009-2010-2011-2012-2013
Mike Dunleavy,1.27275218301989,-1.41492629477406,2.6876784777939497,2009-2010-2011-2012-2013
Metta World Peace,0.14937031524418998,-2.49925125826412,2.64862157350831,2009-2010-2011-2012-2013
Luc Mbah a Moute,-0.40978433115219,-3.05715447282426,2.64737014167207,2009-2010-2011-2012-2013
Hedo Turkoglu,2.46217629708195,-0.16458232099938,2.6267586180813303,2009-2010-2011-2012-2013
Zydrunas Ilgauskas,2.0173397012003402,-0.59895636844098,2.61629606964132,2009-2010-2011-2012-2013
Caron Butler,2.27532772572938,-0.34044005454317,2.61576778027255,2009-2010-2011-2012-2013
Chris Andersen,0.87086403808025,-1.7392960938745001,2.6101601319547503,2009-2010-2011-2012-2013
Kendrick Perkins,0.8330197619221,-1.76175308053085,2.59477284245295,2009-2010-2011-2012-2013
Shane Battier,1.7038908310901502,-0.88423286620155,2.5881236972917,2009-2010-2011-2012-2013
Tony Allen,-1.5069679677475099,-4.09308869728494,2.5861207295374298,2009-2010-2011-2012-2013
Gerald Wallace,-0.44784279605265,-3.0325596864535598,2.58471689040091,2009-2010-2011-2012-2013
Ryan Anderson,2.74194598864815,0.17005174318597,2.57189424546218,2009-2010-2011-2012-2013
Ersan Ilyasova,2.545683782377,-0.0014426138338725111,2.5471263962108726,2009-2010-2011-2012-2013
Chase Budinger,1.6215413889411001,-0.86736561280125,2.48890700174235,2009-2010-2011-2012-2013
Kyrylo Fesenko,0.54475246832525,-1.86599728777792,2.41074975610317,2009-2010-2011-2012-2013
Al Horford,2.47515445352489,0.09571046890783,2.37944398461706,2009-2010-2011-2012-2013
Joakim Noah,0.24348760465274,-2.08425900135882,2.32774660601156,2009-2010-2011-2012-2013
Raymond Felton,2.99653827932547,0.67308012649579,2.32345815282968,2009-2010-2011-2012-2013
Brandan Wright,0.9940091446630901,-1.3053931430322498,2.29940228769534,2009-2010-2011-2012-2013
Ty Lawson,2.5345930047964997,0.29997464516156,2.23461835963494,2009-2010-2011-2012-2013
Shaquille O'Neal,2.68445158746846,0.47954097141966,2.2049106160487995,2009-2010-2011-2012-2013
Ricky Rubio,0.17140806517286,-2.01237751092448,2.1837855760973404,2009-2010-2011-2012-2013
Jared Dudley,0.99708221256356,-1.1852806947583099,2.18236290732187,2009-2010-2011-2012-2013
Carmelo Anthony,3.5702830584864396,1.39617079417161,2.17411226431483,2009-2010-2011-2012-2013
Chris Bosh,2.10290775216723,-0.06254932584514,2.16545707801237,2009-2010-2011-2012-2013
Andrew Bynum,-0.12783447032416,-2.2785174363394702,2.15068296601531,2009-2010-2011-2012-2013
Jamaal Magloire,0.52599071708699,-1.61803381491465,2.14402453200164,2009-2010-2011-2012-2013
Zach Randolph,2.1439000115706803,0.0140121932841,2.1298878182865804,2009-2010-2011-2012-2013
Danny Green,0.52956160407662,-1.59295992224661,2.1225215263232298,2009-2010-2011-2012-2013
Deron Williams,3.7141918258498303,1.6267265589521198,2.0874652668977105,2009-2010-2011-2012-2013
Reggie Jackson,-0.3494501826867,-2.37763749410033,2.02818731141363,2009-2010-2011-2012-2013
Lance Stephenson,1.57674575340493,-0.45041597281594,2.0271617262208697,2009-2010-2011-2012-2013
Roy Hibbert,0.5078934011088599,-1.5033459898047699,2.01123939091363,2009-2010-2011-2012-2013
Damian Lillard,2.19153973266803,0.21928846916004002,1.9722512635079898,2009-2010-2011-2012-2013
Baron Davis,2.1648217504378,0.25048342578972,1.9143383246480798,2009-2010-2011-2012-2013
Russell Westbrook,2.40819278678258,0.51905449375479,1.8891382930277902,2009-2010-2011-2012-2013
Ben Wallace,-0.6700242763213601,-2.5469027183307302,1.87687844200937,2009-2010-2011-2012-2013
Landry Fields,0.77714741137341,-1.09828542065711,1.87543283203052,2009-2010-2011-2012-2013
Luke Walton,1.15019254868049,-0.7136827349579999,1.86387528363849,2009-2010-2011-2012-2013
Jodie Meeks,1.33069516154654,-0.49909904251748,1.82979420406402,2009-2010-2011-2012-2013
Channing Frye,2.63035147940372,0.81620209403711,1.8141493853666102,2009-2010-2011-2012-2013
Chauncey Billups,3.08816122743821,1.27584855118229,1.81231267625592,2009-2010-2011-2012-2013
Carlos Delfino,1.39785590426318,-0.41361125244452995,1.8114671567077099,2009-2010-2011-2012-2013
Kawhi Leonard,1.33021886198259,-0.4564170918741,1.78663595385669,2009-2010-2011-2012-2013
Kenyon Martin,-0.28887119806515,-2.07051030192935,1.7816391038642,2009-2010-2011-2012-2013
Antonio McDyess,1.15810222862409,-0.60156250049442,1.7596647291185101,2009-2010-2011-2012-2013
Matt Barnes,1.27973170202578,-0.47812655430317,1.75785825632895,2009-2010-2011-2012-2013
Hamed Haddadi,-0.29171237551954,-2.00608073805715,1.71436836253761,2009-2010-2011-2012-2013
James Anderson,1.2044432572193,-0.48504022680947,1.6894834840287702,2009-2010-2011-2012-2013
Peja Stojakovic,2.6483232821232603,0.97741987724353,1.6709034048797304,2009-2010-2011-2012-2013
Jimmy Butler,0.69852382105816,-0.95659046541496,1.65511428647312,2009-2010-2011-2012-2013
Chuck Hayes,0.84511424105541,-0.80340384948751,1.64851809054292,2009-2010-2011-2012-2013
Ime Udoka,0.16859465883468,-1.4670163570834198,1.6356110159180999,2009-2010-2011-2012-2013
Kevin Love,1.66453950236811,0.06030874820514,1.60423075416297,2009-2010-2011-2012-2013
James Jones,0.60632001297475,-0.9939769135731901,1.60029692654794,2009-2010-2011-2012-2013
Quincy Pondexter,-0.7048825272436,-2.30387722431409,1.59899469707049,2009-2010-2011-2012-2013
Ronny Turiaf,0.08341067276048,-1.50929809640412,1.5927087691646,2009-2010-2011-2012-2013
Jason Williams,1.9952153808691302,0.40289484811670007,1.5923205327524301,2009-2010-2011-2012-2013
Jrue Holiday,0.79134514289666,-0.7917461877012999,1.5830913305979597,2009-2010-2011-2012-2013
Isaiah Thomas,2.17849218174369,0.61296208682375,1.5655300949199404,2009-2010-2011-2012-2013
Anthony Parker,0.38413519377383,-1.18001611351664,1.5641513072904698,2009-2010-2011-2012-2013
Eric Maynor,0.82798878647952,-0.73337977065241,1.56136855713193,2009-2010-2011-2012-2013
Jason Richardson,2.09027744187194,0.56700273418911,1.52327470768283,2009-2010-2011-2012-2013
Chandler Parsons,0.35520271527360003,-1.159716198144,1.5149189134176,2009-2010-2011-2012-2013
Larry Sanders,-1.7060102071050303,-3.2120906432239202,1.50608043611889,2009-2010-2011-2012-2013
Serge Ibaka,-0.51080658469272,-2.00827812375466,1.4974715390619402,2009-2010-2011-2012-2013
David West,1.7545765601081402,0.25975139841359,1.49482516169455,2009-2010-2011-2012-2013
Rasheed Wallace,0.65762522381392,-0.83177347808659,1.4893987019005102,2009-2010-2011-2012-2013
Mario Chalmers,0.51855139688288,-0.95799649766919,1.4765478945520703,2009-2010-2011-2012-2013
Evan Fournier,1.16323757460732,-0.31114270851345,1.47438028312077,2009-2010-2011-2012-2013
Ray Allen,2.54268242403925,1.09602845720986,1.44665396682939,2009-2010-2011-2012-2013
JJ Redick,2.20406820581913,0.7711449805498599,1.43292322526927,2009-2010-2011-2012-2013
Flip Murray,1.17953544619337,-0.23097578253394002,1.41051122872731,2009-2010-2011-2012-2013
Anthony Johnson,0.68075189130065,-0.7226956347287901,1.40344752602944,2009-2010-2011-2012-2013
Vladimir Radmanovic,0.50139844380884,-0.8996043476096,1.40100279141844,2009-2010-2011-2012-2013
Klay Thompson,0.68559852732157,-0.71448897895069,1.4000875062722602,2009-2010-2011-2012-2013
CJ Miles,1.27132654496781,-0.1096006099219,1.38092715488971,2009-2010-2011-2012-2013
Greivis Vasquez,2.22473996981511,0.85651045615815,1.36822951365696,2009-2010-2011-2012-2013
Anthony Tolliver,0.87357874673863,-0.48435571062914,1.3579344573677699,2009-2010-2011-2012-2013
Rashard Lewis,0.84103869646362,-0.49255828577413,1.3335969822377498,2009-2010-2011-2012-2013
Othyus Jeffers,1.3927613684140998,0.11107480962961,1.28168655878449,2009-2010-2011-2012-2013
Kevin Jones,0.79559562348502,-0.47465684968848004,1.2702524731735,2009-2010-2011-2012-2013
Josh Harrellson,-0.76730896822477,-2.01667197474693,1.2493630065221601,2009-2010-2011-2012-2013
Alec Burks,0.8118103105462101,-0.43415993228528,1.24597024283149,2009-2010-2011-2012-2013
Trevor Ariza,-0.22764590702794998,-1.47181536529999,1.24416945827204,2009-2010-2011-2012-2013
Andrei Kirilenko,0.12760752119063,-1.1039979370664499,1.23160545825708,2009-2010-2011-2012-2013
Kevin Martin,3.53174441691504,2.3066674602790798,1.22507695663596,2009-2010-2011-2012-2013
Jared Sullinger,-0.12295934209734,-1.3215391420337201,1.19857979993638,2009-2010-2011-2012-2013
Ronnie Brewer,-0.05517910183382,-1.2423471353475202,1.1871680335137,2009-2010-2011-2012-2013
Wally Szczerbiak,0.86259010415165,-0.29966960354158,1.1622597076932302,2009-2010-2011-2012-2013
Jared Jeffries,-0.17319866620985,-1.32422564014452,1.1510269739346701,2009-2010-2011-2012-2013
Kobe Bryant,2.45731851740502,1.32207249863707,1.1352460187679498,2009-2010-2011-2012-2013
Chris Singleton,-0.33277869354562,-1.45811080296387,1.12533210941825,2009-2010-2011-2012-2013
Quentin Richardson,0.31057745112549,-0.80300538150265,1.11358283262814,2009-2010-2011-2012-2013
Rafer Alston,0.09809299503916,-1.00394719537315,1.10204019041231,2009-2010-2011-2012-2013
Daequan Cook,0.13980273060745,-0.94499777433916,1.08480050494661,2009-2010-2011-2012-2013
Jamaal Tinsley,0.40367101046653,-0.6797788066221799,1.08344981708871,2009-2010-2011-2012-2013
Josh Howard,0.31541193404951,-0.73075375614554,1.04616569019505,2009-2010-2011-2012-2013
Jermaine O'Neal,-0.60021391885431,-1.6427586667779,1.04254474792359,2009-2010-2011-2012-2013
Greg Smith,1.8564810065549602,0.81937731721719,1.03710368933777,2009-2010-2011-2012-2013
Patrick Beverley,0.54477710112533,-0.48181961717410005,1.0265967182994302,2009-2010-2011-2012-2013
Kosta Koufos,0.62442489186211,-0.39576312323835,1.02018801510046,2009-2010-2011-2012-2013
Anthony Morrow,2.18659257132986,1.19906613412514,0.9875264372047199,2009-2010-2011-2012-2013
Marko Jaric,-0.14556039687605998,-1.13152014005628,0.9859597431802201,2009-2010-2011-2012-2013
Greg Oden,1.85959078544975,0.8747924539711001,0.9847983314786498,2009-2010-2011-2012-2013
Mike Scott,1.05861993575055,0.09456531176536001,0.96405462398519,2009-2010-2011-2012-2013
J.J. Barea,1.08872624462841,0.13900616995367,0.9497200746747401,2009-2010-2011-2012-2013
Wilson Chandler,0.35181625887252,-0.58774533816473,0.9395615970372501,2009-2010-2011-2012-2013
Nikola Pekovic,0.9770509610773701,0.041996367503430006,0.93505459357394,2009-2010-2011-2012-2013
Jamal Crawford,2.6101495820494502,1.69924601730674,0.91090356474271,2009-2010-2011-2012-2013
Grant Hill,0.9427900999960499,0.03594184685523,0.90684825314082,2009-2010-2011-2012-2013
Kyle Singler,-0.56234538071178,-1.44816990367569,0.88582452296391,2009-2010-2011-2012-2013
Cartier Martin,0.46182408831942,-0.4155152226698,0.87733931098922,2009-2010-2011-2012-2013
Stephen Jackson,1.12535639243632,0.26001935250853003,0.86533703992779,2009-2010-2011-2012-2013
Rudy Fernandez,0.24199422189167,-0.62309594227818,0.8650901641698501,2009-2010-2011-2012-2013
Willie Warren,0.28668203180129,-0.55658409960818,0.8432661314094699,2009-2010-2011-2012-2013
Gordon Hayward,1.2243370926096,0.39667487556432995,0.8276622170452701,2009-2010-2011-2012-2013
Charlie Bell,0.0124011123206,-0.8081701286368599,0.8205712409574598,2009-2010-2011-2012-2013
Al-Farouq Aminu,-0.61174727817029,-1.43208710836214,0.8203398301918501,2009-2010-2011-2012-2013
Renaldo Balkman,0.3006045436704,-0.51665656791101,0.8172611115814101,2009-2010-2011-2012-2013
Jae Crowder,0.1279253859804,-0.6885691679810899,0.81649455396149,2009-2010-2011-2012-2013
Kenny Thomas,0.91963231621038,0.12803690072481,0.79159541548557,2009-2010-2011-2012-2013
Garrett Temple,-0.44386318902599997,-1.20739026358299,0.7635270745569901,2009-2010-2011-2012-2013
Luis Scola,0.24427521567994998,-0.48837351606350005,0.73264873174345,2009-2010-2011-2012-2013
Delonte West,-1.07834931024906,-1.80984900772204,0.7314996974729799,2009-2010-2011-2012-2013
David Lee,2.9357439726255,2.20989093537176,0.72585303725374,2009-2010-2011-2012-2013
Jon Brockman,0.6347194229099901,-0.08989328055438,0.72461270346437,2009-2010-2011-2012-2013
Tracy McGrady,-0.24618456614832998,-0.9649991450818,0.71881457893347,2009-2010-2011-2012-2013
Elton Brand,-0.06589469558069,-0.7799518071093999,0.71405711152871,2009-2010-2011-2012-2013
Marcus Camby,-1.13906562085861,-1.85170283141932,0.71263721056071,2009-2010-2011-2012-2013
Gilbert Arenas,0.51950978101607,-0.19282641565488,0.7123361966709499,2009-2010-2011-2012-2013
Leon Powe,0.43232142107913996,-0.26963813885129,0.70195955993043,2009-2010-2011-2012-2013
Boris Diaw,-0.15121673621978,-0.8520955746735399,0.70087883845376,2009-2010-2011-2012-2013
Tayshaun Prince,1.2524603491967201,0.56735867248172,0.685101676715,2009-2010-2011-2012-2013
Mike Miller,1.66705853882963,0.9904117137517701,0.6766468250778599,2009-2010-2011-2012-2013
Perry Jones III,0.31925985579203,-0.35127860284203,0.6705384586340599,2009-2010-2011-2012-2013
Julian Wright,-0.09727407192529,-0.7481542107633801,0.65088013883809,2009-2010-2011-2012-2013
Travis Diener,0.8546370096811501,0.20398631746608,0.6506506922150701,2009-2010-2011-2012-2013
Eddie House,0.09604881014259001,-0.55420034754444,0.6502491576870301,2009-2010-2011-2012-2013
Martell Webster,1.02151052931656,0.37738379842332,0.6441267308932399,2009-2010-2011-2012-2013
Donyell Marshall,0.77987033403232,0.15608582128189,0.62378451275043,2009-2010-2011-2012-2013
Joey Dorsey,-0.25687945905424,-0.87414975764552,0.61727029859128,2009-2010-2011-2012-2013
Jake Voskuhl,0.40289326215823,-0.21096089194742998,0.6138541541056599,2009-2010-2011-2012-2013
Shavlik Randolph,1.04631695974489,0.43386596764086,0.6124509921040301,2009-2010-2011-2012-2013
Tobias Harris,0.16724395085749,-0.43372471149027997,0.60096866234777,2009-2010-2011-2012-2013
Devin Harris,1.37831788709993,0.77952208621141,0.59879580088852,2009-2010-2011-2012-2013
Al Harrington,1.27472312128257,0.6759312873887799,0.59879183389379,2009-2010-2011-2012-2013
Kenneth Faried,1.6802583268333,1.0971584350508201,0.5830998917824801,2009-2010-2011-2012-2013
Mike James,0.1705137703864,-0.40318790304998003,0.57370167343638,2009-2010-2011-2012-2013
Corey Brewer,-0.14683364049344,-0.7014057137336,0.55457207324016,2009-2010-2011-2012-2013
Orlando Johnson,-0.09316959399057,-0.6455343593146,0.55236476532403,2009-2010-2011-2012-2013
Shaun Livingston,-0.57142058262415,-1.1169824101559,0.5455618275317501,2009-2010-2011-2012-2013
Marcin Gortat,-0.60630873289788,-1.14555713643145,0.53924840353357,2009-2010-2011-2012-2013
Jason Terry,0.75435156184651,0.21892240607276997,0.5354291557737401,2009-2010-2011-2012-2013
Antoine Wright,1.8524232388440203,1.31787945838961,0.5345437804544101,2009-2010-2011-2012-2013
Malcolm Thomas,0.41492181835242,-0.11500442033253999,0.52992623868496,2009-2010-2011-2012-2013
Gustavo Ayon,0.19123442710392,-0.33203115528379,0.5232655823877099,2009-2010-2011-2012-2013
Jeff Ayres,0.8062623406838301,0.29072207381352,0.5155402668703101,2009-2010-2011-2012-2013
Jordan Williams,0.63828098657782,0.1346859175345,0.50359506904332,2009-2010-2011-2012-2013
Rajon Rondo,0.3884294970161,-0.10965374738501,0.49808324440110996,2009-2010-2011-2012-2013
DJ Mbenga,-1.23739655909011,-1.7284228694574097,0.4910263103672999,2009-2010-2011-2012-2013
John Salmons,0.0926409584411,-0.38523896547051,0.47787992391160994,2009-2010-2011-2012-2013
Walter Herrmann,0.43269849072743993,-0.04152339968409,0.47422189041152996,2009-2010-2011-2012-2013
Brent Barry,0.06707376284374,-0.40292012026932006,0.46999388311306006,2009-2010-2011-2012-2013
Lester Hudson,-0.06851030451687999,-0.5310587359630901,0.46254843144620994,2009-2010-2011-2012-2013
Mardy Collins,-0.27202041376425,-0.7206467279538,0.44862631418954996,2009-2010-2011-2012-2013
Andre Drummond,0.59977436667041,0.15729134917267,0.44248301749774,2009-2010-2011-2012-2013
Sebastian Telfair,0.24529983371354,-0.19005896065369998,0.43535879436723995,2009-2010-2011-2012-2013
Rodney Stuckey,1.5410409665585398,1.10986373528057,0.43117723127797,2009-2010-2011-2012-2013
David Andersen,0.32323662278683,-0.0787978968547,0.40203451964153003,2009-2010-2011-2012-2013
Jeremy Lin,0.6823770818325801,0.28173054350069,0.40064653833189,2009-2010-2011-2012-2013
Steve Blake,0.13440168500936,-0.26234528769413,0.3967469727034901,2009-2010-2011-2012-2013
Erick Dampier,-0.037370457935200004,-0.42692857177087995,0.38955811383568,2009-2010-2011-2012-2013
Von Wafer,-0.86743851214628,-1.25697533422003,0.38953682207375007,2009-2010-2011-2012-2013
Quincy Acy,0.1951142165811,-0.19435319875341,0.38946741533451,2009-2010-2011-2012-2013
Brendan Haywood,-1.13189590895759,-1.50537572667659,0.37347981771899996,2009-2010-2011-2012-2013
Courtney Lee,1.37464475524732,1.00960189016406,0.36504286508325984,2009-2010-2011-2012-2013
Tarence Kinsey,0.31740618095389,-0.02437509186321,0.3417812728171,2009-2010-2011-2012-2013
Jamario Moon,0.39572703511613005,0.06137066003742,0.33435637507871,2009-2010-2011-2012-2013
Richard Jefferson,0.19174310554262,-0.13759217366294,0.32933527920556,2009-2010-2011-2012-2013
Malcolm Lee,-0.73428237543287,-1.0486805805851,0.31439820515223005,2009-2010-2011-2012-2013
Eric Bledsoe,-1.24978395849291,-1.56353387350745,0.31374991501453997,2009-2010-2011-2012-2013
Keith Bogans,0.28944347253986,-0.02313442353188,0.31257789607174,2009-2010-2011-2012-2013
Nicolas Batum,1.27177743130298,0.98373021552176,0.28804721578121995,2009-2010-2011-2012-2013
Lavoy Allen,-1.4237250977340699,-1.7098459023408699,0.2861208046067999,2009-2010-2011-2012-2013
Mickael Pietrus,-0.65778906060998,-0.94154427155384,0.2837552109438601,2009-2010-2011-2012-2013
Henry Walker,-0.85603627857621,-1.12733631585926,0.2713000372830501,2009-2010-2011-2012-2013
Lorenzen Wright,0.003627714611752606,-0.25634447067168,0.2599721852834326,2009-2010-2011-2012-2013
Jeff Adrien,-0.23069753245648,-0.48511085092207,0.25441331846559,2009-2010-2011-2012-2013
Alexey Shved,-0.71730662771663,-0.96854212848163,0.25123550076500006,2009-2010-2011-2012-2013
Toney Douglas,1.25189460616247,1.00306413295242,0.24883047321005003,2009-2010-2011-2012-2013
Khris Middleton,1.02996607502953,0.78356863147545,0.24639744355408003,2009-2010-2011-2012-2013
Rudy Gay,0.36468389916373,0.11936565553869001,0.24531824362503998,2009-2010-2011-2012-2013
AJ Price,-0.44628357304242006,-0.68982886061384,0.24354528757141994,2009-2010-2011-2012-2013
DeAndre Liggins,-0.02886883455586,-0.25992356205555,0.23105472749968997,2009-2010-2011-2012-2013
Othello Hunter,0.22955918299497002,5.532603145189376e-06,0.22955365039182482,2009-2010-2011-2012-2013
Evan Turner,-0.88299556347549,-1.09791150972964,0.21491594625414995,2009-2010-2011-2012-2013
Jerome Dyson,0.12771553732305999,-0.08665759483046,0.21437313215351997,2009-2010-2011-2012-2013
Damion James,-1.00257596297944,-1.21466034790536,0.21208438492592002,2009-2010-2011-2012-2013
Cedric Jackson,0.06410466729456,-0.14650755037615001,0.21061221767071,2009-2010-2011-2012-2013
P.J. Tucker,0.04536030898296,-0.14589878684127,0.19125909582423,2009-2010-2011-2012-2013
Bradley Beal,-0.78558484424402,-0.9671431730764299,0.18155832883240997,2009-2010-2011-2012-2013
DeMarcus Cousins,0.72192758517625,0.544660592252,0.17726699292425,2009-2010-2011-2012-2013
Brad Miller,0.99597987570921,0.82392700346108,0.17205287224812993,2009-2010-2011-2012-2013
Jeremy Lamb,0.24986002664872,0.08212874953655999,0.16773127711216,2009-2010-2011-2012-2013
Tim Thomas,0.19826411520662998,0.03831733282516,0.15994678238146998,2009-2010-2011-2012-2013
Dexter Pittman,-0.41455311643180004,-0.5699953607143801,0.15544224428258002,2009-2010-2011-2012-2013
John Lucas III,0.14522718054237,-0.009408239392249544,0.15463541993461954,2009-2010-2011-2012-2013
C.J. Watson,-0.21154021190602,-0.34772560178323003,0.13618538987721002,2009-2010-2011-2012-2013
Carldell Johnson,-0.09868929615314,-0.23209773178849,0.13340843563535001,2009-2010-2011-2012-2013
Keith Benson,0.05430984169064,-0.07603956882744001,0.13034941051808,2009-2010-2011-2012-2013
Dion Waiters,2.27485290498568,2.14633791609753,0.12851498888814988,2009-2010-2011-2012-2013
Jeff Foote,0.0024192824246293044,-0.1256903332343,0.1281096156589293,2009-2010-2011-2012-2013
Marquis Daniels,-1.2153537109449,-1.34073229869118,0.12537858774628008,2009-2010-2011-2012-2013
Mickell Gladness,-0.20990027041827,-0.32902301268396,0.11912274226568999,2009-2010-2011-2012-2013
DeAndre Jordan,0.96491188117626,0.84899235260008,0.11591952857617996,2009-2010-2011-2012-2013
Randolph Morris,0.19806065743272003,0.08244262695999,0.11561803047273002,2009-2010-2011-2012-2013
Beno Udrih,0.5303346750999299,0.41623910447785,0.11409557062207996,2009-2010-2011-2012-2013
Kelenna Azubuike,0.79320575974459,0.68181151822508,0.11139424151950994,2009-2010-2011-2012-2013
Jason Thompson,1.44199119234428,1.34105692135299,0.1009342709912901,2009-2010-2011-2012-2013
Alexis Ajinca,-0.17790460299665,-0.27815626334974,0.10025166035309,2009-2010-2011-2012-2013
Joel Przybilla,-1.15911236749724,-1.25432506356248,0.09521269606524008,2009-2010-2011-2012-2013
Melvin Ely,0.30804601363757,0.21536205919959,0.09268395443798,2009-2010-2011-2012-2013
Lou Williams,0.60711747846044,0.51461063941844,0.09250683904200004,2009-2010-2011-2012-2013
Luke Ridnour,1.00885633561592,0.91708417975567,0.09177215586024992,2009-2010-2011-2012-2013
Justin Holiday,-0.09424910876036,-0.18243946989111,0.08819036113075,2009-2010-2011-2012-2013
Primoz Brezec,0.1806373246278,0.10844611840669001,0.07219120622110999,2009-2010-2011-2012-2013
Dontell Jefferson,-0.04681209320594,-0.10893276301393001,0.06212066980799001,2009-2010-2011-2012-2013
Josh Akognon,0.07264006705246,0.01436489286051,0.05827517419195001,2009-2010-2011-2012-2013
Andy Rautins,-0.004288656150892873,-0.05464170655275,0.05035305040185712,2009-2010-2011-2012-2013
Garret Siler,-0.01583588094488,-0.060824945118269996,0.04498906417338999,2009-2010-2011-2012-2013
Wesley Matthews,0.42038865662655,0.37886252814251997,0.041526128484030034,2009-2010-2011-2012-2013
Dwayne Jones,0.02764005961407,-0.01047507411745,0.03811513373152,2009-2010-2011-2012-2013
Tony Battie,-1.9241822922657799,-1.9596097704375,0.035427478171719956,2009-2010-2011-2012-2013
Jeremy Richardson,-0.003020987716461917,-0.03542790213953,0.03240691442306808,2009-2010-2011-2012-2013
Adonal Foyle,-0.06602162678503,-0.09733736581378001,0.031315739028750005,2009-2010-2011-2012-2013
Desmon Farmer,0.11341886144418,0.08301261474606,0.030406246698119994,2009-2010-2011-2012-2013
Vernon Macklin,0.02859469249615,0.0,0.02859469249615,2009-2010-2011-2012-2013
Justin Harper,-0.011175493230599999,-0.03750062197152,0.02632512874092,2009-2010-2011-2012-2013
Orien Greene,-0.0239361737443,-0.049898259319160004,0.025962085574860003,2009-2010-2011-2012-2013
Chris Copeland,0.73830816113067,0.71491894449047,0.023389216640200012,2009-2010-2011-2012-2013
Cheikh Samb,-0.17448767162241,-0.19771624317545,0.023228571553039996,2009-2010-2011-2012-2013
Dikembe Mutombo,0.06081839462224,0.04186387489622,0.018954519726019997,2009-2010-2011-2012-2013
Henry Sims,-0.00689914274078698,-0.02522640334051,0.01832726059972302,2009-2010-2011-2012-2013
James Singleton,-0.73921687102937,-0.7524960400942,0.01327916906483,2009-2010-2011-2012-2013
Thomas Gardner,-0.08151063658475,-0.08876061473166,0.0072499781469100005,2009-2010-2011-2012-2013
Pape Sy,-0.022855901066690002,-0.02747091800343,0.004615016936739999,2009-2010-2011-2012-2013
John Wall,0.67143404206171,0.6677402951293601,0.003693746932350011,2009-2010-2011-2012-2013
Taylor Griffin,-0.02144547142916,-0.02175890172242,0.0003134302932599999,2009-2010-2011-2012-2013
Mouhamed Sene,0.0,0.0,0.0,2009-2010-2011-2012-2013
Gani Lawal,0.0,0.0,0.0,2009-2010-2011-2012-2013
Joe Crawford,0.0,0.0,0.0,2009-2010-2011-2012-2013
Trey Gilder,0.0,0.0,0.0,2009-2010-2011-2012-2013
Demetris Nichols,0.0,0.0,0.0,2009-2010-2011-2012-2013
Jerome James,0.0,0.0,0.0,2009-2010-2011-2012-2013
Tim Ohlbrecht,0.0,0.0,0.0,2009-2010-2011-2012-2013
Darius Johnson-Odom,0.0,0.0,0.0,2009-2010-2011-2012-2013
Steven Hill,0.0,0.0,0.0,2009-2010-2011-2012-2013
Antonio Anderson,0.0,0.0,0.0,2009-2010-2011-2012-2013
Ryan Reid,0.0,0.0,0.0,2009-2010-2011-2012-2013
Courtney Sims,0.0,0.0,0.0,2009-2010-2011-2012-2013
Jarvis Varnado,0.0,0.0,0.0,2009-2010-2011-2012-2013
Scott Machado,0.0,0.0,0.0,2009-2010-2011-2012-2013
Miles Plumlee,0.0,0.0,0.0,2009-2010-2011-2012-2013
Michael Ruffin,0.0,0.0,0.0,2009-2010-2011-2012-2013
Bobby Simmons,0.48162737277774004,0.48328474251850007,-0.0016573697407600181,2009-2010-2011-2012-2013
Patrick Ewing,-0.028996317396530004,-0.02653310816993,-0.0024632092266000036,2009-2010-2011-2012-2013
Mychel Thompson,-0.09531203053849,-0.09122650271192,-0.004085527826569999,2009-2010-2011-2012-2013
Monta Ellis,1.1718216154593701,1.1768187584265999,-0.0049971429672298825,2009-2010-2011-2012-2013
Fab Melo,-0.0068737113529755076,0.0016378155074661626,-0.008511526860441671,2009-2010-2011-2012-2013
Blake Ahearn,-0.07757992174912,-0.0627691178545,-0.01481080389462001,2009-2010-2011-2012-2013
Jose Calderon,1.38013481653371,1.39672322504782,-0.01658840851411006,2009-2010-2011-2012-2013
Walter Sharpe,-0.06108653139192,-0.04048202752525,-0.020604503866670003,2009-2010-2011-2012-2013
Marquis Teague,-0.9864149367537199,-0.96489947799577,-0.021515458757949933,2009-2010-2011-2012-2013
Travis Leslie,0.02765254156669,0.05350613169362,-0.025853590126930004,2009-2010-2011-2012-2013
Glen Davis,-1.2946340891603099,-1.25542099507195,-0.03921309408835994,2009-2010-2011-2012-2013
Goran Dragic,0.948423727092,0.98817015532104,-0.03974642822904013,2009-2010-2011-2012-2013
Mark Blount,0.09009786268327,0.13222090967988,-0.04212304699661001,2009-2010-2011-2012-2013
Andre Emmett,-0.18564314377,-0.142774891148,-0.042868252621999996,2009-2010-2011-2012-2013
Chris Mihm,0.15593526516258,0.20207265958003,-0.046137394417450024,2009-2010-2011-2012-2013
Aron Baynes,-0.4437058048315,-0.39302222584997,-0.05068357898153006,2009-2010-2011-2012-2013
Jerome Jordan,-0.1791116299758,-0.12767124607494,-0.05144038390086001,2009-2010-2011-2012-2013
Darington Hobson,-0.031309742614660005,0.02358132430426,-0.054891066918920005,2009-2010-2011-2012-2013
Quincy Miller,0.0,0.058578782861929996,-0.058578782861929996,2009-2010-2011-2012-2013
Kris Joseph,-0.03437422043485,0.02865459067804,-0.06302881111289,2009-2010-2011-2012-2013
Mark Madsen,-0.22724831309693,-0.16396741062536,-0.06328090247157002,2009-2010-2011-2012-2013
Hassan Whiteside,-0.39070063907955005,-0.32549425507705004,-0.0652063840025,2009-2010-2011-2012-2013
Josh Davis,0.13930733177298,0.20458711404229002,-0.06527978226931001,2009-2010-2011-2012-2013
Luke Zeller,-0.06819266583679,-0.002617987977802505,-0.0655746778589875,2009-2010-2011-2012-2013
Cedric Simmons,0.07982779305945001,0.16039899527905999,-0.08057120221960999,2009-2010-2011-2012-2013
Kevin Murphy,-0.17938749613212998,-0.09673955541462,-0.08264794071751,2009-2010-2011-2012-2013
T.J. Ford,-0.43546903135167997,-0.34584723784942,-0.08962179350225996,2009-2010-2011-2012-2013
Sun Sun,0.050716258400029995,0.14303859319907,-0.09232233479904,2009-2010-2011-2012-2013
Malik Rose,-0.7362832207873,-0.64390989931928,-0.09237332146802002,2009-2010-2011-2012-2013
Marcus Haislip,-0.13139741256348,-0.03776108028873,-0.09363633227474999,2009-2010-2011-2012-2013
Marcus Cousin,-0.05308411230624999,0.04136802730771,-0.09445213961395998,2009-2010-2011-2012-2013
Robin Lopez,-0.19444207919206,-0.09307439667368,-0.10136768251838,2009-2010-2011-2012-2013
Cuttino Mobley,0.016774069261130002,0.12171763909059,-0.10494356982946001,2009-2010-2011-2012-2013
Brevin Knight,-1.76667164378321,-1.65635844715033,-0.11031319663287985,2009-2010-2011-2012-2013
Dennis Horner,-0.08565659187991,0.02573330658269,-0.1113898984626,2009-2010-2011-2012-2013
Andre Brown,-0.10626895830899001,0.01172034001553,-0.11798929832452,2009-2010-2011-2012-2013
Brian Scalabrine,0.30934560251246,0.42891473425258003,-0.11956913174012004,2009-2010-2011-2012-2013
Damon Jones,0.22130623977029998,0.34196122171103,-0.12065498194073002,2009-2010-2011-2012-2013
Chris Quinn,0.7007870778520999,0.8234192124092999,-0.12263213455719997,2009-2010-2011-2012-2013
Mario West,-0.27271694690389,-0.14894661197916,-0.12377033492472998,2009-2010-2011-2012-2013
Carlos Boozer,1.2539483406852898,1.37974101298723,-0.12579267230194008,2009-2010-2011-2012-2013
Jerry Smith,-0.28067050209561,-0.15434559691493002,-0.12632490518068,2009-2010-2011-2012-2013
Gabe Pruitt,-0.42884544920262996,-0.30174271152582,-0.12710273767680993,2009-2010-2011-2012-2013
Cole Aldrich,-0.10336193982394,0.02647087438772,-0.12983281421166,2009-2010-2011-2012-2013
Maceo Baston,-0.12294805741531001,0.009825388732818734,-0.13277344614812872,2009-2010-2011-2012-2013
Donte Greene,-0.6658286219752501,-0.53186507193197,-0.13396355004328006,2009-2010-2011-2012-2013
Ronald Dupree,-0.11487953693481001,0.01953393667832,-0.13441347361313,2009-2010-2011-2012-2013
Jermareo Davidson,-0.3081343492273,-0.16910080718905,-0.13903354203825,2009-2010-2011-2012-2013
Armon Johnson,-0.5035828970992,-0.36302891824435,-0.14055397885485002,2009-2010-2011-2012-2013
Eddie Gill,-0.14991871972325999,-0.008578154222563056,-0.14134056550069693,2009-2010-2011-2012-2013
Maurice Ager,-0.22003421531906,-0.07550009266408,-0.14453412265498,2009-2010-2011-2012-2013
Zaza Pachulia,-0.46319121340617003,-0.31737384765011,-0.14581736575606002,2009-2010-2011-2012-2013
Solomon Alabi,-0.25512012888083996,-0.10793937286484,-0.14718075601599998,2009-2010-2011-2012-2013
Anthony Carter,-1.08076469183944,-0.93341062221806,-0.1473540696213799,2009-2010-2011-2012-2013
Chris Richard,-0.24261073950143003,-0.0950321323535,-0.14757860714793,2009-2010-2011-2012-2013
Larry Owens,-0.6649759771367401,-0.5159129534157301,-0.14906302372101002,2009-2010-2011-2012-2013
Lance Thomas,-0.8569109438697999,-0.70259400568816,-0.15431693818164002,2009-2010-2011-2012-2013
Mustafa Shakur,0.20907422020262,0.36783040504590997,-0.15875618484329,2009-2010-2011-2012-2013
Daniel Orton,-0.30774089826577,-0.14824756002155998,-0.15949333824421,2009-2010-2011-2012-2013
Elliot Williams,-0.35292343095444,-0.1932716319705,-0.15965179898394,2009-2010-2011-2012-2013
Wayne Ellington,-0.83817353421482,-0.67090511967392,-0.16726841454089997,2009-2010-2011-2012-2013
Nazr Mohammed,0.47910346980049,0.65805316841892,-0.17894969861843,2009-2010-2011-2012-2013
Kyle O'Quinn,0.48739348050737,0.66729654006581,-0.17990305955843996,2009-2010-2011-2012-2013
Hassan Adams,-0.03912703962138,0.1427947787891,-0.18192181841048,2009-2010-2011-2012-2013
Roger Mason Jr.,0.9870602903662399,1.17129167184486,-0.18423138147862003,2009-2010-2011-2012-2013
Nate Robinson,1.0070151998968,1.1977453107623799,-0.19073011086557998,2009-2010-2011-2012-2013
Tornike Shengelia,-0.1770797631136,0.018694831905510002,-0.19577459501911001,2009-2010-2011-2012-2013
Dorell Wright,-0.52172669793284,-0.32524464766489003,-0.19648205026795004,2009-2010-2011-2012-2013
Ronnie Price,-2.09404055895664,-1.8965660990725002,-0.19747445988414006,2009-2010-2011-2012-2013
Omri Casspi,-1.28423213337836,-1.08577940911659,-0.19845272426177002,2009-2010-2011-2012-2013
Tyler Honeycutt,-0.11710201516544,0.08712454721250999,-0.20422656237795,2009-2010-2011-2012-2013
Chris Kaman,-1.72444372495692,-1.51920554271942,-0.20523818223750004,2009-2010-2011-2012-2013
Jeff Teague,-0.20557809047704,0.0044256320700856245,-0.21000372254712565,2009-2010-2011-2012-2013
Paul Davis,-0.44223915563343,-0.22870429657365,-0.21353485905978004,2009-2010-2011-2012-2013
Kirk Hinrich,-0.82511947741844,-0.61126904358651,-0.2138504338319301,2009-2010-2011-2012-2013
Quincy Douby,-0.03475494023353,0.18539661634125,-0.22015155657478,2009-2010-2011-2012-2013
Lou Amundson,-0.44491114925206005,-0.21346323681232,-0.23144791243974003,2009-2010-2011-2012-2013
Amar'e Stoudemire,1.32313289853862,1.56491752922321,-0.24178463068459005,2009-2010-2011-2012-2013
Harrison Barnes,-0.7378041238902501,-0.49281100774734005,-0.24499311614291,2009-2010-2011-2012-2013
Mike Harris,-0.17858576018306,0.06654872954908,-0.24513448973213997,2009-2010-2011-2012-2013
Coby Karl,-0.24217996731878,0.012452876251120001,-0.2546328435699,2009-2010-2011-2012-2013
Quinton Ross,-2.52077163780302,-2.26566373752752,-0.2551079002754999,2009-2010-2011-2012-2013
Andrew Goudelock,-0.57030681407394,-0.31329675867614,-0.2570100553978,2009-2010-2011-2012-2013
Stephon Marbury,-0.11159357268888,0.1458088759083,-0.25740244859718,2009-2010-2011-2012-2013
Eric Dawson,-0.08225176418724,0.17656113273558,-0.25881289692282,2009-2010-2011-2012-2013
Greg Monroe,0.79240548884061,1.05355952677086,-0.26115403793025,2009-2010-2011-2012-2013
Eduardo Najera,-0.98506382111922,-0.72369777952088,-0.2613660415983399,2009-2010-2011-2012-2013
Stromile Swift,-0.39116527302754994,-0.12503103143652,-0.26613424159103,2009-2010-2011-2012-2013
Linton Johnson,-0.16255072479368,0.10653128375864002,-0.26908200855232,2009-2010-2011-2012-2013
Craig Brackins,0.01127064672674,0.28100336037137996,-0.26973271364464,2009-2010-2011-2012-2013
Alex Acker,0.025827734238160004,0.29562975483919,-0.26980202060103003,2009-2010-2011-2012-2013
Calvin Booth,-0.07908818655763,0.19103848379974,-0.27012667035737004,2009-2010-2011-2012-2013
Draymond Green,-2.09874837477756,-1.8269487966273898,-0.2717995781501701,2009-2010-2011-2012-2013
Mehmet Okur,0.5592816215113501,0.8401525504937999,-0.2808709289824499,2009-2010-2011-2012-2013
Kris Humphries,0.14957518187287,0.43550164409563996,-0.2859264622227699,2009-2010-2011-2012-2013
Kyle Weaver,-0.6292775202102401,-0.33891374404261,-0.29036377616763004,2009-2010-2011-2012-2013
Andrew Nicholson,-1.46404574554379,-1.17244057105274,-0.29160517449105006,2009-2010-2011-2012-2013
Marcus Landry,-0.1708406846761,0.12612910288305,-0.29696978755915,2009-2010-2011-2012-2013
Richard Hamilton,-0.11872706164986001,0.18066122889149,-0.29938829054135,2009-2010-2011-2012-2013
Dee Brown,0.03969245806367,0.34092045800945003,-0.30122799994578,2009-2010-2011-2012-2013
Brandon Bass,-0.8695507957638999,-0.56104969878078,-0.3085010969831199,2009-2010-2011-2012-2013
Luther Head,0.216222702109,0.52551532998498,-0.30929262787598,2009-2010-2011-2012-2013
Nenad Krstic,0.10473788506896,0.4200458157747,-0.31530793070574,2009-2010-2011-2012-2013
Carlos Arroyo,-1.22219748451634,-0.9031296970643801,-0.31906778745195985,2009-2010-2011-2012-2013
Kurt Thomas,-2.73171215393864,-2.404567979251,-0.3271441746876401,2009-2010-2011-2012-2013
Andres Nocioni,1.04620399201652,1.37600053737656,-0.32979654536004,2009-2010-2011-2012-2013
Sherron Collins,-0.07658654410841001,0.26102683566056,-0.33761337976897,2009-2010-2011-2012-2013
Trey Thompkins,-0.07053705965702001,0.26733541716405,-0.33787247682107,2009-2010-2011-2012-2013
Reggie Evans,-0.17833210098683,0.16047239501331,-0.33880449600014,2009-2010-2011-2012-2013
Patrick O'Bryant,-0.23637733240392,0.10421664683587001,-0.34059397923979,2009-2010-2011-2012-2013
Trey Johnson,-0.44962257787571996,-0.10667731663459999,-0.34294526124111996,2009-2010-2011-2012-2013
Eric Gordon,1.76178762876545,2.11691205549735,-0.35512442673190026,2009-2010-2011-2012-2013
Jarrett Jack,0.21523544286697,0.5727012445663401,-0.35746580169937003,2009-2010-2011-2012-2013
Emeka Okafor,-1.8194783890859298,-1.45881578084852,-0.36066260823740987,2009-2010-2011-2012-2013
Gary Neal,1.20697645885015,1.5685622346956598,-0.36158577584550994,2009-2010-2011-2012-2013
Chris Hunter,0.80013357963425,1.1630853387498399,-0.3629517591155899,2009-2010-2011-2012-2013
Hamady Ndiaye,-0.14257420805491,0.22079100474986998,-0.36336521280478,2009-2010-2011-2012-2013
Gary Forbes,0.06537939007665,0.43393595528497003,-0.36855656520832,2009-2010-2011-2012-2013
Jarvis Hayes,0.49717884563304,0.88321497050973,-0.3860361248766899,2009-2010-2011-2012-2013
Robert Swift,-0.04867976705072,0.33988594084021,-0.38856570789093,2009-2010-2011-2012-2013
Juan Dixon,-0.38090522940342,0.01416725401941,-0.39507248342283,2009-2010-2011-2012-2013
Mirza Teletovic,-0.03794801801127,0.36938762821108,-0.40733564622235,2009-2010-2011-2012-2013
Shawn Marion,-0.54576326427932,-0.13609339368200998,-0.40966987059731,2009-2010-2011-2012-2013
Chris Wright,-0.16267862809869,0.24849914582645,-0.41117777392514,2009-2010-2011-2012-2013
Enes Freedom,-1.8032743297993499,-1.38703180632968,-0.4162425234696699,2009-2010-2011-2012-2013
Patrick Patterson,0.23324659160708,0.65495475507378,-0.42170816346670004,2009-2010-2011-2012-2013
Jerryd Bayless,0.77508796682487,1.19749810888628,-0.42241014206141003,2009-2010-2011-2012-2013
Joel Anthony,-1.0242198711603498,-0.59595853293143,-0.42826133822892,2009-2010-2011-2012-2013
Mo Williams,0.24388804051382,0.68237187601521,-0.43848383550139,2009-2010-2011-2012-2013
James Posey,-0.49151189165499,-0.04698702970895,-0.44452486194603996,2009-2010-2011-2012-2013
Julyan Stone,-0.24828077687062,0.19626730805835998,-0.44454808492898,2009-2010-2011-2012-2013
Will Solomon,-0.24126193928539,0.20935833018067,-0.45062026946606,2009-2010-2011-2012-2013
Nathan Jawai,-0.84228329378837,-0.39150391871174,-0.4507793750766299,2009-2010-2011-2012-2013
Gerald Green,-2.6388255098828197,-2.17428551545634,-0.46453999442648,2009-2010-2011-2012-2013
Steve Novak,0.15430709434272,0.6220651471613701,-0.46775805281865,2009-2010-2011-2012-2013
Tyronn Lue,-0.7907090361711101,-0.31173737480514,-0.4789716613659701,2009-2010-2011-2012-2013
Austin Croshere,-0.32697825152271,0.15738401877215,-0.48436227029486,2009-2010-2011-2012-2013
Jon Leuer,-0.5649777223842299,-0.07242373220501,-0.49255399017921997,2009-2010-2011-2012-2013
Morris Almond,-0.8943304717882201,-0.39861378442239,-0.4957166873658301,2009-2010-2011-2012-2013
Marcus Thornton,0.22929256532284,0.72690011056999,-0.49760754524714995,2009-2010-2011-2012-2013
Tristan Thompson,0.004387427838669889,0.50917563295686,-0.5047882051181901,2009-2010-2011-2012-2013
Brandon Knight,-2.20042390071201,-1.6931940311471299,-0.5072298695648801,2009-2010-2011-2012-2013
Jared Cunningham,-0.05964336782265,0.44919131840867,-0.50883468623132,2009-2010-2011-2012-2013
Avery Bradley,-1.5287710268563799,-1.01991468927583,-0.5088563375805498,2009-2010-2011-2012-2013
Festus Ezeli,-1.5561761376952599,-1.04659674036199,-0.5095793973332701,2009-2010-2011-2012-2013
Jeffery Taylor,-0.87513123767263,-0.36377906517206,-0.5113521725005701,2009-2010-2011-2012-2013
Andray Blatche,-0.22325993048354,0.29124609637603,-0.5145060268595699,2009-2010-2011-2012-2013
Derrick Caracter,-0.07816005791343,0.43941021894133,-0.51757027685476,2009-2010-2011-2012-2013
Matt Harpring,-0.69708829414315,-0.16799456845223,-0.52909372569092,2009-2010-2011-2012-2013
Iman Shumpert,-1.81590487232062,-1.28508082750207,-0.53082404481855,2009-2010-2011-2012-2013
Kareem Rush,-0.22799628354229,0.30386852015856,-0.53186480370085,2009-2010-2011-2012-2013
Gerald Henderson,-0.39341620548215006,0.15874553103781,-0.55216173651996,2009-2010-2011-2012-2013
Charlie Villanueva,1.5205585885014101,2.0807823381828,-0.5602237496813899,2009-2010-2011-2012-2013
Justin Dentmon,-0.89693490932535,-0.33486119790462,-0.56207371142073,2009-2010-2011-2012-2013
Devin Brown,-1.07043975205068,-0.50667282121538,-0.5637669308352999,2009-2010-2011-2012-2013
Marvin Williams,-1.31097133029284,-0.73565792998478,-0.57531340030806,2009-2010-2011-2012-2013
Jarron Collins,-0.8090385802440301,-0.23167626069845,-0.57736231954558,2009-2010-2011-2012-2013
Jeremy Evans,-0.28744149610779995,0.29366401439587,-0.58110551050367,2009-2010-2011-2012-2013
Greg Buckner,-0.46077099781068004,0.12305107445595999,-0.5838220722666401,2009-2010-2011-2012-2013
Mike Wilks,-0.36569250789533003,0.22485479025042,-0.59054729814575,2009-2010-2011-2012-2013
Chris Johnson,0.29533067160744,0.89381878946047,-0.5984881178530299,2009-2010-2011-2012-2013
Roko Ukic,-0.66436706546315,-0.06353541169646,-0.60083165376669,2009-2010-2011-2012-2013
Rasho Nesterovic,0.7581799802090899,1.36060361611741,-0.60242363590832,2009-2010-2011-2012-2013
Tyshawn Taylor,-0.17475562571029002,0.42925798619247,-0.60401361190276,2009-2010-2011-2012-2013
Chucky Atkins,-0.21352182339332,0.39357137955675003,-0.60709320295007,2009-2010-2011-2012-2013
Alando Tucker,0.01011393726437,0.6280652311625999,-0.61795129389823,2009-2010-2011-2012-2013
Kent Bazemore,-0.6906504766879,-0.06083572167093,-0.62981475501697,2009-2010-2011-2012-2013
Pops Mensah-Bonsu,-0.6045348899640199,0.02963899933787,-0.63417388930189,2009-2010-2011-2012-2013
Jacque Vaughn,-0.8532180829205401,-0.20310156140982,-0.6501165215107201,2009-2010-2011-2012-2013
Tony Wroten,-0.26646412282385,0.38433900119983,-0.65080312402368,2009-2010-2011-2012-2013
Doron Lamb,-0.92734414427444,-0.25508132534455,-0.67226281892989,2009-2010-2011-2012-2013
Malik Hairston,-0.13933285892435,0.53470052685166,-0.67403338577601,2009-2010-2011-2012-2013
Earl Barron,-0.2349639564927,0.44048757088591,-0.6754515273786099,2009-2010-2011-2012-2013
Ryan Hollins,-1.68308148925283,-1.00752531726238,-0.67555617199045,2009-2010-2011-2012-2013
Sean Williams,-0.30548702904056,0.37065274356631,-0.6761397726068701,2009-2010-2011-2012-2013
Cory Joseph,0.0004020473847134716,0.68297101053598,-0.6825689631512666,2009-2010-2011-2012-2013
Carl Landry,0.5398986026891001,1.22311916878925,-0.68322056610015,2009-2010-2011-2012-2013
John Henson,-0.22275180354298002,0.46215466569724994,-0.68490646924023,2009-2010-2011-2012-2013
Trevor Booker,0.8693654756438599,1.5575834106469901,-0.6882179350031301,2009-2010-2011-2012-2013
Bernard James,-0.23930557328672,0.46638515262036995,-0.7056907259070899,2009-2010-2011-2012-2013
Walker Russell,-0.88213992633502,-0.17436192977861,-0.70777799655641,2009-2010-2011-2012-2013
Michael Redd,0.19091551244941998,0.90648632929907,-0.7155708168496501,2009-2010-2011-2012-2013
Eddy Curry,-0.5133429987494099,0.20358108023741,-0.71692407898682,2009-2010-2011-2012-2013
Al Jefferson,1.32740408527219,2.05506833718702,-0.7276642519148302,2009-2010-2011-2012-2013
Ben Hansbrough,-0.75557341784394,-0.024746497426989998,-0.73082692041695,2009-2010-2011-2012-2013
Steven Hunter,-0.6956076241125401,0.03661033218249,-0.73221795629503,2009-2010-2011-2012-2013
Lindsey Hunter,-0.55471051401231,0.18098972215574,-0.7357002361680499,2009-2010-2011-2012-2013
Leandro Barbosa,0.34882388496742,1.08502103030564,-0.73619714533822,2009-2010-2011-2012-2013
Zabian Dowdell,-0.36385213369915,0.37966601819431,-0.7435181518934599,2009-2010-2011-2012-2013
Courtney Fortson,-0.48536341443678,0.26276801816082,-0.7481314325976,2009-2010-2011-2012-2013
Mike Taylor,-0.4864260564562,0.26360702160779,-0.7500330780639899,2009-2010-2011-2012-2013
Edwin Ubiles,-0.49127673924943005,0.2589070081593,-0.75018374740873,2009-2010-2011-2012-2013
DeMarcus Nelson,-0.64442283193317,0.10780644718310999,-0.75222927911628,2009-2010-2011-2012-2013
Udonis Haslem,-1.40031509132592,-0.64317034183302,-0.7571447494929,2009-2010-2011-2012-2013
Robert Sacre,-0.14639037899279,0.61132967680705,-0.75772005579984,2009-2010-2011-2012-2013
Jordan Hamilton,0.31449015109485,1.07480922596663,-0.76031907487178,2009-2010-2011-2012-2013
Sundiata Gaines,-0.9093199496027901,-0.14876173389384,-0.7605582157089501,2009-2010-2011-2012-2013
Jerry Stackhouse,-0.6043397153404599,0.16959540240777002,-0.77393511774823,2009-2010-2011-2012-2013
Jeremy Tyler,-0.13359812977534,0.6444567424807199,-0.77805487225606,2009-2010-2011-2012-2013
Sean May,-0.5509572995279,0.23589817180019002,-0.78685547132809,2009-2010-2011-2012-2013
Devin Ebanks,-0.32607565615999,0.46113918206071,-0.7872148382206999,2009-2010-2011-2012-2013
DeMar DeRozan,-0.42150641223333996,0.36598527743376,-0.7874916896671,2009-2010-2011-2012-2013
Stephen Graham,-0.81531062867214,-0.02418893650584,-0.7911216921663,2009-2010-2011-2012-2013
Michael Kidd-Gilchrist,0.60717118759957,1.42812825587456,-0.8209570682749899,2009-2010-2011-2012-2013
Patty Mills,-0.23644437400968002,0.59097925449709,-0.82742362850677,2009-2010-2011-2012-2013
Shawne Williams,0.24062844257402,1.07026146602058,-0.8296330234465601,2009-2010-2011-2012-2013
Donatas Motiejunas,0.62164212256558,1.45273162878997,-0.8310895062243899,2009-2010-2011-2012-2013
Darius Songaila,-0.11012585984334,0.7212967786203001,-0.8314226384636401,2009-2010-2011-2012-2013
Samuel Dalembert,-0.5054881449944599,0.32866179099723997,-0.8341499359917,2009-2010-2011-2012-2013
Brandon Rush,-0.6086163625536201,0.22878827468032,-0.83740463723394,2009-2010-2011-2012-2013
Arron Afflalo,0.36338016214619,1.20364726895,-0.84026710680381,2009-2010-2011-2012-2013
Fabricio Oberto,-1.04444429318549,-0.20357798921013998,-0.8408663039753501,2009-2010-2011-2012-2013
Pooh Jeter,-0.5823949233581099,0.258571861332,-0.8409667846901101,2009-2010-2011-2012-2013
Austin Rivers,0.11293317395385,0.9546090644347,-0.8416758904808499,2009-2010-2011-2012-2013
Anthony Davis,0.16771155279299,1.00992777833547,-0.8422162255424801,2009-2010-2011-2012-2013
Craig Smith,-0.8908608339540399,-0.04691348086173,-0.8439473530923101,2009-2010-2011-2012-2013
Ryan Gomes,-0.28245729195136,0.56690889437022,-0.84936618632158,2009-2010-2011-2012-2013
Jason Smith,-1.3563965796787,-0.5042814690509401,-0.8521151106277599,2009-2010-2011-2012-2013
Diante Garrett,-0.54331720719928,0.31008594451571003,-0.85340315171499,2009-2010-2011-2012-2013
Linas Kleiza,-1.08180647198496,-0.22622421344319,-0.8555822585417702,2009-2010-2011-2012-2013
Kevin Ollie,-0.76417171799647,0.09213280124704,-0.8563045192435101,2009-2010-2011-2012-2013
Oleksiy Pecherov,-0.39783969337396996,0.47044220777786,-0.86828190115183,2009-2010-2011-2012-2013
Morris Peterson,-0.29302119463875,0.5814839398069099,-0.8745051344456599,2009-2010-2011-2012-2013
Daniel Gibson,-0.54332474871238,0.33340570200768,-0.8767304507200601,2009-2010-2011-2012-2013
Nikola Vucevic,-0.96012650436918,-0.07282015746181,-0.8873063469073701,2009-2010-2011-2012-2013
Antawn Jamison,2.26261865766675,3.1715436761410496,-0.9089250184742995,2009-2010-2011-2012-2013
Sean Singletary,-0.8643863463371501,0.04805185894932,-0.9124382052864701,2009-2010-2011-2012-2013
Ben Gordon,1.54470298790887,2.4616329303900697,-0.9169299424811999,2009-2010-2011-2012-2013
DJ White,-0.71926962611368,0.19777341295988998,-0.9170430390735699,2009-2010-2011-2012-2013
Kyrie Irving,0.49060969949627004,1.4135915638382501,-0.92298186434198,2009-2010-2011-2012-2013
Austin Daye,-0.09968288982485,0.8234633050317699,-0.92314619485662,2009-2010-2011-2012-2013
Arnett Moultrie,-0.10164632770493999,0.82220470148247,-0.92385102918741,2009-2010-2011-2012-2013
Tyreke Evans,-0.63991688804934,0.28402424816521,-0.9239411362145501,2009-2010-2011-2012-2013
Jason Kapono,-0.44791379712559,0.47660206807335004,-0.92451586519894,2009-2010-2011-2012-2013
Darnell Jackson,-0.8837113597915801,0.0683011870638,-0.9520125468553801,2009-2010-2011-2012-2013
Ryan Bowen,-0.45229739902228,0.5177353852512601,-0.97003278427354,2009-2010-2011-2012-2013
Brook Lopez,0.33583394441282,1.30885818102026,-0.97302423660744,2009-2010-2011-2012-2013
James White,-0.001484613275631791,0.9796931152546601,-0.981177728530292,2009-2010-2011-2012-2013
D.J. Augustin,0.32807341056255,1.31355963464903,-0.9854862240864799,2009-2010-2011-2012-2013
J.R. Giddens,-0.44943350028728,0.5396612465920799,-0.98909474687936,2009-2010-2011-2012-2013
Allen Iverson,-1.5982874128193099,-0.6056829407925,-0.99260447202681,2009-2010-2011-2012-2013
Rashad McCants,-0.9724723210478301,0.03745281060519,-1.0099251316530202,2009-2010-2011-2012-2013
Dan Gadzuric,-0.57333607882198,0.43720442582739,-1.0105405046493698,2009-2010-2011-2012-2013
Francisco Elson,-0.42687821523674,0.59081468460385,-1.01769289984059,2009-2010-2011-2012-2013
Hasheem Thabeet,-1.6805730353155701,-0.65576113761751,-1.02481189769806,2009-2010-2011-2012-2013
Rodrigue Beaubois,-0.95813756449142,0.06760175501304999,-1.02573931950447,2009-2010-2011-2012-2013
Desmond Mason,-0.74970336698281,0.27738659522431,-1.02708996220712,2009-2010-2011-2012-2013
Joe Alexander,-0.13963379981179,0.88963709290595,-1.02927089271774,2009-2010-2011-2012-2013
Terrel Harris,-1.10484045775552,-0.07274171681911999,-1.0320987409364,2009-2010-2011-2012-2013
Chris Duhon,-0.33496685610064,0.69830345604195,-1.03327031214259,2009-2010-2011-2012-2013
Fred Jones,0.021599442166850003,1.05705345462334,-1.0354540124564902,2009-2010-2011-2012-2013
Theo Ratliff,0.15404560974807002,1.21045075464887,-1.0564051449008,2009-2010-2011-2012-2013
Royal Ivey,-0.76328847471681,0.29813574990907005,-1.06142422462588,2009-2010-2011-2012-2013
Jason Hart,-1.2424944527458,-0.17822692652931998,-1.06426752621648,2009-2010-2011-2012-2013
Marco Belinelli,-0.06233576342918,1.0034296311417799,-1.06576539457096,2009-2010-2011-2012-2013
Darko Milicic,-1.6997443500879,-0.62724268267939,-1.07250166740851,2009-2010-2011-2012-2013
Josh Selby,-0.64476776271364,0.428763113218,-1.07353087593164,2009-2010-2011-2012-2013
Maalik Wayns,-0.047036942497789995,1.04138846348911,-1.0884254059869,2009-2010-2011-2012-2013
Yakhouba Diawara,-0.7489100223258,0.34968103565065,-1.09859105797645,2009-2010-2011-2012-2013
Shannon Brown,-1.24178776057275,-0.12812653782885,-1.1136612227439,2009-2010-2011-2012-2013
Derrick Favors,-2.19944746212332,-1.0737246910204101,-1.12572277110291,2009-2010-2011-2012-2013
Jonathan Bender,-0.84670498518089,0.30097241943651,-1.1476774046174,2009-2010-2011-2012-2013
Keyon Dooling,-1.17907746578624,-0.03064203843262,-1.1484354273536201,2009-2010-2011-2012-2013
Cory Higgins,-0.7097993031216501,0.44863774658993,-1.15843704971158,2009-2010-2011-2012-2013
Jason Collins,-2.56743275673304,-1.3940728201901,-1.1733599365429401,2009-2010-2011-2012-2013
Derrick Brown,-1.24900729448539,-0.06326725503611,-1.18574003944928,2009-2010-2011-2012-2013
Chris Douglas-Roberts,-1.25284156744331,-0.06585480311821999,-1.1869867643250902,2009-2010-2011-2012-2013
Jason Maxiell,-0.21285712481699998,0.97807817353116,-1.19093529834816,2009-2010-2011-2012-2013
Francisco Garcia,-1.61490820861711,-0.41945192146347,-1.19545628715364,2009-2010-2011-2012-2013
Rob Kurz,-0.80370242009783,0.39241806353659997,-1.19612048363443,2009-2010-2011-2012-2013
Ike Diogu,-0.56405874661816,0.63219608716342,-1.19625483378158,2009-2010-2011-2012-2013
Luke Babbitt,-0.69467701185679,0.50560525718144,-1.20028226903823,2009-2010-2011-2012-2013
Ish Smith,-1.9969962012130902,-0.7942885870174801,-1.2027076141956101,2009-2010-2011-2012-2013
Kendall Marshall,-0.62662909529284,0.57675380328591,-1.20338289857875,2009-2010-2011-2012-2013
Travis Outlaw,-0.07167606452444,1.1357170931976401,-1.20739315772208,2009-2010-2011-2012-2013
Shelvin Mack,-0.8304360786366399,0.3805421722519,-1.2109782508885398,2009-2010-2011-2012-2013
Semih Erden,-0.8637997266382501,0.34734754249497,-1.2111472691332201,2009-2010-2011-2012-2013
Josh McRoberts,-0.6294588254972701,0.58913522764133,-1.2185940531386001,2009-2010-2011-2012-2013
Sasha Vujacic,-0.03029936185288,1.1983688796279601,-1.22866824148084,2009-2010-2011-2012-2013
John Jenkins,-0.5095520297187,0.7281406870820301,-1.2376927168007301,2009-2010-2011-2012-2013
Alonzo Gee,-0.26333289361316004,0.97881155295465,-1.24214444656781,2009-2010-2011-2012-2013
Will Conroy,-0.69846642255851,0.54764610367325,-1.24611252623176,2009-2010-2011-2012-2013
Mickael Gelabale,-0.6604621664682899,0.58580326609947,-1.24626543256776,2009-2010-2011-2012-2013
Manny Harris,-0.83979103428184,0.40886253425942,-1.24865356854126,2009-2010-2011-2012-2013
Bobby Jackson,-0.2001598180682,1.05622745518322,-1.2563872732514199,2009-2010-2011-2012-2013
Nick Young,-1.21314256348377,0.04389073229969,-1.25703329578346,2009-2010-2011-2012-2013
O.J. Mayo,1.54712598116898,2.81311393476011,-1.26598795359113,2009-2010-2011-2012-2013
Mikki Moore,-0.9241494730573699,0.35788046048481004,-1.28202993354218,2009-2010-2011-2012-2013
Jermaine Taylor,0.20887148597347,1.49177759252501,-1.28290610655154,2009-2010-2011-2012-2013
Victor Claver,-0.35814149343003,0.93214951793731,-1.29029101136734,2009-2010-2011-2012-2013
Anthony Roberson,-0.82554223421387,0.4682289259604,-1.2937711601742699,2009-2010-2011-2012-2013
Josh Boone,-1.10498179029211,0.20343898254056,-1.3084207728326702,2009-2010-2011-2012-2013
Brian Cardinal,-0.46069740818361005,0.85439591892177,-1.3150933271053802,2009-2010-2011-2012-2013
Michael Beasley,-0.18280128131208,1.15500392870464,-1.3378052100167201,2009-2010-2011-2012-2013
Sean Marks,-1.22247328751997,0.11996071257481,-1.3424340000947799,2009-2010-2011-2012-2013
Terrence Ross,-0.026477065616200002,1.32482619869178,-1.35130326430798,2009-2010-2011-2012-2013
Maurice Evans,-0.85301129059347,0.49981702961566,-1.35282832020913,2009-2010-2011-2012-2013
Earl Boykins,-1.3181078859317499,0.04254520662294,-1.36065309255469,2009-2010-2011-2012-2013
JaJuan Johnson,-0.7980243863483699,0.56477975453006,-1.36280414087843,2009-2010-2011-2012-2013
Etan Thomas,-0.61286124324916,0.75396889087275,-1.3668301341219098,2009-2010-2011-2012-2013
DeShawn Stevenson,-1.09705053725656,0.28720814646759,-1.38425868372415,2009-2010-2011-2012-2013
Marcus Banks,-1.31876027036175,0.08797233554165,-1.4067326059034002,2009-2010-2011-2012-2013
Luke Harangody,-0.84481515561196,0.5637235798201601,-1.40853873543212,2009-2010-2011-2012-2013
Dante Cunningham,-1.50821172140142,-0.08952546268101,-1.4186862587204099,2009-2010-2011-2012-2013
Darius Miles,-1.04263687168843,0.37753979252847003,-1.4201766642169,2009-2010-2011-2012-2013
Troy Murphy,-0.14469218125991,1.2970380991374,-1.44173028039731,2009-2010-2011-2012-2013
Earl Watson,-0.97857974079275,0.47722558553769995,-1.45580532633045,2009-2010-2011-2012-2013
Bruce Bowen,-1.7373256180215801,-0.25615433272902,-1.48117128529256,2009-2010-2011-2012-2013
Jonas Jerebko,-0.8525847300431599,0.64299699622577,-1.4955817262689302,2009-2010-2011-2012-2013
Darius Miller,-1.43047371604141,0.07090948309853,-1.50138319913994,2009-2010-2011-2012-2013
Jimmer Fredette,0.07260941025517001,1.5857598476174202,-1.5131504373622502,2009-2010-2011-2012-2013
Jannero Pargo,-0.35150360609994,1.16167118941777,-1.5131747955177102,2009-2010-2011-2012-2013
Mike Bibby,0.02233593675383,1.5385783912447901,-1.51624245449096,2009-2010-2011-2012-2013
Sergio Rodriguez,-0.08206572762756,1.43538506495652,-1.51745079258408,2009-2010-2011-2012-2013
Jonas Valanciunas,-0.9768295933060099,0.55968411543291,-1.53651370873892,2009-2010-2011-2012-2013
Tyler Zeller,-0.7023370755130101,0.8445916562631001,-1.54692873177611,2009-2010-2011-2012-2013
Ramon Sessions,-0.20726644794798002,1.37960883798435,-1.58687528593233,2009-2010-2011-2012-2013
Viacheslav Kravtsov,-1.1485184584547101,0.45528040664465996,-1.60379886509937,2009-2010-2011-2012-2013
Nolan Smith,-2.05055218345902,-0.44337300823488,-1.6071791752241402,2009-2010-2011-2012-2013
Aaron Brooks,1.01162443445032,2.61890660204807,-1.60728216759775,2009-2010-2011-2012-2013
Brian Cook,-1.4449794440530401,0.16730770841419002,-1.61228715246723,2009-2010-2011-2012-2013
MarShon Brooks,-1.0992049222051201,0.5201240661782099,-1.6193289883833302,2009-2010-2011-2012-2013
Adam Morrison,-0.49167704410665003,1.1305868098077498,-1.6222638539143999,2009-2010-2011-2012-2013
Jordan Farmar,-1.14235462844457,0.48940039696388,-1.63175502540845,2009-2010-2011-2012-2013
Aaron Gray,-1.2926306469816,0.35933819954391,-1.65196884652551,2009-2010-2011-2012-2013
Joey Graham,-1.27039190774641,0.38988660545523,-1.66027851320164,2009-2010-2011-2012-2013
Samardo Samuels,-2.32694444090469,-0.66602584080766,-1.6609186000970302,2009-2010-2011-2012-2013
Sasha Pavlovic,-1.6420096026361402,0.02140092382133,-1.6634105264574701,2009-2010-2011-2012-2013
Javaris Crittenton,-0.39934584238512,1.2802251302193302,-1.67957097260445,2009-2010-2011-2012-2013
Jan Vesely,-0.76338201031303,0.9187610626225701,-1.6821430729356002,2009-2010-2011-2012-2013
Kwame Brown,-1.1716562939336599,0.51788939973793,-1.6895456936715898,2009-2010-2011-2012-2013
Bismack Biyombo,-0.30414887924764,1.3930723075367901,-1.69722118678443,2009-2010-2011-2012-2013
Michael Finley,1.00870059903825,2.74004419446815,-1.7313435954299004,2009-2010-2011-2012-2013
DeQuan Jones,-0.09907887868517,1.63963224527671,-1.73871112396188,2009-2010-2011-2012-2013
Andrea Bargnani,1.68352550385257,3.4237345466702,-1.7402090428176298,2009-2010-2011-2012-2013
Kemba Walker,-1.33603068796778,0.42401921828954,-1.7600499062573198,2009-2010-2011-2012-2013
Ivan Johnson,-2.23901258629117,-0.47419424264128995,-1.76481834364988,2009-2010-2011-2012-2013
Ben Uzoh,-1.8016630315515598,-0.029429074100589998,-1.7722339574509698,2009-2010-2011-2012-2013
Jawad Williams,-0.35920275917698,1.42388482499568,-1.7830875841726601,2009-2010-2011-2012-2013
Devean George,-0.011391347247860001,1.7766419602110202,-1.7880333074588801,2009-2010-2011-2012-2013
Terrence Jones,-0.61136094042742,1.17976332357009,-1.7911242639975102,2009-2010-2011-2012-2013
DeJuan Blair,-0.8190414798187899,0.9950653091840299,-1.8141067890028202,2009-2010-2011-2012-2013
Joe Smith,-1.34740146125125,0.4885415509065,-1.83594301215775,2009-2010-2011-2012-2013
Marcus Williams,-0.46063199828149,1.38211033417712,-1.8427423324586099,2009-2010-2011-2012-2013
Rodney Carney,-1.30444608761264,0.53885967671424,-1.8433057643268798,2009-2010-2011-2012-2013
Derrick Williams,-1.23160955632819,0.62430251131403,-1.85591206764222,2009-2010-2011-2012-2013
Acie Law,-0.84033545566058,1.0245930694990402,-1.86492852515962,2009-2010-2011-2012-2013
Reggie Williams,0.50329607709842,2.40034485336609,-1.89704877626767,2009-2010-2011-2012-2013
Darren Collison,0.23820146545949,2.15768411774419,-1.9194826522847,2009-2010-2011-2012-2013
Lazar Hayward,-0.38578129759632,1.54381301345071,-1.92959431104703,2009-2010-2011-2012-2013
Nando De Colo,-2.27042164847244,-0.33711562553097,-1.9333060229414698,2009-2010-2011-2012-2013
Andris Biedrins,-1.66680528169337,0.26797192736041,-1.9347772090537798,2009-2010-2011-2012-2013
Josh Childress,-0.38456022889876,1.5593912654770998,-1.94395149437586,2009-2010-2011-2012-2013
Chris Wilcox,-1.01307603921712,0.93623813506254,-1.94931417427966,2009-2010-2011-2012-2013
Greg Stiemsma,-2.66936746329241,-0.7195579021324701,-1.94980956115994,2009-2010-2011-2012-2013
Anthony Randolph,-0.43918175495395995,1.5270398274013501,-1.9662215823553102,2009-2010-2011-2012-2013
Joel Freeland,-1.36646769511428,0.62868634236317,-1.99515403747745,2009-2010-2011-2012-2013
DeSagana Diop,-0.90971853229607,1.09193217034946,-2.00165070264553,2009-2010-2011-2012-2013
Willie Green,-0.6930564903949901,1.3087705989493201,-2.00182708934431,2009-2010-2011-2012-2013
Dominique Jones,-1.67163166111818,0.33955967173532997,-2.0111913328535103,2009-2010-2011-2012-2013
Malik Allen,-1.03543455735876,0.98753730373661,-2.0229718610953697,2009-2010-2011-2012-2013
Damien Wilkins,-2.0183094908962,0.04056463364046,-2.0588741245366604,2009-2010-2011-2012-2013
Wesley Johnson,-1.13999973407286,0.93410054247487,-2.07410027654773,2009-2010-2011-2012-2013
Darius Morris,-1.8988271171339302,0.20347938098252,-2.1023064981164503,2009-2010-2011-2012-2013
Ian Mahinmi,-3.47961529997547,-1.35313375965361,-2.12648154032186,2009-2010-2011-2012-2013
Raja Bell,-0.9682696286233,1.15860771475252,-2.12687734337582,2009-2010-2011-2012-2013
Kevin Seraphin,-2.2044099491113403,-0.06520160268232,-2.13920834642902,2009-2010-2011-2012-2013
Dahntay Jones,-1.2784329807177202,0.86952418578439,-2.14795716650211,2009-2010-2011-2012-2013
E'Twaun Moore,-1.90531286755845,0.24888482259019998,-2.15419769014865,2009-2010-2011-2012-2013
Spencer Hawes,-0.29476985078247997,1.8666580257780299,-2.16142787656051,2009-2010-2011-2012-2013
Rasual Butler,-2.28265731889998,-0.11950021815847,-2.1631571007415102,2009-2010-2011-2012-2013
Donald Sloan,-2.1133084911819,0.07059961198793001,-2.18390810316983,2009-2010-2011-2012-2013
Shelden Williams,-1.16315197867602,1.04958954855027,-2.21274152722629,2009-2010-2011-2012-2013
Ricky Davis,-1.00280226046675,1.22161845141755,-2.2244207118843,2009-2010-2011-2012-2013
Solomon Jones,-2.4975434690563603,-0.25250812819207,-2.24503534086429,2009-2010-2011-2012-2013
Yi Jianlian,-0.33109469565413,1.9320926989556502,-2.2631873946097802,2009-2010-2011-2012-2013
Marcus Morris Sr.,-1.5928786145179101,0.67184397856476,-2.26472259308267,2009-2010-2011-2012-2013
Larry Hughes,-1.09961391556779,1.17633157106914,-2.27594548663693,2009-2010-2011-2012-2013
Charles Jenkins,-2.41371748037916,-0.12293883767451,-2.2907786427046504,2009-2010-2011-2012-2013
DaJuan Summers,-1.4720381629337,0.82412376581333,-2.29616192874703,2009-2010-2011-2012-2013
Hilton Armstrong,-2.39458917109859,-0.09095972310298,-2.30362944799561,2009-2010-2011-2012-2013
Sonny Weems,0.049870555715449995,2.37014036164608,-2.3202698059306295,2009-2010-2011-2012-2013
Jordan Crawford,-1.6231720567206498,0.69948388328556,-2.32265594000621,2009-2010-2011-2012-2013
Tyrus Thomas,-2.00720157805581,0.34737613118812,-2.35457770924393,2009-2010-2011-2012-2013
Christian Eyenga,-0.92577443664867,1.49186617553484,-2.41764061218351,2009-2010-2011-2012-2013
Meyers Leonard,-0.70622810231102,1.7254567186302001,-2.4316848209412196,2009-2010-2011-2012-2013
Xavier Henry,-2.15232776049695,0.31155143358677,-2.46387919408372,2009-2010-2011-2012-2013
Juwan Howard,-1.7278168347973002,0.77511114127242,-2.5029279760697203,2009-2010-2011-2012-2013
Markieff Morris,-1.01968515456846,1.49805557419718,-2.5177407287656397,2009-2010-2011-2012-2013
Randy Foye,-0.62518204123433,1.89642772892261,-2.5216097701569398,2009-2010-2011-2012-2013
Josh Powell,-1.10788494172079,1.4178329523639799,-2.52571789408477,2009-2010-2011-2012-2013
Corey Maggette,-0.84570098535133,1.69078340174269,-2.53648438709402,2009-2010-2011-2012-2013
Tyler Hansbrough,-2.32851152804756,0.2130739495896,-2.54158547763716,2009-2010-2011-2012-2013
Jeremy Pargo,-2.6094640546297,-0.06093936938199,-2.5485246852477097,2009-2010-2011-2012-2013
Kim English,-1.00818668301428,1.5405383949017901,-2.54872507791607,2009-2010-2011-2012-2013
Drew Gooden,-0.5601666561918,2.06098739293432,-2.62115404912612,2009-2010-2011-2012-2013
Antonio Daniels,-1.02581383023541,1.60509017502639,-2.6309040052618,2009-2010-2011-2012-2013
Al Thornton,-0.79363529216804,1.8918616246469602,-2.685496916815,2009-2010-2011-2012-2013
Sam Young,-2.1106684992318803,0.5820202618191,-2.69268876105098,2009-2010-2011-2012-2013
Matt Carroll,-1.8874304035490501,0.8054419287653001,-2.6928723323143497,2009-2010-2011-2012-2013
Will Bynum,-0.56292909421269,2.13098925224976,-2.69391834646245,2009-2010-2011-2012-2013
Alan Anderson,-0.14648310495869,2.5795998334818804,-2.72608293844057,2009-2010-2011-2012-2013
JaVale McGee,-0.74220678970564,2.01410805824894,-2.7563148479545796,2009-2010-2011-2012-2013
Brian Skinner,-1.7229632389990202,1.04772693261295,-2.77069017161197,2009-2010-2011-2012-2013
Brandon Jennings,-1.08730276540525,1.71707669034977,-2.80437945575502,2009-2010-2011-2012-2013
Thomas Robinson,-1.29224114389148,1.52719452536267,-2.8194356692541502,2009-2010-2011-2012-2013
Terrence Williams,-2.1591031897630097,0.69448967261773,-2.8535928623807396,2009-2010-2011-2012-2013
Marreese Speights,-0.86134531000809,2.0035989327453,-2.86494424275339,2009-2010-2011-2012-2013
Jordan Hill,-0.97427552691511,1.96125630204065,-2.9355318289557597,2009-2010-2011-2012-2013
Dominic McGuire,-1.79444130977986,1.2297157756554,-3.02415708543526,2009-2010-2011-2012-2013
Bobby Brown,-1.40177334668029,1.63579183355421,-3.0375651802345,2009-2010-2011-2012-2013
Johan Petro,-2.69745979918301,0.3471005799219,-3.04456037910491,2009-2010-2011-2012-2013
Darrell Arthur,-3.0286272431142103,0.033660439838539995,-3.06228768295275,2009-2010-2011-2012-2013
Norris Cole,-2.04279953980249,1.0906194667282199,-3.1334190065307097,2009-2010-2011-2012-2013
James Johnson,-3.2695685426389702,-0.11463200625087999,-3.15493653638809,2009-2010-2011-2012-2013
Jeff Green,-1.53298714020699,1.7023008569112998,-3.2352879971182897,2009-2010-2011-2012-2013
Ed Davis,-2.00284062908363,1.23685972647873,-3.2397003555623605,2009-2010-2011-2012-2013
Brian Roberts,-1.36749977219991,1.87250078455371,-3.2400005567536203,2009-2010-2011-2012-2013
Trenton Hassell,-2.2864435321948,1.19871287482464,-3.48515640701944,2009-2010-2011-2012-2013
Timofey Mozgov,-1.8203540375815501,1.8115304042720701,-3.6318844418536202,2009-2010-2011-2012-2013
Byron Mullens,-0.51593585706581,3.2884934173688403,-3.80442927443465,2009-2010-2011-2012-2013
Earl Clark,-3.03735788787423,0.9726100549095401,-4.00996794278377,2009-2010-2011-2012-2013
JJ Hickson,-1.1051874269550601,2.9975713792771903,-4.1027588062322495,2009-2010-2011-2012-2013
Will Barton,-2.57766800395341,1.6129970635065698,-4.19066506745998,2009-2010-2011-2012-2013
Maurice Harkless,-3.09722987235339,1.24098163608284,-4.33821150843623,2009-2010-2011-2012-2013
Hakim Warrick,-2.49065321038929,2.51420528745433,-5.00485849784362,2009-2010-2011-2012-2013
Jonny Flynn,-1.57076896766409,3.61609033064072,-5.18685929830481,2009-2010-2011-2012-2013
