Name,PLAYER_ID,Poss_Off,Poss_Def,Off,Def,RAPM,Season,Season_Type,Prior_Mode,lambda_off,lambda_def,lambda_meta,lambda_season
Aaron Gordon,203932,1793,1769,2.335,-1.64,3.975,2022-23-24,playoff,zero,3000.0,3000.0,300.0,100.0
Gabe Vincent,1629216,2102,2114,0.508,-2.746,3.254,2022-23-24,playoff,zero,3000.0,3000.0,300.0,100.0
Jamal Murray,1627750,1655,1623,1.923,-1.257,3.18,2022-23-24,playoff,zero,3000.0,3000.0,300.0,100.0
Delon Wright,1626153,412,415,1.355,-1.544,2.899,2022-23-24,playoff,zero,3000.0,3000.0,300.0,100.0
Jayson Tatum,1628369,3295,3255,1.232,-1.602,2.834,2022-23-24,playoff,zero,3000.0,3000.0,300.0,100.0
Payton Pritchard,1630202,659,644,1.795,-0.586,2.381,2022-23-24,playoff,zero,3000.0,3000.0,300.0,100.0
Kevon Looney,1626172,1548,1554,0.556,-1.702,2.258,2022-23-24,playoff,zero,3000.0,3000.0,300.0,100.0
Giannis Antetokounmpo,203507,1012,1011,0.135,-2.021,2.156,2022-23-24,playoff,zero,3000.0,3000.0,300.0,100.0
Michael Porter Jr.,1629008,1425,1399,1.715,-0.347,2.062,2022-23-24,playoff,zero,3000.0,3000.0,300.0,100.0
Jevon Carter,1628975,386,382,1.028,-0.962,1.991,2022-23-24,playoff,zero,3000.0,3000.0,300.0,100.0
LeBron James,2544,1466,1456,0.673,-1.289,1.963,2022-23-24,playoff,zero,3000.0,3000.0,300.0,100.0
Trey Murphy III,1630530,652,652,1.625,-0.254,1.88,2022-23-24,playoff,zero,3000.0,3000.0,300.0,100.0
Austin Reaves,1630559,1308,1303,0.817,-0.986,1.804,2022-23-24,playoff,zero,3000.0,3000.0,300.0,100.0
Andrew Wiggins,203952,2535,2520,0.255,-1.522,1.778,2022-23-24,playoff,zero,3000.0,3000.0,300.0,100.0
Desmond Bane,1630217,1235,1236,0.261,-1.475,1.735,2022-23-24,playoff,zero,3000.0,3000.0,300.0,100.0
Dennis Schroder,203471,777,775,0.412,-1.313,1.725,2022-23-24,playoff,zero,3000.0,3000.0,300.0,100.0
Chris Paul,101108,1409,1396,1.275,-0.412,1.687,2022-23-24,playoff,zero,3000.0,3000.0,300.0,100.0
Stephen Curry,201939,2585,2558,0.941,-0.736,1.678,2022-23-24,playoff,zero,3000.0,3000.0,300.0,100.0
Nikola Jokic,203999,2013,1966,1.423,-0.247,1.67,2022-23-24,playoff,zero,3000.0,3000.0,300.0,100.0
Sam Hauser,1630573,260,246,1.235,-0.423,1.657,2022-23-24,playoff,zero,3000.0,3000.0,300.0,100.0
Jaime Jaquez Jr.,1631170,228,226,1.024,-0.605,1.629,2022-23-24,playoff,zero,3000.0,3000.0,300.0,100.0
Max Strus,1629622,2367,2351,0.268,-1.325,1.592,2022-23-24,playoff,zero,3000.0,3000.0,300.0,100.0
Nickeil Alexander-Walker,1629638,465,463,0.178,-1.398,1.576,2022-23-24,playoff,zero,3000.0,3000.0,300.0,100.0
P.J. Tucker,200782,1478,1456,0.796,-0.769,1.565,2022-23-24,playoff,zero,3000.0,3000.0,300.0,100.0
Otto Porter Jr.,203490,685,671,1.177,-0.386,1.564,2022-23-24,playoff,zero,3000.0,3000.0,300.0,100.0
Al Horford,201143,2608,2579,0.543,-0.977,1.52,2022-23-24,playoff,zero,3000.0,3000.0,300.0,100.0
Jimmy Butler,202710,2938,2931,0.554,-0.884,1.438,2022-23-24,playoff,zero,3000.0,3000.0,300.0,100.0
Anthony Davis,203076,1453,1443,0.974,-0.442,1.416,2022-23-24,playoff,zero,3000.0,3000.0,300.0,100.0
Jaylen Brown,1627759,3077,3041,0.284,-1.078,1.362,2022-23-24,playoff,zero,3000.0,3000.0,300.0,100.0
Luke Kornet,1628436,85,77,0.87,-0.482,1.353,2022-23-24,playoff,zero,3000.0,3000.0,300.0,100.0
Jaden McDaniels,1630183,477,468,0.931,-0.409,1.339,2022-23-24,playoff,zero,3000.0,3000.0,300.0,100.0
Larry Nance Jr.,1626204,436,434,0.377,-0.954,1.331,2022-23-24,playoff,zero,3000.0,3000.0,300.0,100.0
Bobby Portis,1626171,806,800,0.141,-1.19,1.331,2022-23-24,playoff,zero,3000.0,3000.0,300.0,100.0
De'Anthony Melton,1629001,777,782,-0.373,-1.688,1.315,2022-23-24,playoff,zero,3000.0,3000.0,300.0,100.0
Kentavious Caldwell-Pope,203484,1432,1404,0.91,-0.405,1.315,2022-23-24,playoff,zero,3000.0,3000.0,300.0,100.0
Gary Payton II,1627780,696,702,0.738,-0.561,1.299,2022-23-24,playoff,zero,3000.0,3000.0,300.0,100.0
Draymond Green,203110,2217,2198,0.524,-0.722,1.245,2022-23-24,playoff,zero,3000.0,3000.0,300.0,100.0
Bruce Brown,1628971,1335,1315,0.517,-0.725,1.243,2022-23-24,playoff,zero,3000.0,3000.0,300.0,100.0
D'Angelo Russell,1626156,1648,1625,0.988,-0.205,1.193,2022-23-24,playoff,zero,3000.0,3000.0,300.0,100.0
Jalen Brunson,1628973,2101,2098,1.238,0.069,1.169,2022-23-24,playoff,zero,3000.0,3000.0,300.0,100.0
Cam Whitmore,1641715,133,131,0.303,-0.827,1.13,2022-23-24,playoff,zero,3000.0,3000.0,300.0,100.0
Paul George,202331,131,130,0.339,-0.738,1.077,2022-23-24,playoff,zero,3000.0,3000.0,300.0,100.0
Malik Monk,1628370,419,410,0.561,-0.51,1.071,2022-23-24,playoff,zero,3000.0,3000.0,300.0,100.0
Amen Thompson,1641708,154,153,0.599,-0.47,1.07,2022-23-24,playoff,zero,3000.0,3000.0,300.0,100.0
Jose Alvarado,1630631,474,479,0.216,-0.839,1.055,2022-23-24,playoff,zero,3000.0,3000.0,300.0,100.0
Naji Marshall,1630230,205,211,0.415,-0.626,1.041,2022-23-24,playoff,zero,3000.0,3000.0,300.0,100.0
Jaylin Williams,1631119,150,152,0.535,-0.502,1.037,2022-23-24,playoff,zero,3000.0,3000.0,300.0,100.0
Kevin Durant,201142,1527,1521,1.806,0.859,0.948,2022-23-24,playoff,zero,3000.0,3000.0,300.0,100.0
Jusuf Nurkic,203994,140,145,0.577,-0.356,0.933,2022-23-24,playoff,zero,3000.0,3000.0,300.0,100.0
Svi Mykhailiuk,1629004,96,88,0.599,-0.319,0.918,2022-23-24,playoff,zero,3000.0,3000.0,300.0,100.0
Shai Gilgeous-Alexander,1628983,233,231,0.815,-0.089,0.904,2022-23-24,playoff,zero,3000.0,3000.0,300.0,100.0
Jrue Holiday,201950,1216,1224,0.659,-0.232,0.892,2022-23-24,playoff,zero,3000.0,3000.0,300.0,100.0
Danny Green,201980,614,609,0.232,-0.633,0.865,2022-23-24,playoff,zero,3000.0,3000.0,300.0,100.0
Johnny Juzang,1630548,84,84,0.779,-0.067,0.846,2022-23-24,playoff,zero,3000.0,3000.0,300.0,100.0
Miles McBride,1630540,105,106,0.161,-0.683,0.843,2022-23-24,playoff,zero,3000.0,3000.0,300.0,100.0
Bradley Beal,203078,192,198,0.41,-0.424,0.834,2022-23-24,playoff,zero,3000.0,3000.0,300.0,100.0
Kelly Oubre Jr.,1626162,263,266,0.394,-0.436,0.831,2022-23-24,playoff,zero,3000.0,3000.0,300.0,100.0
Leaky Black,1641778,65,64,0.41,-0.399,0.81,2022-23-24,playoff,zero,3000.0,3000.0,300.0,100.0
Robert Williams III,1629057,1443,1425,0.519,-0.26,0.779,2022-23-24,playoff,zero,3000.0,3000.0,300.0,100.0
Quentin Grimes,1629656,459,462,-0.358,-1.126,0.768,2022-23-24,playoff,zero,3000.0,3000.0,300.0,100.0
Sidy Cissoko,1631321,52,52,0.576,-0.178,0.753,2022-23-24,playoff,zero,3000.0,3000.0,300.0,100.0
Trey Lyles,1626168,358,355,-0.135,-0.86,0.725,2022-23-24,playoff,zero,3000.0,3000.0,300.0,100.0
Alex Len,203458,155,156,0.23,-0.479,0.709,2022-23-24,playoff,zero,3000.0,3000.0,300.0,100.0
Derrick White,1628401,2167,2167,-0.128,-0.827,0.699,2022-23-24,playoff,zero,3000.0,3000.0,300.0,100.0
Kyle Lowry,200768,1814,1826,0.412,-0.284,0.696,2022-23-24,playoff,zero,3000.0,3000.0,300.0,100.0
Dorian Finney-Smith,1627827,1359,1374,0.836,0.146,0.69,2022-23-24,playoff,zero,3000.0,3000.0,300.0,100.0
Onyeka Okongwu,1630168,515,529,0.519,-0.163,0.683,2022-23-24,playoff,zero,3000.0,3000.0,300.0,100.0
Luguentz Dort,1629652,211,207,0.492,-0.186,0.678,2022-23-24,playoff,zero,3000.0,3000.0,300.0,100.0
Caleb Martin,1628997,1749,1759,-0.006,-0.672,0.666,2022-23-24,playoff,zero,3000.0,3000.0,300.0,100.0
Bam Adebayo,1628389,2911,2914,0.065,-0.599,0.664,2022-23-24,playoff,zero,3000.0,3000.0,300.0,100.0
Amari Bailey,1641735,44,44,0.286,-0.371,0.657,2022-23-24,playoff,zero,3000.0,3000.0,300.0,100.0
Davion Mitchell,1630558,411,413,-0.351,-0.99,0.638,2022-23-24,playoff,zero,3000.0,3000.0,300.0,100.0
Joel Embiid,203954,1454,1460,0.403,-0.225,0.628,2022-23-24,playoff,zero,3000.0,3000.0,300.0,100.0
Jordan Walsh,1641775,58,57,0.164,-0.457,0.62,2022-23-24,playoff,zero,3000.0,3000.0,300.0,100.0
T.J. Warren,203933,141,141,0.176,-0.44,0.616,2022-23-24,playoff,zero,3000.0,3000.0,300.0,100.0
Julian Champagnie,1630577,107,105,0.4,-0.21,0.61,2022-23-24,playoff,zero,3000.0,3000.0,300.0,100.0
Devonte' Graham,1628984,208,208,0.644,0.068,0.576,2022-23-24,playoff,zero,3000.0,3000.0,300.0,100.0
De'Aaron Fox,1628368,815,819,0.369,-0.205,0.575,2022-23-24,playoff,zero,3000.0,3000.0,300.0,100.0
Aaron Holiday,1628988,109,109,0.516,-0.06,0.575,2022-23-24,playoff,zero,3000.0,3000.0,300.0,100.0
Gui Santos,1630611,47,47,0.322,-0.23,0.552,2022-23-24,playoff,zero,3000.0,3000.0,300.0,100.0
Dalen Terry,1631207,150,150,0.286,-0.264,0.55,2022-23-24,playoff,zero,3000.0,3000.0,300.0,100.0
Jock Landale,1629111,264,268,0.277,-0.272,0.549,2022-23-24,playoff,zero,3000.0,3000.0,300.0,100.0
Rudy Gobert,203497,938,927,0.526,-0.022,0.548,2022-23-24,playoff,zero,3000.0,3000.0,300.0,100.0
Jaden Springer,1630531,50,48,0.416,-0.128,0.543,2022-23-24,playoff,zero,3000.0,3000.0,300.0,100.0
Chet Holmgren,1631096,68,65,0.291,-0.244,0.535,2022-23-24,playoff,zero,3000.0,3000.0,300.0,100.0
Reggie Bullock Jr.,203493,1249,1243,0.428,-0.107,0.535,2022-23-24,playoff,zero,3000.0,3000.0,300.0,100.0
Andre Drummond,203083,215,211,0.285,-0.248,0.533,2022-23-24,playoff,zero,3000.0,3000.0,300.0,100.0
Klay Thompson,202691,2584,2568,0.213,-0.318,0.53,2022-23-24,playoff,zero,3000.0,3000.0,300.0,100.0
Isaiah Joe,1630198,122,123,0.23,-0.299,0.529,2022-23-24,playoff,zero,3000.0,3000.0,300.0,100.0
Tre Jones,1630200,139,136,0.504,-0.024,0.528,2022-23-24,playoff,zero,3000.0,3000.0,300.0,100.0
Cason Wallace,1641717,49,49,0.286,-0.224,0.51,2022-23-24,playoff,zero,3000.0,3000.0,300.0,100.0
Keyonte George,1641718,97,97,0.212,-0.266,0.478,2022-23-24,playoff,zero,3000.0,3000.0,300.0,100.0
Garrison Mathews,1629726,88,91,0.474,-0.003,0.477,2022-23-24,playoff,zero,3000.0,3000.0,300.0,100.0
Dāvis Bertāns,202722,325,324,0.012,-0.459,0.471,2022-23-24,playoff,zero,3000.0,3000.0,300.0,100.0
Luke Kennard,1628379,199,197,0.369,-0.085,0.454,2022-23-24,playoff,zero,3000.0,3000.0,300.0,100.0
Taurean Prince,1627752,508,511,-0.197,-0.646,0.449,2022-23-24,playoff,zero,3000.0,3000.0,300.0,100.0
Joe Harris,203925,85,78,-0.131,-0.575,0.444,2022-23-24,playoff,zero,3000.0,3000.0,300.0,100.0
Tyrese Maxey,1630178,1867,1863,0.196,-0.232,0.428,2022-23-24,playoff,zero,3000.0,3000.0,300.0,100.0
Duncan Robinson,1629130,882,894,0.629,0.211,0.417,2022-23-24,playoff,zero,3000.0,3000.0,300.0,100.0
RaiQuan Gray,1630564,18,17,0.144,-0.261,0.405,2022-23-24,playoff,zero,3000.0,3000.0,300.0,100.0
Malcolm Brogdon,1627763,859,847,1.012,0.609,0.403,2022-23-24,playoff,zero,3000.0,3000.0,300.0,100.0
Andrew Nembhard,1629614,116,116,0.839,0.446,0.392,2022-23-24,playoff,zero,3000.0,3000.0,300.0,100.0
Javonte Green,1629750,289,286,0.27,-0.122,0.392,2022-23-24,playoff,zero,3000.0,3000.0,300.0,100.0
Nate Williams,1631466,50,49,-0.031,-0.417,0.386,2022-23-24,playoff,zero,3000.0,3000.0,300.0,100.0
Gordon Hayward,202330,64,61,0.256,-0.126,0.382,2022-23-24,playoff,zero,3000.0,3000.0,300.0,100.0
Adama Sanogo,1641766,77,76,0.262,-0.117,0.379,2022-23-24,playoff,zero,3000.0,3000.0,300.0,100.0
Tobias Harris,202699,1732,1732,-0.257,-0.636,0.378,2022-23-24,playoff,zero,3000.0,3000.0,300.0,100.0
Tyrese Haliburton,1630169,124,123,0.918,0.542,0.376,2022-23-24,playoff,zero,3000.0,3000.0,300.0,100.0
Bismack Biyombo,202687,248,251,0.112,-0.251,0.363,2022-23-24,playoff,zero,3000.0,3000.0,300.0,100.0
Obi Toppin,1630167,347,349,-0.185,-0.547,0.361,2022-23-24,playoff,zero,3000.0,3000.0,300.0,100.0
Boban Marjanovic,1626246,25,25,0.05,-0.307,0.357,2022-23-24,playoff,zero,3000.0,3000.0,300.0,100.0
Dillon Brooks,1628415,1003,1007,-0.825,-1.17,0.345,2022-23-24,playoff,zero,3000.0,3000.0,300.0,100.0
Grayson Allen,1628960,993,980,0.164,-0.177,0.341,2022-23-24,playoff,zero,3000.0,3000.0,300.0,100.0
David Duke Jr.,1630561,37,34,-0.099,-0.437,0.338,2022-23-24,playoff,zero,3000.0,3000.0,300.0,100.0
Devin Booker,1626164,1678,1674,0.826,0.493,0.333,2022-23-24,playoff,zero,3000.0,3000.0,300.0,100.0
Kristaps Porzingis,204001,45,45,0.005,-0.325,0.33,2022-23-24,playoff,zero,3000.0,3000.0,300.0,100.0
Lester Quinones,1631311,36,36,0.093,-0.229,0.322,2022-23-24,playoff,zero,3000.0,3000.0,300.0,100.0
Neemias Queta,1629674,37,33,0.18,-0.143,0.322,2022-23-24,playoff,zero,3000.0,3000.0,300.0,100.0
Jericho Sims,1630579,42,44,0.232,-0.086,0.319,2022-23-24,playoff,zero,3000.0,3000.0,300.0,100.0
Tristan Vukcevic,1641774,52,51,0.045,-0.271,0.316,2022-23-24,playoff,zero,3000.0,3000.0,300.0,100.0
Keon Ellis,1631165,210,208,-0.256,-0.555,0.299,2022-23-24,playoff,zero,3000.0,3000.0,300.0,100.0
Dewayne Dedmon,203473,226,224,-0.249,-0.545,0.296,2022-23-24,playoff,zero,3000.0,3000.0,300.0,100.0
Jalen Green,1630224,117,114,-0.135,-0.43,0.295,2022-23-24,playoff,zero,3000.0,3000.0,300.0,100.0
Terance Mann,1629611,461,471,0.23,-0.063,0.293,2022-23-24,playoff,zero,3000.0,3000.0,300.0,100.0
Goran Dragic,201609,180,176,0.437,0.148,0.289,2022-23-24,playoff,zero,3000.0,3000.0,300.0,100.0
Georges Niang,1627777,737,749,-0.238,-0.515,0.276,2022-23-24,playoff,zero,3000.0,3000.0,300.0,100.0
Myles Turner,1626167,101,99,0.738,0.464,0.274,2022-23-24,playoff,zero,3000.0,3000.0,300.0,100.0
Jalen McDaniels,1629667,204,203,0.073,-0.2,0.273,2022-23-24,playoff,zero,3000.0,3000.0,300.0,100.0
James Harden,201935,1598,1594,0.395,0.125,0.27,2022-23-24,playoff,zero,3000.0,3000.0,300.0,100.0
Thomas Bryant,1628418,19,18,0.217,-0.052,0.269,2022-23-24,playoff,zero,3000.0,3000.0,300.0,100.0
Jason Preston,1630554,38,37,0.312,0.047,0.265,2022-23-24,playoff,zero,3000.0,3000.0,300.0,100.0
Jamaree Bouyea,1631123,17,16,-0.058,-0.315,0.258,2022-23-24,playoff,zero,3000.0,3000.0,300.0,100.0
Wesley Matthews,202083,722,747,-0.647,-0.895,0.248,2022-23-24,playoff,zero,3000.0,3000.0,300.0,100.0
Vit Krejci,1630249,34,36,0.295,0.049,0.245,2022-23-24,playoff,zero,3000.0,3000.0,300.0,100.0
Craig Porter Jr.,1641854,21,20,0.118,-0.125,0.244,2022-23-24,playoff,zero,3000.0,3000.0,300.0,100.0
Kawhi Leonard,202695,165,163,0.261,0.023,0.239,2022-23-24,playoff,zero,3000.0,3000.0,300.0,100.0
Wendell Carter Jr.,1628976,55,56,-0.249,-0.487,0.238,2022-23-24,playoff,zero,3000.0,3000.0,300.0,100.0
Julius Randle,203944,604,608,-0.171,-0.408,0.237,2022-23-24,playoff,zero,3000.0,3000.0,300.0,100.0
Scotty Pippen Jr.,1630590,94,94,0.18,-0.056,0.236,2022-23-24,playoff,zero,3000.0,3000.0,300.0,100.0
Chimezie Metu,1629002,102,102,-0.157,-0.392,0.235,2022-23-24,playoff,zero,3000.0,3000.0,300.0,100.0
Marcus Sasser,1631204,94,93,-0.39,-0.617,0.228,2022-23-24,playoff,zero,3000.0,3000.0,300.0,100.0
Keegan Murray,1631099,636,632,0.167,-0.059,0.226,2022-23-24,playoff,zero,3000.0,3000.0,300.0,100.0
Taylor Hendricks,1641707,128,128,0.232,0.013,0.22,2022-23-24,playoff,zero,3000.0,3000.0,300.0,100.0
JT Thor,1630550,102,104,0.273,0.06,0.213,2022-23-24,playoff,zero,3000.0,3000.0,300.0,100.0
Mo Bamba,1628964,42,41,-0.107,-0.318,0.212,2022-23-24,playoff,zero,3000.0,3000.0,300.0,100.0
Jalen Wilson,1630592,98,104,-0.01,-0.21,0.2,2022-23-24,playoff,zero,3000.0,3000.0,300.0,100.0
Henri Drell,1630929,52,52,0.246,0.049,0.197,2022-23-24,playoff,zero,3000.0,3000.0,300.0,100.0
Jaxson Hayes,1629637,313,318,0.192,0.002,0.19,2022-23-24,playoff,zero,3000.0,3000.0,300.0,100.0
Caris LeVert,1627747,536,538,-0.665,-0.84,0.175,2022-23-24,playoff,zero,3000.0,3000.0,300.0,100.0
Omer Yurtseven,1630209,88,90,0.088,-0.085,0.174,2022-23-24,playoff,zero,3000.0,3000.0,300.0,100.0
Jerome Robinson,1629010,12,11,-0.07,-0.235,0.165,2022-23-24,playoff,zero,3000.0,3000.0,300.0,100.0
Usman Garuba,1630586,12,11,-0.07,-0.235,0.165,2022-23-24,playoff,zero,3000.0,3000.0,300.0,100.0
Sandro Mamukelashvili,1630572,91,91,-0.048,-0.212,0.164,2022-23-24,playoff,zero,3000.0,3000.0,300.0,100.0
Patty Mills,201988,190,186,0.318,0.155,0.162,2022-23-24,playoff,zero,3000.0,3000.0,300.0,100.0
Khris Middleton,203114,573,574,0.28,0.119,0.161,2022-23-24,playoff,zero,3000.0,3000.0,300.0,100.0
Chris Boucher,1628449,199,205,0.1,-0.058,0.158,2022-23-24,playoff,zero,3000.0,3000.0,300.0,100.0
Bogdan Bogdanovic,203992,720,737,0.936,0.78,0.156,2022-23-24,playoff,zero,3000.0,3000.0,300.0,100.0
Marcus Smart,203935,2644,2645,-0.147,-0.3,0.153,2022-23-24,playoff,zero,3000.0,3000.0,300.0,100.0
Zeke Nnaji,1630192,31,33,-0.025,-0.177,0.152,2022-23-24,playoff,zero,3000.0,3000.0,300.0,100.0
Kenneth Lofton Jr.,1631254,102,102,0.333,0.188,0.145,2022-23-24,playoff,zero,3000.0,3000.0,300.0,100.0
JD Davison,1631120,28,26,-0.078,-0.221,0.143,2022-23-24,playoff,zero,3000.0,3000.0,300.0,100.0
Justin Holiday,203200,56,60,-0.026,-0.162,0.136,2022-23-24,playoff,zero,3000.0,3000.0,300.0,100.0
Deandre Ayton,1629028,1383,1368,0.459,0.332,0.127,2022-23-24,playoff,zero,3000.0,3000.0,300.0,100.0
Moses Moody,1630541,423,441,0.467,0.341,0.126,2022-23-24,playoff,zero,3000.0,3000.0,300.0,100.0
Evan Mobley,1630596,647,644,-0.979,-1.097,0.118,2022-23-24,playoff,zero,3000.0,3000.0,300.0,100.0
Steven Adams,203500,208,208,0.439,0.322,0.117,2022-23-24,playoff,zero,3000.0,3000.0,300.0,100.0
Gorgui Dieng,203476,9,10,0.071,-0.04,0.112,2022-23-24,playoff,zero,3000.0,3000.0,300.0,100.0
Jordan Poole,1629673,1642,1622,-0.296,-0.405,0.109,2022-23-24,playoff,zero,3000.0,3000.0,300.0,100.0
Thaddeus Young,201152,181,182,-0.018,-0.125,0.107,2022-23-24,playoff,zero,3000.0,3000.0,300.0,100.0
Aaron Nesmith,1630174,128,125,0.28,0.177,0.104,2022-23-24,playoff,zero,3000.0,3000.0,300.0,100.0
Aleksej Pokusevski,1630197,59,61,-0.1,-0.201,0.101,2022-23-24,playoff,zero,3000.0,3000.0,300.0,100.0
Dyson Daniels,1630700,96,101,0.12,0.02,0.101,2022-23-24,playoff,zero,3000.0,3000.0,300.0,100.0
Malik Fitts,1630238,1,1,0.062,-0.036,0.098,2022-23-24,playoff,zero,3000.0,3000.0,300.0,100.0
Timothe Luwawu-Cabarrot,1627789,29,29,-0.019,-0.113,0.094,2022-23-24,playoff,zero,3000.0,3000.0,300.0,100.0
Sam Merrill,1630241,10,10,-0.075,-0.162,0.087,2022-23-24,playoff,zero,3000.0,3000.0,300.0,100.0
Kenrich Williams,1629026,21,23,0.145,0.061,0.084,2022-23-24,playoff,zero,3000.0,3000.0,300.0,100.0
Jabari Smith Jr.,1631095,134,135,-0.149,-0.227,0.078,2022-23-24,playoff,zero,3000.0,3000.0,300.0,100.0
Nate Hinton,1630207,30,32,-0.0,-0.077,0.076,2022-23-24,playoff,zero,3000.0,3000.0,300.0,100.0
Talen Horton-Tucker,1629659,57,57,0.115,0.04,0.075,2022-23-24,playoff,zero,3000.0,3000.0,300.0,100.0
Andrew Funk,1641847,15,15,0.088,0.019,0.069,2022-23-24,playoff,zero,3000.0,3000.0,300.0,100.0
Thanasis Antetokounmpo,203648,1,3,0.029,-0.04,0.068,2022-23-24,playoff,zero,3000.0,3000.0,300.0,100.0
Taj Gibson,201959,36,35,-0.245,-0.308,0.063,2022-23-24,playoff,zero,3000.0,3000.0,300.0,100.0
Blake Griffin,201933,60,59,0.19,0.127,0.063,2022-23-24,playoff,zero,3000.0,3000.0,300.0,100.0
Pat Spencer,1630311,33,32,-0.088,-0.15,0.062,2022-23-24,playoff,zero,3000.0,3000.0,300.0,100.0
Juwan Morgan,1629752,1,0,0.062,0.0,0.062,2022-23-24,playoff,zero,3000.0,3000.0,300.0,100.0
Nik Stauskas,203917,3,2,0.056,-0.005,0.061,2022-23-24,playoff,zero,3000.0,3000.0,300.0,100.0
Isaiah Thomas,202738,11,12,-0.001,-0.063,0.061,2022-23-24,playoff,zero,3000.0,3000.0,300.0,100.0
Joshua Primo,1630563,21,21,-0.118,-0.17,0.052,2022-23-24,playoff,zero,3000.0,3000.0,300.0,100.0
Jermaine Samuels Jr.,1631257,10,11,0.065,0.019,0.046,2022-23-24,playoff,zero,3000.0,3000.0,300.0,100.0
Eric Paschall,1629672,33,33,0.195,0.15,0.045,2022-23-24,playoff,zero,3000.0,3000.0,300.0,100.0
Paul Reed,1630194,561,567,-0.082,-0.125,0.044,2022-23-24,playoff,zero,3000.0,3000.0,300.0,100.0
DeMarcus Cousins,202326,96,95,0.108,0.067,0.041,2022-23-24,playoff,zero,3000.0,3000.0,300.0,100.0
Jaden Ivey,1631093,81,82,-0.157,-0.197,0.039,2022-23-24,playoff,zero,3000.0,3000.0,300.0,100.0
1630492,1630492,1,2,0.029,-0.005,0.034,2022-23-24,playoff,zero,3000.0,3000.0,300.0,100.0
Rayjon Tucker,1629730,1,2,0.029,-0.005,0.034,2022-23-24,playoff,zero,3000.0,3000.0,300.0,100.0
Oshae Brissett,1629052,34,32,0.053,0.02,0.033,2022-23-24,playoff,zero,3000.0,3000.0,300.0,100.0
Cody Zeller,203469,272,276,-0.141,-0.171,0.03,2022-23-24,playoff,zero,3000.0,3000.0,300.0,100.0
Terence Davis,1629056,108,110,0.437,0.411,0.026,2022-23-24,playoff,zero,3000.0,3000.0,300.0,100.0
Zion Williamson,1629627,198,199,-0.115,-0.141,0.026,2022-23-24,playoff,zero,3000.0,3000.0,300.0,100.0
Frank Ntilikina,1628373,143,142,-0.609,-0.62,0.011,2022-23-24,playoff,zero,3000.0,3000.0,300.0,100.0
Sasha Vezenkov,1628426,19,18,-0.241,-0.252,0.011,2022-23-24,playoff,zero,3000.0,3000.0,300.0,100.0
Nathan Knight,1630233,1,1,0.031,0.026,0.005,2022-23-24,playoff,zero,3000.0,3000.0,300.0,100.0
Aaron Wiggins,1630598,86,86,-0.181,-0.186,0.004,2022-23-24,playoff,zero,3000.0,3000.0,300.0,100.0
Mike Muscala,203488,3,4,0.016,0.012,0.004,2022-23-24,playoff,zero,3000.0,3000.0,300.0,100.0
Ben Sheppard,1641767,69,68,0.563,0.563,0.0,2022-23-24,playoff,zero,3000.0,3000.0,300.0,100.0
AJ Griffin,1631100,51,52,-0.05,-0.048,-0.002,2022-23-24,playoff,zero,3000.0,3000.0,300.0,100.0
Jalen Smith,1630188,67,66,0.343,0.348,-0.005,2022-23-24,playoff,zero,3000.0,3000.0,300.0,100.0
Immanuel Quickley,1630193,349,351,-1.232,-1.224,-0.008,2022-23-24,playoff,zero,3000.0,3000.0,300.0,100.0
Jakob Poeltl,1627751,136,134,-0.236,-0.224,-0.012,2022-23-24,playoff,zero,3000.0,3000.0,300.0,100.0
Danuel House Jr.,1627863,226,225,0.025,0.038,-0.013,2022-23-24,playoff,zero,3000.0,3000.0,300.0,100.0
Paul Millsap,200794,10,11,0.041,0.056,-0.015,2022-23-24,playoff,zero,3000.0,3000.0,300.0,100.0
Isaiah Hartenstein,1628392,496,502,0.168,0.183,-0.015,2022-23-24,playoff,zero,3000.0,3000.0,300.0,100.0
Jared Rhoden,1631197,73,72,-0.362,-0.347,-0.016,2022-23-24,playoff,zero,3000.0,3000.0,300.0,100.0
Anthony Lamb,1630237,11,9,-0.08,-0.063,-0.017,2022-23-24,playoff,zero,3000.0,3000.0,300.0,100.0
Furkan Korkmaz,1627788,75,80,0.036,0.056,-0.02,2022-23-24,playoff,zero,3000.0,3000.0,300.0,100.0
Micah Potter,1630695,45,44,0.126,0.147,-0.022,2022-23-24,playoff,zero,3000.0,3000.0,300.0,100.0
Max Christie,1631108,1,2,-0.036,-0.01,-0.026,2022-23-24,playoff,zero,3000.0,3000.0,300.0,100.0
Shaquille Harrison,1627885,1,2,-0.036,-0.01,-0.026,2022-23-24,playoff,zero,3000.0,3000.0,300.0,100.0
Torrey Craig,1628470,551,557,0.383,0.411,-0.027,2022-23-24,playoff,zero,3000.0,3000.0,300.0,100.0
Keon Johnson,1630553,0,1,0.0,0.029,-0.029,2022-23-24,playoff,zero,3000.0,3000.0,300.0,100.0
Jeremiah Robinson-Earl,1630526,14,13,-0.078,-0.048,-0.029,2022-23-24,playoff,zero,3000.0,3000.0,300.0,100.0
Cole Anthony,1630175,68,67,-0.154,-0.123,-0.031,2022-23-24,playoff,zero,3000.0,3000.0,300.0,100.0
Nick Smith Jr.,1641733,90,93,0.01,0.048,-0.037,2022-23-24,playoff,zero,3000.0,3000.0,300.0,100.0
Juancho Hernangomez,1627823,82,77,-0.141,-0.104,-0.037,2022-23-24,playoff,zero,3000.0,3000.0,300.0,100.0
Serge Ibaka,201586,1,2,0.027,0.067,-0.04,2022-23-24,playoff,zero,3000.0,3000.0,300.0,100.0
Bojan Bogdanovic,202711,506,507,0.001,0.047,-0.046,2022-23-24,playoff,zero,3000.0,3000.0,300.0,100.0
Jabari Walker,1631133,28,27,-0.061,-0.016,-0.046,2022-23-24,playoff,zero,3000.0,3000.0,300.0,100.0
Chris Livingston,1641753,12,11,-0.208,-0.162,-0.047,2022-23-24,playoff,zero,3000.0,3000.0,300.0,100.0
TyTy Washington Jr.,1631102,12,11,-0.208,-0.162,-0.047,2022-23-24,playoff,zero,3000.0,3000.0,300.0,100.0
Domantas Sabonis,1627734,752,745,-0.523,-0.474,-0.05,2022-23-24,playoff,zero,3000.0,3000.0,300.0,100.0
Trey Burke,203504,15,18,0.039,0.09,-0.051,2022-23-24,playoff,zero,3000.0,3000.0,300.0,100.0
Doug McDermott,203926,28,25,0.167,0.22,-0.053,2022-23-24,playoff,zero,3000.0,3000.0,300.0,100.0
Evan Fournier,203095,73,74,-0.452,-0.397,-0.055,2022-23-24,playoff,zero,3000.0,3000.0,300.0,100.0
Justin Champagnie,1630551,56,59,0.068,0.136,-0.068,2022-23-24,playoff,zero,3000.0,3000.0,300.0,100.0
Bol Bol,1629626,14,15,-0.032,0.037,-0.069,2022-23-24,playoff,zero,3000.0,3000.0,300.0,100.0
Day'Ron Sharpe,1630549,26,23,0.228,0.3,-0.072,2022-23-24,playoff,zero,3000.0,3000.0,300.0,100.0
Anthony Edwards,1630162,1141,1138,0.033,0.107,-0.074,2022-23-24,playoff,zero,3000.0,3000.0,300.0,100.0
Kobe Bufkin,1641723,23,23,-0.143,-0.066,-0.078,2022-23-24,playoff,zero,3000.0,3000.0,300.0,100.0
Moritz Wagner,1629021,74,76,-0.271,-0.192,-0.079,2022-23-24,playoff,zero,3000.0,3000.0,300.0,100.0
Rui Hachimura,1629060,896,896,0.181,0.261,-0.08,2022-23-24,playoff,zero,3000.0,3000.0,300.0,100.0
Franz Wagner,1630532,193,196,-0.324,-0.241,-0.083,2022-23-24,playoff,zero,3000.0,3000.0,300.0,100.0
Reggie Jackson,202704,256,259,-0.819,-0.735,-0.084,2022-23-24,playoff,zero,3000.0,3000.0,300.0,100.0
Luka Samanic,1629677,112,114,-0.029,0.056,-0.085,2022-23-24,playoff,zero,3000.0,3000.0,300.0,100.0
Jarrett Allen,1628386,595,598,-0.325,-0.239,-0.086,2022-23-24,playoff,zero,3000.0,3000.0,300.0,100.0
Bones Hyland,1630538,365,368,-0.002,0.084,-0.086,2022-23-24,playoff,zero,3000.0,3000.0,300.0,100.0
Haywood Highsmith,1629312,384,399,-0.08,0.007,-0.087,2022-23-24,playoff,zero,3000.0,3000.0,300.0,100.0
Greg Monroe,202328,14,15,-0.186,-0.096,-0.09,2022-23-24,playoff,zero,3000.0,3000.0,300.0,100.0
Keita Bates-Diop,1628966,10,11,0.139,0.229,-0.09,2022-23-24,playoff,zero,3000.0,3000.0,300.0,100.0
Markieff Morris,202693,47,49,-0.286,-0.195,-0.091,2022-23-24,playoff,zero,3000.0,3000.0,300.0,100.0
Drew Peterson,1641809,11,11,-0.002,0.091,-0.092,2022-23-24,playoff,zero,3000.0,3000.0,300.0,100.0
Sterling Brown,1628425,3,4,0.024,0.117,-0.093,2022-23-24,playoff,zero,3000.0,3000.0,300.0,100.0
Jalen Williams,1631114,213,212,0.366,0.462,-0.096,2022-23-24,playoff,zero,3000.0,3000.0,300.0,100.0
Ivica Zubac,1627826,408,409,-0.171,-0.071,-0.1,2022-23-24,playoff,zero,3000.0,3000.0,300.0,100.0
Brandon Clarke,1629634,583,589,-0.569,-0.467,-0.103,2022-23-24,playoff,zero,3000.0,3000.0,300.0,100.0
Lauri Markkanen,1628374,124,125,-0.082,0.023,-0.105,2022-23-24,playoff,zero,3000.0,3000.0,300.0,100.0
Zach Collins,1628380,94,98,-0.05,0.06,-0.11,2022-23-24,playoff,zero,3000.0,3000.0,300.0,100.0
Jordan Clarkson,203903,292,291,0.46,0.572,-0.113,2022-23-24,playoff,zero,3000.0,3000.0,300.0,100.0
Alec Burks,202692,22,23,0.201,0.321,-0.12,2022-23-24,playoff,zero,3000.0,3000.0,300.0,100.0
Bryn Forbes,1627854,104,108,-0.067,0.058,-0.125,2022-23-24,playoff,zero,3000.0,3000.0,300.0,100.0
Robert Covington,203496,128,130,-0.202,-0.074,-0.128,2022-23-24,playoff,zero,3000.0,3000.0,300.0,100.0
Tre Mann,1630544,81,82,0.296,0.431,-0.135,2022-23-24,playoff,zero,3000.0,3000.0,300.0,100.0
Trendon Watford,1630570,130,132,-0.304,-0.168,-0.136,2022-23-24,playoff,zero,3000.0,3000.0,300.0,100.0
Gary Harris,203914,182,185,-0.556,-0.419,-0.137,2022-23-24,playoff,zero,3000.0,3000.0,300.0,100.0
T.J. McConnell,204456,65,63,0.26,0.398,-0.138,2022-23-24,playoff,zero,3000.0,3000.0,300.0,100.0
Armoni Brooks,1629717,4,3,-0.051,0.089,-0.139,2022-23-24,playoff,zero,3000.0,3000.0,300.0,100.0
Yuta Watanabe,1629139,4,3,-0.051,0.089,-0.139,2022-23-24,playoff,zero,3000.0,3000.0,300.0,100.0
Christian Braun,1631128,517,513,-0.978,-0.83,-0.148,2022-23-24,playoff,zero,3000.0,3000.0,300.0,100.0
Garrett Temple,202066,22,23,0.006,0.156,-0.15,2022-23-24,playoff,zero,3000.0,3000.0,300.0,100.0
Hassan Whiteside,202355,110,114,-0.069,0.084,-0.153,2022-23-24,playoff,zero,3000.0,3000.0,300.0,100.0
Mikal Bridges,1628969,1243,1245,0.121,0.279,-0.158,2022-23-24,playoff,zero,3000.0,3000.0,300.0,100.0
Moses Brown,1629650,43,44,0.091,0.249,-0.158,2022-23-24,playoff,zero,3000.0,3000.0,300.0,100.0
Xavier Moon,1629875,137,137,-0.562,-0.399,-0.163,2022-23-24,playoff,zero,3000.0,3000.0,300.0,100.0
Jonathan Isaac,1628371,150,154,-0.571,-0.408,-0.163,2022-23-24,playoff,zero,3000.0,3000.0,300.0,100.0
Onuralp Bitim,1641931,54,53,-0.092,0.075,-0.166,2022-23-24,playoff,zero,3000.0,3000.0,300.0,100.0
Darius Bazley,1629647,61,63,0.06,0.227,-0.167,2022-23-24,playoff,zero,3000.0,3000.0,300.0,100.0
Lindy Waters III,1630322,31,30,-0.125,0.041,-0.167,2022-23-24,playoff,zero,3000.0,3000.0,300.0,100.0
James Wiseman,1630164,106,108,-0.395,-0.227,-0.168,2022-23-24,playoff,zero,3000.0,3000.0,300.0,100.0
Damian Lillard,203081,61,59,-0.193,-0.022,-0.171,2022-23-24,playoff,zero,3000.0,3000.0,300.0,100.0
Buddy Hield,1627741,121,115,-0.176,-0.004,-0.172,2022-23-24,playoff,zero,3000.0,3000.0,300.0,100.0
Grant Williams,1629684,1547,1541,0.306,0.482,-0.177,2022-23-24,playoff,zero,3000.0,3000.0,300.0,100.0
Wenyen Gabriel,1629117,40,39,-0.412,-0.228,-0.185,2022-23-24,playoff,zero,3000.0,3000.0,300.0,100.0
Naz Reid,1629675,267,264,-0.717,-0.53,-0.187,2022-23-24,playoff,zero,3000.0,3000.0,300.0,100.0
Brandon Miller,1641706,23,24,-0.101,0.086,-0.187,2022-23-24,playoff,zero,3000.0,3000.0,300.0,100.0
Joe Ingles,204060,204,207,0.377,0.572,-0.195,2022-23-24,playoff,zero,3000.0,3000.0,300.0,100.0
Drew Eubanks,1629234,70,70,-0.269,-0.073,-0.196,2022-23-24,playoff,zero,3000.0,3000.0,300.0,100.0
Montrezl Harrell,1626149,34,33,-0.132,0.071,-0.202,2022-23-24,playoff,zero,3000.0,3000.0,300.0,100.0
Jalen Suggs,1630591,186,186,-0.336,-0.134,-0.202,2022-23-24,playoff,zero,3000.0,3000.0,300.0,100.0
Victor Wembanyama,1641705,77,79,-0.005,0.198,-0.203,2022-23-24,playoff,zero,3000.0,3000.0,300.0,100.0
Daniel Gafford,1629655,37,38,-0.157,0.05,-0.207,2022-23-24,playoff,zero,3000.0,3000.0,300.0,100.0
Mitchell Robinson,1629011,685,680,-0.58,-0.372,-0.209,2022-23-24,playoff,zero,3000.0,3000.0,300.0,100.0
Dante Exum,203957,34,35,-0.15,0.059,-0.209,2022-23-24,playoff,zero,3000.0,3000.0,300.0,100.0
Facundo Campazzo,1630267,13,15,-0.085,0.132,-0.217,2022-23-24,playoff,zero,3000.0,3000.0,300.0,100.0
Khem Birch,203920,87,90,-0.134,0.087,-0.221,2022-23-24,playoff,zero,3000.0,3000.0,300.0,100.0
Josh Richardson,1626196,93,99,0.155,0.38,-0.225,2022-23-24,playoff,zero,3000.0,3000.0,300.0,100.0
Cedi Osman,1626224,197,208,-0.481,-0.256,-0.225,2022-23-24,playoff,zero,3000.0,3000.0,300.0,100.0
Taze Moore,1631386,24,25,-0.297,-0.063,-0.234,2022-23-24,playoff,zero,3000.0,3000.0,300.0,100.0
Alex Fudge,1641788,14,16,0.035,0.272,-0.237,2022-23-24,playoff,zero,3000.0,3000.0,300.0,100.0
Zach LaVine,203897,437,442,-0.818,-0.58,-0.238,2022-23-24,playoff,zero,3000.0,3000.0,300.0,100.0
Kelly Olynyk,203482,86,86,-0.227,0.01,-0.238,2022-23-24,playoff,zero,3000.0,3000.0,300.0,100.0
Markelle Fultz,1628365,52,53,-0.284,-0.045,-0.24,2022-23-24,playoff,zero,3000.0,3000.0,300.0,100.0
Jordan Nwora,1629670,16,17,0.023,0.263,-0.24,2022-23-24,playoff,zero,3000.0,3000.0,300.0,100.0
Tony Snell,203503,8,9,-0.156,0.086,-0.241,2022-23-24,playoff,zero,3000.0,3000.0,300.0,100.0
Nikola Jovic,1631107,201,199,-0.71,-0.467,-0.243,2022-23-24,playoff,zero,3000.0,3000.0,300.0,100.0
Ricky Rubio,201937,34,35,-0.371,-0.125,-0.246,2022-23-24,playoff,zero,3000.0,3000.0,300.0,100.0
Kobe Brown,1641738,124,126,-0.67,-0.423,-0.248,2022-23-24,playoff,zero,3000.0,3000.0,300.0,100.0
Jules Bernard,1631262,15,22,-0.05,0.211,-0.261,2022-23-24,playoff,zero,3000.0,3000.0,300.0,100.0
Marques Bolden,1629716,86,87,0.093,0.354,-0.261,2022-23-24,playoff,zero,3000.0,3000.0,300.0,100.0
Keldon Johnson,1629640,74,77,-0.346,-0.084,-0.262,2022-23-24,playoff,zero,3000.0,3000.0,300.0,100.0
Ja Morant,1629630,962,980,-0.021,0.244,-0.265,2022-23-24,playoff,zero,3000.0,3000.0,300.0,100.0
Victor Oladipo,203506,635,626,-0.727,-0.451,-0.276,2022-23-24,playoff,zero,3000.0,3000.0,300.0,100.0
Jalen Johnson,1630552,101,108,-0.091,0.187,-0.278,2022-23-24,playoff,zero,3000.0,3000.0,300.0,100.0
JaVale McGee,201580,231,226,-0.287,0.004,-0.291,2022-23-24,playoff,zero,3000.0,3000.0,300.0,100.0
LaMelo Ball,1630163,54,53,-0.076,0.214,-0.291,2022-23-24,playoff,zero,3000.0,3000.0,300.0,100.0
Peyton Watson,1631212,87,88,-0.212,0.08,-0.292,2022-23-24,playoff,zero,3000.0,3000.0,300.0,100.0
Pat Connaughton,1626192,771,778,-0.828,-0.532,-0.296,2022-23-24,playoff,zero,3000.0,3000.0,300.0,100.0
Scoot Henderson,1630703,66,67,-0.122,0.177,-0.299,2022-23-24,playoff,zero,3000.0,3000.0,300.0,100.0
Deni Avdija,1630166,139,139,0.118,0.421,-0.303,2022-23-24,playoff,zero,3000.0,3000.0,300.0,100.0
GG Jackson II,1641713,144,146,-0.007,0.301,-0.307,2022-23-24,playoff,zero,3000.0,3000.0,300.0,100.0
Jacob Gilyard,1631367,36,39,-0.157,0.151,-0.308,2022-23-24,playoff,zero,3000.0,3000.0,300.0,100.0
Russell Westbrook,201566,427,432,0.491,0.802,-0.312,2022-23-24,playoff,zero,3000.0,3000.0,300.0,100.0
Bryce McGowens,1631121,69,72,-0.059,0.253,-0.312,2022-23-24,playoff,zero,3000.0,3000.0,300.0,100.0
Andre Jackson Jr.,1641748,14,15,-0.213,0.116,-0.329,2022-23-24,playoff,zero,3000.0,3000.0,300.0,100.0
Jake LaRavia,1631222,141,143,-0.219,0.111,-0.33,2022-23-24,playoff,zero,3000.0,3000.0,300.0,100.0
Trey Jemison,1641998,126,127,-0.152,0.179,-0.331,2022-23-24,playoff,zero,3000.0,3000.0,300.0,100.0
Lamar Stevens,1630205,25,26,-0.068,0.269,-0.338,2022-23-24,playoff,zero,3000.0,3000.0,300.0,100.0
Patrick Beverley,201976,639,637,-0.31,0.028,-0.339,2022-23-24,playoff,zero,3000.0,3000.0,300.0,100.0
Nemanja Bjelica,202357,174,177,-0.428,-0.083,-0.345,2022-23-24,playoff,zero,3000.0,3000.0,300.0,100.0
AJ Lawson,1630639,50,51,-0.423,-0.077,-0.346,2022-23-24,playoff,zero,3000.0,3000.0,300.0,100.0
Mouhamed Gueye,1631243,76,74,-0.07,0.276,-0.346,2022-23-24,playoff,zero,3000.0,3000.0,300.0,100.0
Harrison Barnes,203084,661,667,-0.536,-0.189,-0.347,2022-23-24,playoff,zero,3000.0,3000.0,300.0,100.0
Kyle Anderson,203937,727,735,-0.471,-0.117,-0.354,2022-23-24,playoff,zero,3000.0,3000.0,300.0,100.0
Trayce Jackson-Davis,1631218,109,114,-0.209,0.149,-0.358,2022-23-24,playoff,zero,3000.0,3000.0,300.0,100.0
Josh Giddey,1630581,157,156,-0.034,0.335,-0.369,2022-23-24,playoff,zero,3000.0,3000.0,300.0,100.0
Javon Freeman-Liberty,1631241,70,70,-0.235,0.133,-0.369,2022-23-24,playoff,zero,3000.0,3000.0,300.0,100.0
Brandon Boston Jr.,1630527,119,118,-0.664,-0.293,-0.371,2022-23-24,playoff,zero,3000.0,3000.0,300.0,100.0
Kessler Edwards,1630556,32,36,-0.306,0.065,-0.371,2022-23-24,playoff,zero,3000.0,3000.0,300.0,100.0
Luka Doncic,1629029,937,942,-0.242,0.134,-0.375,2022-23-24,playoff,zero,3000.0,3000.0,300.0,100.0
Isaac Okoro,1630171,346,350,-0.599,-0.22,-0.38,2022-23-24,playoff,zero,3000.0,3000.0,300.0,100.0
Jack White,1631298,43,40,-0.154,0.23,-0.384,2022-23-24,playoff,zero,3000.0,3000.0,300.0,100.0
Juan Toscano-Anderson,1629308,10,13,-0.238,0.147,-0.385,2022-23-24,playoff,zero,3000.0,3000.0,300.0,100.0
Pascal Siakam,1627783,609,605,0.768,1.157,-0.389,2022-23-24,playoff,zero,3000.0,3000.0,300.0,100.0
Blake Wesley,1631104,70,70,-0.056,0.341,-0.397,2022-23-24,playoff,zero,3000.0,3000.0,300.0,100.0
Malachi Flynn,1630201,91,92,-0.304,0.094,-0.398,2022-23-24,playoff,zero,3000.0,3000.0,300.0,100.0
Eugene Omoruyi,1630647,52,54,0.231,0.629,-0.398,2022-23-24,playoff,zero,3000.0,3000.0,300.0,100.0
Devin Vassell,1630170,66,69,-0.317,0.092,-0.409,2022-23-24,playoff,zero,3000.0,3000.0,300.0,100.0
Shake Milton,1629003,226,234,-0.316,0.097,-0.413,2022-23-24,playoff,zero,3000.0,3000.0,300.0,100.0
Isaiah Mobley,1630600,32,32,-0.347,0.067,-0.415,2022-23-24,playoff,zero,3000.0,3000.0,300.0,100.0
Gradey Dick,1641711,102,107,-0.273,0.145,-0.417,2022-23-24,playoff,zero,3000.0,3000.0,300.0,100.0
Precious Achiuwa,1630173,328,322,0.15,0.567,-0.417,2022-23-24,playoff,zero,3000.0,3000.0,300.0,100.0
Malik Williams,1642013,36,38,-0.109,0.321,-0.43,2022-23-24,playoff,zero,3000.0,3000.0,300.0,100.0
Jarred Vanderbilt,1629020,802,810,-0.707,-0.271,-0.436,2022-23-24,playoff,zero,3000.0,3000.0,300.0,100.0
Dean Wade,1629731,17,18,-0.405,0.06,-0.465,2022-23-24,playoff,zero,3000.0,3000.0,300.0,100.0
Terrence Ross,203082,111,111,-0.153,0.317,-0.469,2022-23-24,playoff,zero,3000.0,3000.0,300.0,100.0
Santi Aldama,1630583,148,151,-0.062,0.418,-0.48,2022-23-24,playoff,zero,3000.0,3000.0,300.0,100.0
Cam Thomas,1630560,143,144,-0.008,0.473,-0.481,2022-23-24,playoff,zero,3000.0,3000.0,300.0,100.0
Paolo Banchero,1631094,228,230,-0.719,-0.23,-0.489,2022-23-24,playoff,zero,3000.0,3000.0,300.0,100.0
Kevin Love,201567,893,889,-0.294,0.209,-0.503,2022-23-24,playoff,zero,3000.0,3000.0,300.0,100.0
Jordan McLaughlin,1629162,228,230,-0.507,-0.003,-0.504,2022-23-24,playoff,zero,3000.0,3000.0,300.0,100.0
Ish Wainright,1630688,25,27,-0.533,-0.016,-0.517,2022-23-24,playoff,zero,3000.0,3000.0,300.0,100.0
Johnny Davis,1631098,93,99,0.106,0.623,-0.517,2022-23-24,playoff,zero,3000.0,3000.0,300.0,100.0
Norman Powell,1626181,502,500,-0.284,0.241,-0.525,2022-23-24,playoff,zero,3000.0,3000.0,300.0,100.0
Goga Bitadze,1629048,31,30,-0.058,0.481,-0.539,2022-23-24,playoff,zero,3000.0,3000.0,300.0,100.0
Brandon Williams,1630314,54,58,-0.269,0.27,-0.539,2022-23-24,playoff,zero,3000.0,3000.0,300.0,100.0
Danilo Gallinari,201568,353,355,-0.482,0.056,-0.539,2022-23-24,playoff,zero,3000.0,3000.0,300.0,100.0
Vasilije Micic,203995,48,50,-0.31,0.238,-0.548,2022-23-24,playoff,zero,3000.0,3000.0,300.0,100.0
Dwight Powell,203939,480,484,-0.464,0.103,-0.567,2022-23-24,playoff,zero,3000.0,3000.0,300.0,100.0
Jared Butler,1630215,95,100,0.019,0.586,-0.567,2022-23-24,playoff,zero,3000.0,3000.0,300.0,100.0
Derrick Jones Jr.,1627884,143,157,-0.989,-0.42,-0.568,2022-23-24,playoff,zero,3000.0,3000.0,300.0,100.0
Dario Saric,203967,75,74,-0.012,0.558,-0.569,2022-23-24,playoff,zero,3000.0,3000.0,300.0,100.0
Josh Okogie,1629006,350,353,-0.557,0.02,-0.578,2022-23-24,playoff,zero,3000.0,3000.0,300.0,100.0
Andre Iguodala,2738,109,108,0.056,0.646,-0.59,2022-23-24,playoff,zero,3000.0,3000.0,300.0,100.0
Donovan Mitchell,1628378,935,928,-0.799,-0.208,-0.592,2022-23-24,playoff,zero,3000.0,3000.0,300.0,100.0
Cody Martin,1628998,40,40,-0.304,0.291,-0.596,2022-23-24,playoff,zero,3000.0,3000.0,300.0,100.0
Corey Kispert,1630557,150,150,-0.057,0.539,-0.596,2022-23-24,playoff,zero,3000.0,3000.0,300.0,100.0
Brice Sensabaugh,1641729,104,104,-0.446,0.154,-0.6,2022-23-24,playoff,zero,3000.0,3000.0,300.0,100.0
Patrick Baldwin Jr.,1631116,137,143,0.116,0.724,-0.608,2022-23-24,playoff,zero,3000.0,3000.0,300.0,100.0
Troy Brown Jr.,1628972,260,273,-0.344,0.265,-0.609,2022-23-24,playoff,zero,3000.0,3000.0,300.0,100.0
Rajon Rondo,200765,80,86,-0.419,0.192,-0.61,2022-23-24,playoff,zero,3000.0,3000.0,300.0,100.0
Pete Nance,1631250,24,24,-0.446,0.167,-0.613,2022-23-24,playoff,zero,3000.0,3000.0,300.0,100.0
Damian Jones,1627745,24,24,-0.446,0.167,-0.613,2022-23-24,playoff,zero,3000.0,3000.0,300.0,100.0
RJ Barrett,1629628,751,758,-0.732,-0.103,-0.629,2022-23-24,playoff,zero,3000.0,3000.0,300.0,100.0
Jaren Jackson Jr.,1628991,1022,1023,-1.365,-0.73,-0.635,2022-23-24,playoff,zero,3000.0,3000.0,300.0,100.0
Darius Garland,1629636,615,606,-0.802,-0.165,-0.636,2022-23-24,playoff,zero,3000.0,3000.0,300.0,100.0
Josh Hart,1628404,865,860,-0.39,0.246,-0.636,2022-23-24,playoff,zero,3000.0,3000.0,300.0,100.0
Clint Capela,203991,535,538,0.124,0.768,-0.644,2022-23-24,playoff,zero,3000.0,3000.0,300.0,100.0
Lonnie Walker IV,1629022,406,424,-0.103,0.54,-0.644,2022-23-24,playoff,zero,3000.0,3000.0,300.0,100.0
Seth Curry,203552,417,411,-0.008,0.652,-0.66,2022-23-24,playoff,zero,3000.0,3000.0,300.0,100.0
Daniel Theis,1628464,475,479,-0.946,-0.286,-0.661,2022-23-24,playoff,zero,3000.0,3000.0,300.0,100.0
Jeff Green,201145,893,892,-0.199,0.465,-0.663,2022-23-24,playoff,zero,3000.0,3000.0,300.0,100.0
Ayo Dosunmu,1630245,259,261,-0.601,0.063,-0.664,2022-23-24,playoff,zero,3000.0,3000.0,300.0,100.0
Anthony Gill,1630264,72,73,-0.198,0.466,-0.664,2022-23-24,playoff,zero,3000.0,3000.0,300.0,100.0
Ziaire Williams,1630533,297,301,0.095,0.765,-0.67,2022-23-24,playoff,zero,3000.0,3000.0,300.0,100.0
Mike Conley,201144,877,869,-1.048,-0.377,-0.671,2022-23-24,playoff,zero,3000.0,3000.0,300.0,100.0
DeMar DeRozan,201942,716,721,-0.797,-0.126,-0.671,2022-23-24,playoff,zero,3000.0,3000.0,300.0,100.0
Tyus Jones,1626145,704,694,-1.182,-0.504,-0.678,2022-23-24,playoff,zero,3000.0,3000.0,300.0,100.0
Terry Rozier,1626179,50,51,-0.312,0.368,-0.679,2022-23-24,playoff,zero,3000.0,3000.0,300.0,100.0
Olivier-Maxence Prosper,1641765,79,82,-0.507,0.178,-0.685,2022-23-24,playoff,zero,3000.0,3000.0,300.0,100.0
Austin Rivers,203085,228,232,-0.648,0.039,-0.686,2022-23-24,playoff,zero,3000.0,3000.0,300.0,100.0
Nic Claxton,1629651,568,578,-0.525,0.169,-0.695,2022-23-24,playoff,zero,3000.0,3000.0,300.0,100.0
Scottie Barnes,1630567,316,316,-0.294,0.403,-0.697,2022-23-24,playoff,zero,3000.0,3000.0,300.0,100.0
CJ McCollum,203468,936,931,-0.527,0.173,-0.701,2022-23-24,playoff,zero,3000.0,3000.0,300.0,100.0
David Roddy,1631223,121,120,-0.531,0.175,-0.706,2022-23-24,playoff,zero,3000.0,3000.0,300.0,100.0
Kevin Huerter,1628989,746,752,-1.101,-0.376,-0.725,2022-23-24,playoff,zero,3000.0,3000.0,300.0,100.0
Dereck Lively II,1641726,26,28,-0.462,0.272,-0.733,2022-23-24,playoff,zero,3000.0,3000.0,300.0,100.0
Kyrie Irving,202681,449,449,0.12,0.856,-0.736,2022-23-24,playoff,zero,3000.0,3000.0,300.0,100.0
Damion Lee,1627814,259,261,-0.365,0.396,-0.761,2022-23-24,playoff,zero,3000.0,3000.0,300.0,100.0
Rayan Rupert,1641712,78,78,-0.218,0.547,-0.766,2022-23-24,playoff,zero,3000.0,3000.0,300.0,100.0
Marcus Morris Sr.,202694,322,326,-0.183,0.585,-0.767,2022-23-24,playoff,zero,3000.0,3000.0,300.0,100.0
DeAndre Jordan,201599,90,90,-0.379,0.39,-0.769,2022-23-24,playoff,zero,3000.0,3000.0,300.0,100.0
Coby White,1629632,499,509,-0.528,0.244,-0.772,2022-23-24,playoff,zero,3000.0,3000.0,300.0,100.0
Will Barton,203115,327,327,0.076,0.848,-0.773,2022-23-24,playoff,zero,3000.0,3000.0,300.0,100.0
Kris Murray,1631200,113,115,-0.342,0.447,-0.789,2022-23-24,playoff,zero,3000.0,3000.0,300.0,100.0
Xavier Tillman,1630214,566,578,-0.779,0.01,-0.789,2022-23-24,playoff,zero,3000.0,3000.0,300.0,100.0
Matisse Thybulle,1629680,210,221,-0.464,0.336,-0.8,2022-23-24,playoff,zero,3000.0,3000.0,300.0,100.0
Duop Reath,1641871,63,66,-0.501,0.302,-0.802,2022-23-24,playoff,zero,3000.0,3000.0,300.0,100.0
Noah Clowney,1641730,121,123,-0.461,0.354,-0.815,2022-23-24,playoff,zero,3000.0,3000.0,300.0,100.0
Amir Coffey,1629599,173,172,-0.397,0.435,-0.832,2022-23-24,playoff,zero,3000.0,3000.0,300.0,100.0
Emoni Bates,1641734,58,58,-0.435,0.398,-0.833,2022-23-24,playoff,zero,3000.0,3000.0,300.0,100.0
Jordan Goodwin,1630692,128,132,-0.589,0.248,-0.837,2022-23-24,playoff,zero,3000.0,3000.0,300.0,100.0
Josh Green,1630182,221,222,-0.353,0.484,-0.837,2022-23-24,playoff,zero,3000.0,3000.0,300.0,100.0
Alex Caruso,1627936,500,504,-1.053,-0.21,-0.843,2022-23-24,playoff,zero,3000.0,3000.0,300.0,100.0
Saddiq Bey,1630180,251,257,0.443,1.292,-0.849,2022-23-24,playoff,zero,3000.0,3000.0,300.0,100.0
Jae Crowder,203109,804,808,-0.266,0.586,-0.852,2022-23-24,playoff,zero,3000.0,3000.0,300.0,100.0
Ochai Agbaji,1630534,82,86,-0.4,0.455,-0.855,2022-23-24,playoff,zero,3000.0,3000.0,300.0,100.0
Cameron Payne,1626166,552,546,-1.038,-0.172,-0.866,2022-23-24,playoff,zero,3000.0,3000.0,300.0,100.0
Kira Lewis Jr.,1630184,65,66,-0.287,0.582,-0.869,2022-23-24,playoff,zero,3000.0,3000.0,300.0,100.0
Monte Morris,1628420,319,315,-0.003,0.869,-0.872,2022-23-24,playoff,zero,3000.0,3000.0,300.0,100.0
Timmy Allen,1641851,88,88,-0.418,0.468,-0.887,2022-23-24,playoff,zero,3000.0,3000.0,300.0,100.0
Maxi Kleber,1628467,799,803,-0.088,0.807,-0.894,2022-23-24,playoff,zero,3000.0,3000.0,300.0,100.0
Brandin Podziemski,1641764,131,131,-0.396,0.51,-0.907,2022-23-24,playoff,zero,3000.0,3000.0,300.0,100.0
John Collins,1628381,497,500,-0.941,-0.013,-0.928,2022-23-24,playoff,zero,3000.0,3000.0,300.0,100.0
John Konchar,1629723,115,125,-0.778,0.154,-0.933,2022-23-24,playoff,zero,3000.0,3000.0,300.0,100.0
Bruno Fernando,1628981,105,111,-0.468,0.491,-0.959,2022-23-24,playoff,zero,3000.0,3000.0,300.0,100.0
Miles Bridges,1628970,76,77,-0.423,0.542,-0.966,2022-23-24,playoff,zero,3000.0,3000.0,300.0,100.0
George Hill,201588,153,152,-0.694,0.282,-0.977,2022-23-24,playoff,zero,3000.0,3000.0,300.0,100.0
Jaden Hardy,1630702,78,79,-0.877,0.107,-0.984,2022-23-24,playoff,zero,3000.0,3000.0,300.0,100.0
JaMychal Green,203210,208,213,-0.452,0.536,-0.988,2022-23-24,playoff,zero,3000.0,3000.0,300.0,100.0
OG Anunoby,1628384,609,606,-0.256,0.737,-0.993,2022-23-24,playoff,zero,3000.0,3000.0,300.0,100.0
Zavier Simpson,1630285,61,60,-0.423,0.58,-1.003,2022-23-24,playoff,zero,3000.0,3000.0,300.0,100.0
Jaylen Nowell,1629669,133,139,-0.301,0.706,-1.007,2022-23-24,playoff,zero,3000.0,3000.0,300.0,100.0
Justin Minaya,1631303,87,92,-0.836,0.229,-1.065,2022-23-24,playoff,zero,3000.0,3000.0,300.0,100.0
Malik Beasley,1627736,482,481,-0.778,0.346,-1.123,2022-23-24,playoff,zero,3000.0,3000.0,300.0,100.0
Tim Hardaway Jr.,203501,66,70,-0.696,0.438,-1.134,2022-23-24,playoff,zero,3000.0,3000.0,300.0,100.0
Mason Plumlee,203486,288,292,-0.459,0.712,-1.172,2022-23-24,playoff,zero,3000.0,3000.0,300.0,100.0
Landry Shamet,1629013,637,640,-0.432,0.758,-1.19,2022-23-24,playoff,zero,3000.0,3000.0,300.0,100.0
Eric Gordon,201569,370,375,-0.405,0.812,-1.217,2022-23-24,playoff,zero,3000.0,3000.0,300.0,100.0
Nicolas Batum,201587,501,507,-1.004,0.23,-1.233,2022-23-24,playoff,zero,3000.0,3000.0,300.0,100.0
P.J. Washington,1629023,111,117,-0.708,0.534,-1.242,2022-23-24,playoff,zero,3000.0,3000.0,300.0,100.0
Spencer Dinwiddie,203915,1193,1203,-0.794,0.456,-1.249,2022-23-24,playoff,zero,3000.0,3000.0,300.0,100.0
Tyler Herro,1629639,1051,1026,-0.914,0.343,-1.257,2022-23-24,playoff,zero,3000.0,3000.0,300.0,100.0
Tristan Thompson,202684,91,99,-0.942,0.395,-1.338,2022-23-24,playoff,zero,3000.0,3000.0,300.0,100.0
Nikola Vucevic,202696,634,637,-1.178,0.171,-1.348,2022-23-24,playoff,zero,3000.0,3000.0,300.0,100.0
Dalano Banton,1630625,108,111,-0.972,0.395,-1.367,2022-23-24,playoff,zero,3000.0,3000.0,300.0,100.0
Gary Trent Jr.,1629018,459,452,-0.331,1.105,-1.436,2022-23-24,playoff,zero,3000.0,3000.0,300.0,100.0
Patrick Williams,1630172,332,341,-1.043,0.489,-1.532,2022-23-24,playoff,zero,3000.0,3000.0,300.0,100.0
Cameron Johnson,1629661,838,833,-0.844,0.695,-1.539,2022-23-24,playoff,zero,3000.0,3000.0,300.0,100.0
Trae Young,1629027,1084,1093,-0.295,1.275,-1.57,2022-23-24,playoff,zero,3000.0,3000.0,300.0,100.0
Karl-Anthony Towns,1626157,1038,1038,-0.536,1.041,-1.577,2022-23-24,playoff,zero,3000.0,3000.0,300.0,100.0
Fred VanVleet,1627832,300,302,-0.28,1.302,-1.582,2022-23-24,playoff,zero,3000.0,3000.0,300.0,100.0
Brandon Ingram,1627742,802,810,-0.206,1.437,-1.642,2022-23-24,playoff,zero,3000.0,3000.0,300.0,100.0
Herbert Jones,1630529,878,878,-0.766,0.88,-1.646,2022-23-24,playoff,zero,3000.0,3000.0,300.0,100.0
Dejounte Murray,1627749,581,596,0.18,1.896,-1.716,2022-23-24,playoff,zero,3000.0,3000.0,300.0,100.0
Donte DiVincenzo,1628978,633,629,-0.809,0.939,-1.748,2022-23-24,playoff,zero,3000.0,3000.0,300.0,100.0
De'Andre Hunter,1629631,978,999,0.461,2.257,-1.795,2022-23-24,playoff,zero,3000.0,3000.0,300.0,100.0
Brook Lopez,201572,1025,1036,-1.18,0.698,-1.879,2022-23-24,playoff,zero,3000.0,3000.0,300.0,100.0
Jonas Valanciunas,202685,639,640,-0.387,1.571,-1.958,2022-23-24,playoff,zero,3000.0,3000.0,300.0,100.0
Royce O'Neale,1626220,684,691,-1.272,0.887,-2.158,2022-23-24,playoff,zero,3000.0,3000.0,300.0,100.0
Jonathan Kuminga,1630228,306,311,-0.951,1.273,-2.224,2022-23-24,playoff,zero,3000.0,3000.0,300.0,100.0
