Name,PLAYER_ID,Poss_Off,Poss_Def,Off,Def,RAPM,Season,Season_Type,Prior_Mode,lambda_off,lambda_def,lambda_meta,lambda_season,Off_SE,Def_SE,RAPM_SE,Off_CI_lo,Off_CI_hi,Def_CI_lo,Def_CI_hi,RAPM_CI_lo,RAPM_CI_hi
Nikola Jokic,203999,2013,1966,7.117,-3.888,11.005,2022-23-24,playoff,offset,100000.0,16870.239755710474,1687.0239755710475,17782.794100389234,0.377,0.886,0.963,6.379,7.856,-5.624,-2.151,9.118,12.891
Paul George,202331,131,130,3.617,-3.66,7.278,2022-23-24,playoff,offset,100000.0,16870.239755710474,1687.0239755710475,17782.794100389234,0.38,0.922,0.997,2.873,4.362,-5.467,-1.853,5.323,9.232
Joel Embiid,203954,1454,1460,3.041,-3.797,6.837,2022-23-24,playoff,offset,100000.0,16870.239755710474,1687.0239755710475,17782.794100389234,0.378,0.894,0.97,2.3,3.781,-5.549,-2.045,4.936,8.739
Jrue Holiday,201950,1216,1224,4.448,-2.275,6.723,2022-23-24,playoff,offset,100000.0,16870.239755710474,1687.0239755710475,17782.794100389234,0.378,0.898,0.974,3.707,5.189,-4.034,-0.516,4.814,8.632
Kevin Durant,201142,1527,1521,3.968,-2.577,6.545,2022-23-24,playoff,offset,100000.0,16870.239755710474,1687.0239755710475,17782.794100389234,0.377,0.89,0.967,3.229,4.708,-4.322,-0.832,4.651,8.44
Kawhi Leonard,202695,165,163,3.169,-3.359,6.528,2022-23-24,playoff,offset,100000.0,16870.239755710474,1687.0239755710475,17782.794100389234,0.38,0.921,0.996,2.424,3.913,-5.165,-1.554,4.575,8.481
Stephen Curry,201939,2585,2558,4.346,-1.832,6.178,2022-23-24,playoff,offset,100000.0,16870.239755710474,1687.0239755710475,17782.794100389234,0.376,0.877,0.954,3.61,5.083,-3.55,-0.113,4.309,8.048
Jayson Tatum,1628369,3295,3255,3.989,-2.068,6.056,2022-23-24,playoff,offset,100000.0,16870.239755710474,1687.0239755710475,17782.794100389234,0.375,0.869,0.946,3.254,4.723,-3.771,-0.365,4.202,7.911
Giannis Antetokounmpo,203507,1012,1011,3.832,-2.076,5.908,2022-23-24,playoff,offset,100000.0,16870.239755710474,1687.0239755710475,17782.794100389234,0.378,0.902,0.978,3.091,4.574,-3.844,-0.308,3.991,7.825
Derrick White,1628401,2167,2167,2.118,-3.672,5.79,2022-23-24,playoff,offset,100000.0,16870.239755710474,1687.0239755710475,17782.794100389234,0.376,0.881,0.958,1.38,2.856,-5.399,-1.945,3.912,7.668
Steven Adams,203500,208,208,3.978,-1.743,5.721,2022-23-24,playoff,offset,100000.0,16870.239755710474,1687.0239755710475,17782.794100389234,0.38,0.92,0.995,3.233,4.722,-3.547,0.06,3.77,7.672
Draymond Green,203110,2217,2198,0.688,-4.928,5.616,2022-23-24,playoff,offset,100000.0,16870.239755710474,1687.0239755710475,17782.794100389234,0.376,0.882,0.959,-0.049,1.426,-6.656,-3.2,3.737,7.495
LeBron James,2544,1466,1456,4.06,-1.481,5.541,2022-23-24,playoff,offset,100000.0,16870.239755710474,1687.0239755710475,17782.794100389234,0.378,0.895,0.971,3.32,4.8,-3.234,0.273,3.638,7.443
Kyrie Irving,202681,449,449,4.488,-0.967,5.455,2022-23-24,playoff,offset,100000.0,16870.239755710474,1687.0239755710475,17782.794100389234,0.379,0.914,0.99,3.744,5.231,-2.759,0.824,3.515,7.395
Devin Booker,1626164,1678,1674,5.292,-0.102,5.395,2022-23-24,playoff,offset,100000.0,16870.239755710474,1687.0239755710475,17782.794100389234,0.377,0.888,0.965,4.553,6.031,-1.843,1.638,3.504,7.285
Jalen Brunson,1628973,2101,2098,4.441,-0.629,5.07,2022-23-24,playoff,offset,100000.0,16870.239755710474,1687.0239755710475,17782.794100389234,0.377,0.879,0.956,3.703,5.179,-2.352,1.094,3.195,6.944
Donovan Mitchell,1628378,935,928,3.547,-1.396,4.943,2022-23-24,playoff,offset,100000.0,16870.239755710474,1687.0239755710475,17782.794100389234,0.379,0.903,0.979,2.805,4.289,-3.166,0.374,3.024,6.862
Damian Lillard,203081,61,59,4.46,-0.468,4.928,2022-23-24,playoff,offset,100000.0,16870.239755710474,1687.0239755710475,17782.794100389234,0.38,0.924,0.999,3.715,5.205,-2.279,1.343,2.97,6.886
Jonathan Isaac,1628371,150,154,0.768,-4.141,4.91,2022-23-24,playoff,offset,100000.0,16870.239755710474,1687.0239755710475,17782.794100389234,0.38,0.921,0.997,0.024,1.513,-5.947,-2.335,2.956,6.863
Jose Alvarado,1630631,474,479,1.098,-3.797,4.895,2022-23-24,playoff,offset,100000.0,16870.239755710474,1687.0239755710475,17782.794100389234,0.379,0.913,0.989,0.355,1.842,-5.587,-2.007,2.957,6.834
Darius Garland,1629636,615,606,3.349,-1.507,4.856,2022-23-24,playoff,offset,100000.0,16870.239755710474,1687.0239755710475,17782.794100389234,0.379,0.911,0.986,2.606,4.092,-3.292,0.278,2.923,6.789
George Hill,201588,153,152,-0.263,-5.114,4.851,2022-23-24,playoff,offset,100000.0,16870.239755710474,1687.0239755710475,17782.794100389234,0.38,0.921,0.997,-1.008,0.481,-6.92,-3.308,2.898,6.805
Fred VanVleet,1627832,300,302,2.345,-2.432,4.776,2022-23-24,playoff,offset,100000.0,16870.239755710474,1687.0239755710475,17782.794100389234,0.38,0.918,0.993,1.601,3.088,-4.23,-0.633,2.83,6.723
Dante Exum,203957,34,35,3.386,-1.087,4.473,2022-23-24,playoff,offset,100000.0,16870.239755710474,1687.0239755710475,17782.794100389234,0.38,0.925,1.0,2.642,4.131,-2.899,0.725,2.514,6.433
Chet Holmgren,1631096,68,65,2.72,-1.752,4.472,2022-23-24,playoff,offset,100000.0,16870.239755710474,1687.0239755710475,17782.794100389234,0.38,0.924,0.999,1.975,3.465,-3.563,0.058,2.515,6.43
Myles Turner,1626167,101,99,2.219,-2.127,4.346,2022-23-24,playoff,offset,100000.0,16870.239755710474,1687.0239755710475,17782.794100389234,0.38,0.923,0.998,1.475,2.964,-3.936,-0.318,2.39,6.302
Hassan Whiteside,202355,110,114,2.904,-1.396,4.299,2022-23-24,playoff,offset,100000.0,16870.239755710474,1687.0239755710475,17782.794100389234,0.38,0.922,0.998,2.159,3.648,-3.204,0.412,2.344,6.255
Herbert Jones,1630529,878,878,1.471,-2.799,4.27,2022-23-24,playoff,offset,100000.0,16870.239755710474,1687.0239755710475,17782.794100389234,0.379,0.905,0.981,0.729,2.213,-4.572,-1.025,2.348,6.192
Isaiah Hartenstein,1628392,496,502,2.178,-2.063,4.241,2022-23-24,playoff,offset,100000.0,16870.239755710474,1687.0239755710475,17782.794100389234,0.379,0.913,0.988,1.435,2.921,-3.852,-0.274,2.304,6.179
Jimmy Butler,202710,2938,2931,2.721,-1.479,4.2,2022-23-24,playoff,offset,100000.0,16870.239755710474,1687.0239755710475,17782.794100389234,0.375,0.87,0.947,1.985,3.456,-3.184,0.226,2.343,6.056
Jordan McLaughlin,1629162,228,230,0.348,-3.795,4.143,2022-23-24,playoff,offset,100000.0,16870.239755710474,1687.0239755710475,17782.794100389234,0.38,0.919,0.995,-0.396,1.092,-5.597,-1.993,2.194,6.093
Shai Gilgeous-Alexander,1628983,233,231,2.74,-1.383,4.124,2022-23-24,playoff,offset,100000.0,16870.239755710474,1687.0239755710475,17782.794100389234,0.38,0.919,0.995,1.996,3.484,-3.186,0.419,2.174,6.073
Obi Toppin,1630167,347,349,3.858,-0.23,4.089,2022-23-24,playoff,offset,100000.0,16870.239755710474,1687.0239755710475,17782.794100389234,0.379,0.916,0.992,3.114,4.602,-2.027,1.566,2.144,6.033
Franz Wagner,1630532,193,196,0.306,-3.767,4.073,2022-23-24,playoff,offset,100000.0,16870.239755710474,1687.0239755710475,17782.794100389234,0.38,0.92,0.996,-0.438,1.05,-5.571,-1.963,2.121,6.024
Aaron Gordon,203932,1793,1769,2.235,-1.832,4.067,2022-23-24,playoff,offset,100000.0,16870.239755710474,1687.0239755710475,17782.794100389234,0.377,0.889,0.966,1.495,2.974,-3.575,-0.089,2.174,5.959
Mikal Bridges,1628969,1243,1245,2.052,-1.952,4.003,2022-23-24,playoff,offset,100000.0,16870.239755710474,1687.0239755710475,17782.794100389234,0.378,0.896,0.973,1.311,2.792,-3.708,-0.195,2.097,5.91
Anthony Edwards,1630162,1141,1138,2.295,-1.642,3.937,2022-23-24,playoff,offset,100000.0,16870.239755710474,1687.0239755710475,17782.794100389234,0.378,0.899,0.975,1.554,3.036,-3.403,0.12,2.026,5.848
Gary Payton II,1627780,696,702,1.56,-2.349,3.908,2022-23-24,playoff,offset,100000.0,16870.239755710474,1687.0239755710475,17782.794100389234,0.379,0.908,0.984,0.817,2.302,-4.128,-0.569,1.98,5.837
Chris Paul,101108,1409,1396,0.539,-3.285,3.824,2022-23-24,playoff,offset,100000.0,16870.239755710474,1687.0239755710475,17782.794100389234,0.378,0.894,0.97,-0.202,1.279,-5.036,-1.534,1.922,5.725
Delon Wright,1626153,412,415,0.42,-3.367,3.787,2022-23-24,playoff,offset,100000.0,16870.239755710474,1687.0239755710475,17782.794100389234,0.379,0.915,0.99,-0.323,1.164,-5.159,-1.574,1.846,5.728
Anthony Davis,203076,1453,1443,-0.226,-4.001,3.775,2022-23-24,playoff,offset,100000.0,16870.239755710474,1687.0239755710475,17782.794100389234,0.378,0.895,0.971,-0.966,0.514,-5.755,-2.246,1.871,5.679
Bogdan Bogdanovic,203992,720,737,2.962,-0.739,3.701,2022-23-24,playoff,offset,100000.0,16870.239755710474,1687.0239755710475,17782.794100389234,0.379,0.907,0.983,2.22,3.705,-2.517,1.039,1.774,5.628
Brandin Podziemski,1641764,131,131,2.341,-1.278,3.619,2022-23-24,playoff,offset,100000.0,16870.239755710474,1687.0239755710475,17782.794100389234,0.38,0.922,0.997,1.597,3.086,-3.085,0.529,1.665,5.573
Kenrich Williams,1629026,21,23,0.042,-3.563,3.605,2022-23-24,playoff,offset,100000.0,16870.239755710474,1687.0239755710475,17782.794100389234,0.38,0.925,1.0,-0.703,0.787,-5.376,-1.751,1.645,5.565
Alex Caruso,1627936,500,504,-1.15,-4.756,3.605,2022-23-24,playoff,offset,100000.0,16870.239755710474,1687.0239755710475,17782.794100389234,0.379,0.913,0.989,-1.893,-0.407,-6.545,-2.966,1.668,5.543
Sam Hauser,1630573,260,246,1.12,-2.43,3.55,2022-23-24,playoff,offset,100000.0,16870.239755710474,1687.0239755710475,17782.794100389234,0.38,0.919,0.994,0.376,1.865,-4.231,-0.629,1.601,5.499
Javonte Green,1629750,289,286,2.096,-1.447,3.544,2022-23-24,playoff,offset,100000.0,16870.239755710474,1687.0239755710475,17782.794100389234,0.38,0.918,0.993,1.352,2.841,-3.247,0.352,1.597,5.491
Chris Boucher,1628449,199,205,0.975,-2.519,3.495,2022-23-24,playoff,offset,100000.0,16870.239755710474,1687.0239755710475,17782.794100389234,0.38,0.92,0.995,0.231,1.72,-4.323,-0.716,1.544,5.446
Immanuel Quickley,1630193,349,351,-0.508,-3.972,3.464,2022-23-24,playoff,offset,100000.0,16870.239755710474,1687.0239755710475,17782.794100389234,0.379,0.916,0.992,-1.252,0.236,-5.768,-2.176,1.52,5.408
Dillon Brooks,1628415,1003,1007,0.666,-2.785,3.451,2022-23-24,playoff,offset,100000.0,16870.239755710474,1687.0239755710475,17782.794100389234,0.378,0.902,0.978,-0.076,1.408,-4.552,-1.018,1.535,5.368
Lauri Markkanen,1628374,124,125,2.832,-0.609,3.441,2022-23-24,playoff,offset,100000.0,16870.239755710474,1687.0239755710475,17782.794100389234,0.38,0.922,0.997,2.088,3.577,-2.416,1.199,1.486,5.396
Luka Doncic,1629029,937,942,2.774,-0.62,3.395,2022-23-24,playoff,offset,100000.0,16870.239755710474,1687.0239755710475,17782.794100389234,0.378,0.903,0.98,2.032,3.516,-2.391,1.151,1.475,5.315
Karl-Anthony Towns,1626157,1038,1038,2.419,-0.964,3.383,2022-23-24,playoff,offset,100000.0,16870.239755710474,1687.0239755710475,17782.794100389234,0.378,0.901,0.977,1.678,3.161,-2.73,0.801,1.468,5.298
OG Anunoby,1628384,609,606,0.392,-2.975,3.367,2022-23-24,playoff,offset,100000.0,16870.239755710474,1687.0239755710475,17782.794100389234,0.379,0.91,0.986,-0.351,1.135,-4.759,-1.191,1.434,5.299
Robert Williams III,1629057,1443,1425,-0.344,-3.698,3.354,2022-23-24,playoff,offset,100000.0,16870.239755710474,1687.0239755710475,17782.794100389234,0.378,0.893,0.97,-1.084,0.396,-5.448,-1.947,1.453,5.254
Dean Wade,1629731,17,18,-1.641,-4.973,3.332,2022-23-24,playoff,offset,100000.0,16870.239755710474,1687.0239755710475,17782.794100389234,0.38,0.925,1.0,-2.386,-0.896,-6.786,-3.16,1.371,5.292
Josh Hart,1628404,865,860,1.774,-1.555,3.328,2022-23-24,playoff,offset,100000.0,16870.239755710474,1687.0239755710475,17782.794100389234,0.379,0.905,0.981,1.031,2.516,-3.329,0.219,1.406,5.251
Domantas Sabonis,1627734,752,745,1.566,-1.686,3.252,2022-23-24,playoff,offset,100000.0,16870.239755710474,1687.0239755710475,17782.794100389234,0.379,0.908,0.984,0.823,2.308,-3.466,0.094,1.324,5.18
Brandon Ingram,1627742,802,810,1.748,-1.496,3.244,2022-23-24,playoff,offset,100000.0,16870.239755710474,1687.0239755710475,17782.794100389234,0.379,0.906,0.982,1.006,2.491,-3.272,0.28,1.319,5.169
Kevon Looney,1626172,1548,1554,2.314,-0.913,3.227,2022-23-24,playoff,offset,100000.0,16870.239755710474,1687.0239755710475,17782.794100389234,0.377,0.891,0.968,1.574,3.053,-2.66,0.834,1.33,5.124
Desmond Bane,1630217,1235,1236,1.357,-1.863,3.22,2022-23-24,playoff,offset,100000.0,16870.239755710474,1687.0239755710475,17782.794100389234,0.378,0.897,0.974,0.616,2.098,-3.621,-0.104,1.311,5.128
Tyler Herro,1629639,1051,1026,2.495,-0.636,3.131,2022-23-24,playoff,offset,100000.0,16870.239755710474,1687.0239755710475,17782.794100389234,0.378,0.9,0.977,1.754,3.236,-2.401,1.129,1.217,5.045
Kevin Huerter,1628989,746,752,2.982,-0.117,3.099,2022-23-24,playoff,offset,100000.0,16870.239755710474,1687.0239755710475,17782.794100389234,0.379,0.907,0.983,2.239,3.724,-1.894,1.66,1.173,5.025
Mitchell Robinson,1629011,685,680,2.439,-0.575,3.014,2022-23-24,playoff,offset,100000.0,16870.239755710474,1687.0239755710475,17782.794100389234,0.379,0.909,0.985,1.696,3.181,-2.357,1.206,1.084,4.944
Joe Ingles,204060,204,207,1.442,-1.506,2.948,2022-23-24,playoff,offset,100000.0,16870.239755710474,1687.0239755710475,17782.794100389234,0.38,0.92,0.995,0.697,2.186,-3.309,0.297,0.997,4.898
Al Horford,201143,2608,2579,1.419,-1.5,2.919,2022-23-24,playoff,offset,100000.0,16870.239755710474,1687.0239755710475,17782.794100389234,0.376,0.878,0.955,0.682,2.155,-3.221,0.22,1.048,4.791
James Harden,201935,1598,1594,3.37,0.468,2.902,2022-23-24,playoff,offset,100000.0,16870.239755710474,1687.0239755710475,17782.794100389234,0.377,0.891,0.968,2.63,4.109,-1.279,2.214,1.006,4.798
Monte Morris,1628420,319,315,2.662,-0.237,2.899,2022-23-24,playoff,offset,100000.0,16870.239755710474,1687.0239755710475,17782.794100389234,0.38,0.917,0.993,1.918,3.406,-2.035,1.561,0.953,4.845
Pascal Siakam,1627783,609,605,2.708,-0.115,2.823,2022-23-24,playoff,offset,100000.0,16870.239755710474,1687.0239755710475,17782.794100389234,0.379,0.91,0.986,1.965,3.451,-1.899,1.669,0.89,4.756
Rudy Gobert,203497,938,927,-0.584,-3.392,2.808,2022-23-24,playoff,offset,100000.0,16870.239755710474,1687.0239755710475,17782.794100389234,0.378,0.903,0.979,-1.325,0.158,-5.162,-1.622,0.889,4.727
De'Anthony Melton,1629001,777,782,1.315,-1.486,2.801,2022-23-24,playoff,offset,100000.0,16870.239755710474,1687.0239755710475,17782.794100389234,0.379,0.906,0.982,0.572,2.057,-3.262,0.289,0.877,4.725
Ricky Rubio,201937,34,35,-1.361,-4.131,2.77,2022-23-24,playoff,offset,100000.0,16870.239755710474,1687.0239755710475,17782.794100389234,0.38,0.925,1.0,-2.106,-0.616,-5.943,-2.319,0.811,4.729
Jusuf Nurkic,203994,140,145,0.895,-1.855,2.75,2022-23-24,playoff,offset,100000.0,16870.239755710474,1687.0239755710475,17782.794100389234,0.38,0.922,0.997,0.15,1.639,-3.662,-0.049,0.796,4.704
Clint Capela,203991,535,538,1.567,-1.174,2.74,2022-23-24,playoff,offset,100000.0,16870.239755710474,1687.0239755710475,17782.794100389234,0.379,0.912,0.988,0.823,2.31,-2.962,0.614,0.804,4.677
Jarrett Allen,1628386,595,598,0.772,-1.941,2.713,2022-23-24,playoff,offset,100000.0,16870.239755710474,1687.0239755710475,17782.794100389234,0.379,0.911,0.987,0.029,1.515,-3.726,-0.156,0.779,4.646
Montrezl Harrell,1626149,34,33,0.409,-2.287,2.696,2022-23-24,playoff,offset,100000.0,16870.239755710474,1687.0239755710475,17782.794100389234,0.38,0.925,1.0,-0.335,1.154,-4.099,-0.475,0.737,4.656
Ja Morant,1629630,962,980,1.714,-0.972,2.687,2022-23-24,playoff,offset,100000.0,16870.239755710474,1687.0239755710475,17782.794100389234,0.378,0.902,0.979,0.972,2.456,-2.741,0.797,0.768,4.605
Kristaps Porzingis,204001,45,45,1.189,-1.4,2.589,2022-23-24,playoff,offset,100000.0,16870.239755710474,1687.0239755710475,17782.794100389234,0.38,0.924,0.999,0.444,1.934,-3.212,0.412,0.63,4.548
Khris Middleton,203114,573,574,1.629,-0.954,2.583,2022-23-24,playoff,offset,100000.0,16870.239755710474,1687.0239755710475,17782.794100389234,0.379,0.911,0.987,0.886,2.372,-2.739,0.832,0.649,4.517
Mike Muscala,203488,3,4,0.78,-1.794,2.574,2022-23-24,playoff,offset,100000.0,16870.239755710474,1687.0239755710475,17782.794100389234,0.38,0.925,1.0,0.035,1.525,-3.607,0.02,0.613,4.535
DeMar DeRozan,201942,716,721,2.186,-0.388,2.574,2022-23-24,playoff,offset,100000.0,16870.239755710474,1687.0239755710475,17782.794100389234,0.379,0.908,0.984,1.444,2.929,-2.167,1.392,0.646,4.502
Zion Williamson,1629627,198,199,0.835,-1.684,2.519,2022-23-24,playoff,offset,100000.0,16870.239755710474,1687.0239755710475,17782.794100389234,0.38,0.92,0.996,0.09,1.579,-3.488,0.12,0.568,4.47
Isaiah Joe,1630198,122,123,1.586,-0.922,2.507,2022-23-24,playoff,offset,100000.0,16870.239755710474,1687.0239755710475,17782.794100389234,0.38,0.922,0.997,0.841,2.33,-2.729,0.886,0.553,4.462
Tyrese Maxey,1630178,1867,1863,2.57,0.105,2.465,2022-23-24,playoff,offset,100000.0,16870.239755710474,1687.0239755710475,17782.794100389234,0.377,0.886,0.963,1.831,3.309,-1.633,1.842,0.578,4.353
De'Aaron Fox,1628368,815,819,2.338,-0.107,2.445,2022-23-24,playoff,offset,100000.0,16870.239755710474,1687.0239755710475,17782.794100389234,0.379,0.906,0.982,1.595,3.08,-1.883,1.669,0.52,4.37
Brook Lopez,201572,1025,1036,-1.248,-3.688,2.44,2022-23-24,playoff,offset,100000.0,16870.239755710474,1687.0239755710475,17782.794100389234,0.378,0.901,0.977,-1.989,-0.506,-5.454,-1.922,0.525,4.356
Mike Conley,201144,877,869,1.506,-0.873,2.379,2022-23-24,playoff,offset,100000.0,16870.239755710474,1687.0239755710475,17782.794100389234,0.379,0.904,0.98,0.764,2.248,-2.646,0.9,0.457,4.301
Bam Adebayo,1628389,2911,2914,-0.873,-3.243,2.37,2022-23-24,playoff,offset,100000.0,16870.239755710474,1687.0239755710475,17782.794100389234,0.375,0.87,0.948,-1.608,-0.137,-4.949,-1.537,0.513,4.228
Jock Landale,1629111,264,268,0.597,-1.748,2.345,2022-23-24,playoff,offset,100000.0,16870.239755710474,1687.0239755710475,17782.794100389234,0.38,0.918,0.994,-0.147,1.342,-3.548,0.053,0.397,4.293
Jalen Williams,1631114,213,212,0.672,-1.656,2.328,2022-23-24,playoff,offset,100000.0,16870.239755710474,1687.0239755710475,17782.794100389234,0.38,0.92,0.995,-0.072,1.416,-3.459,0.147,0.378,4.279
Michael Porter Jr.,1629008,1425,1399,1.519,-0.788,2.307,2022-23-24,playoff,offset,100000.0,16870.239755710474,1687.0239755710475,17782.794100389234,0.378,0.897,0.973,0.778,2.259,-2.546,0.969,0.4,4.213
Dereck Lively II,1641726,26,28,2.624,0.349,2.275,2022-23-24,playoff,offset,100000.0,16870.239755710474,1687.0239755710475,17782.794100389234,0.38,0.925,1.0,1.879,3.369,-1.463,2.162,0.315,4.234
Austin Reaves,1630559,1308,1303,1.112,-1.161,2.273,2022-23-24,playoff,offset,100000.0,16870.239755710474,1687.0239755710475,17782.794100389234,0.378,0.898,0.974,0.372,1.853,-2.92,0.598,0.365,4.182
Victor Wembanyama,1641705,77,79,-1.217,-3.397,2.18,2022-23-24,playoff,offset,100000.0,16870.239755710474,1687.0239755710475,17782.794100389234,0.38,0.923,0.999,-1.962,-0.472,-5.206,-1.587,0.223,4.137
DeMarcus Cousins,202326,96,95,2.116,-0.061,2.177,2022-23-24,playoff,offset,100000.0,16870.239755710474,1687.0239755710475,17782.794100389234,0.38,0.923,0.998,1.371,2.861,-1.87,1.748,0.221,4.133
Payton Pritchard,1630202,659,644,1.377,-0.794,2.171,2022-23-24,playoff,offset,100000.0,16870.239755710474,1687.0239755710475,17782.794100389234,0.379,0.909,0.985,0.634,2.119,-2.576,0.988,0.24,4.101
Marcus Smart,203935,2644,2645,0.765,-1.402,2.168,2022-23-24,playoff,offset,100000.0,16870.239755710474,1687.0239755710475,17782.794100389234,0.376,0.877,0.954,0.028,1.502,-3.121,0.316,0.298,4.037
Andre Drummond,203083,215,211,0.788,-1.36,2.149,2022-23-24,playoff,offset,100000.0,16870.239755710474,1687.0239755710475,17782.794100389234,0.38,0.92,0.995,0.044,1.533,-3.163,0.443,0.198,4.1
Larry Nance Jr.,1626204,436,434,0.227,-1.888,2.115,2022-23-24,playoff,offset,100000.0,16870.239755710474,1687.0239755710475,17782.794100389234,0.379,0.914,0.99,-0.516,0.971,-3.68,-0.096,0.175,4.055
Miles Bridges,1628970,76,77,1.179,-0.929,2.108,2022-23-24,playoff,offset,100000.0,16870.239755710474,1687.0239755710475,17782.794100389234,0.38,0.923,0.999,0.434,1.924,-2.739,0.881,0.151,4.065
Nicolas Batum,201587,501,507,0.839,-1.243,2.082,2022-23-24,playoff,offset,100000.0,16870.239755710474,1687.0239755710475,17782.794100389234,0.379,0.912,0.988,0.095,1.582,-3.031,0.545,0.145,4.018
Tre Jones,1630200,139,136,1.181,-0.898,2.079,2022-23-24,playoff,offset,100000.0,16870.239755710474,1687.0239755710475,17782.794100389234,0.38,0.922,0.997,0.436,1.925,-2.705,0.909,0.125,4.033
Miles McBride,1630540,105,106,0.169,-1.893,2.063,2022-23-24,playoff,offset,100000.0,16870.239755710474,1687.0239755710475,17782.794100389234,0.38,0.923,0.998,-0.575,0.914,-3.702,-0.085,0.107,4.018
John Konchar,1629723,115,125,-0.249,-2.31,2.061,2022-23-24,playoff,offset,100000.0,16870.239755710474,1687.0239755710475,17782.794100389234,0.38,0.922,0.997,-0.993,0.496,-4.117,-0.502,0.106,4.016
Tyrese Haliburton,1630169,124,123,2.648,0.606,2.042,2022-23-24,playoff,offset,100000.0,16870.239755710474,1687.0239755710475,17782.794100389234,0.38,0.922,0.997,1.904,3.393,-1.202,2.414,0.087,3.997
T.J. Warren,203933,141,141,0.095,-1.929,2.024,2022-23-24,playoff,offset,100000.0,16870.239755710474,1687.0239755710475,17782.794100389234,0.38,0.922,0.997,-0.65,0.839,-3.736,-0.123,0.07,3.978
Jakob Poeltl,1627751,136,134,1.326,-0.687,2.013,2022-23-24,playoff,offset,100000.0,16870.239755710474,1687.0239755710475,17782.794100389234,0.38,0.922,0.997,0.581,2.07,-2.494,1.12,0.059,3.967
Robert Covington,203496,128,130,-0.819,-2.826,2.007,2022-23-24,playoff,offset,100000.0,16870.239755710474,1687.0239755710475,17782.794100389234,0.38,0.922,0.997,-1.564,-0.075,-4.633,-1.019,0.052,3.961
Keon Ellis,1631165,210,208,-0.58,-2.469,1.889,2022-23-24,playoff,offset,100000.0,16870.239755710474,1687.0239755710475,17782.794100389234,0.38,0.92,0.995,-1.325,0.164,-4.273,-0.666,-0.062,3.84
Wesley Matthews,202083,722,747,-0.061,-1.922,1.862,2022-23-24,playoff,offset,100000.0,16870.239755710474,1687.0239755710475,17782.794100389234,0.379,0.907,0.983,-0.803,0.682,-3.701,-0.144,-0.066,3.789
Julius Randle,203944,604,608,1.839,0.03,1.808,2022-23-24,playoff,offset,100000.0,16870.239755710474,1687.0239755710475,17782.794100389234,0.379,0.911,0.987,1.096,2.582,-1.755,1.816,-0.125,3.742
Jae Crowder,203109,804,808,0.631,-1.155,1.786,2022-23-24,playoff,offset,100000.0,16870.239755710474,1687.0239755710475,17782.794100389234,0.379,0.906,0.982,-0.112,1.373,-2.931,0.62,-0.138,3.71
Luke Kornet,1628436,85,77,1.084,-0.68,1.765,2022-23-24,playoff,offset,100000.0,16870.239755710474,1687.0239755710475,17782.794100389234,0.38,0.923,0.999,0.34,1.829,-2.49,1.129,-0.192,3.722
Jaren Jackson Jr.,1628991,1022,1023,0.14,-1.614,1.755,2022-23-24,playoff,offset,100000.0,16870.239755710474,1687.0239755710475,17782.794100389234,0.378,0.902,0.978,-0.601,0.882,-3.381,0.153,-0.162,3.671
Alec Burks,202692,22,23,0.61,-1.128,1.738,2022-23-24,playoff,offset,100000.0,16870.239755710474,1687.0239755710475,17782.794100389234,0.38,0.925,1.0,-0.135,1.355,-2.94,0.685,-0.222,3.698
P.J. Tucker,200782,1478,1456,0.879,-0.829,1.708,2022-23-24,playoff,offset,100000.0,16870.239755710474,1687.0239755710475,17782.794100389234,0.378,0.891,0.968,0.139,1.619,-2.576,0.917,-0.188,3.605
Luke Kennard,1628379,199,197,0.974,-0.721,1.695,2022-23-24,playoff,offset,100000.0,16870.239755710474,1687.0239755710475,17782.794100389234,0.38,0.92,0.996,0.229,1.718,-2.525,1.083,-0.257,3.646
Derrick Jones Jr.,1627884,143,157,-0.379,-2.072,1.693,2022-23-24,playoff,offset,100000.0,16870.239755710474,1687.0239755710475,17782.794100389234,0.38,0.921,0.997,-1.124,0.366,-3.877,-0.266,-0.26,3.646
Keegan Murray,1631099,636,632,1.491,-0.194,1.685,2022-23-24,playoff,offset,100000.0,16870.239755710474,1687.0239755710475,17782.794100389234,0.379,0.91,0.986,0.748,2.234,-1.978,1.59,-0.247,3.617
Royce O'Neale,1626220,684,691,0.182,-1.497,1.679,2022-23-24,playoff,offset,100000.0,16870.239755710474,1687.0239755710475,17782.794100389234,0.379,0.908,0.984,-0.561,0.925,-3.276,0.283,-0.25,3.607
Kyle Lowry,200768,1814,1826,-0.4,-2.053,1.654,2022-23-24,playoff,offset,100000.0,16870.239755710474,1687.0239755710475,17782.794100389234,0.377,0.885,0.961,-1.139,0.339,-3.787,-0.319,-0.231,3.538
Frank Ntilikina,1628373,143,142,-0.306,-1.955,1.649,2022-23-24,playoff,offset,100000.0,16870.239755710474,1687.0239755710475,17782.794100389234,0.38,0.922,0.997,-1.051,0.439,-3.762,-0.149,-0.305,3.603
Taj Gibson,201959,36,35,-0.023,-1.667,1.645,2022-23-24,playoff,offset,100000.0,16870.239755710474,1687.0239755710475,17782.794100389234,0.38,0.925,1.0,-0.768,0.722,-3.479,0.145,-0.315,3.604
Max Strus,1629622,2367,2351,0.679,-0.932,1.612,2022-23-24,playoff,offset,100000.0,16870.239755710474,1687.0239755710475,17782.794100389234,0.376,0.878,0.955,-0.058,1.417,-2.653,0.788,-0.26,3.483
Ben Sheppard,1641767,69,68,1.027,-0.563,1.59,2022-23-24,playoff,offset,100000.0,16870.239755710474,1687.0239755710475,17782.794100389234,0.38,0.924,0.999,0.282,1.772,-2.373,1.247,-0.367,3.548
Jaime Jaquez Jr.,1631170,228,226,0.457,-1.101,1.558,2022-23-24,playoff,offset,100000.0,16870.239755710474,1687.0239755710475,17782.794100389234,0.38,0.92,0.995,-0.287,1.201,-2.903,0.701,-0.392,3.508
Ish Wainright,1630688,25,27,0.238,-1.302,1.541,2022-23-24,playoff,offset,100000.0,16870.239755710474,1687.0239755710475,17782.794100389234,0.38,0.925,1.0,-0.507,0.983,-3.115,0.51,-0.419,3.5
Dwight Powell,203939,480,484,1.298,-0.226,1.524,2022-23-24,playoff,offset,100000.0,16870.239755710474,1687.0239755710475,17782.794100389234,0.379,0.913,0.989,0.554,2.041,-2.016,1.564,-0.414,3.462
Nikola Jovic,1631107,201,199,1.224,-0.288,1.511,2022-23-24,playoff,offset,100000.0,16870.239755710474,1687.0239755710475,17782.794100389234,0.38,0.92,0.996,0.479,1.968,-2.091,1.516,-0.44,3.463
Luguentz Dort,1629652,211,207,0.256,-1.253,1.509,2022-23-24,playoff,offset,100000.0,16870.239755710474,1687.0239755710475,17782.794100389234,0.38,0.92,0.995,-0.488,1.0,-3.056,0.551,-0.442,3.46
Gabe Vincent,1629216,2102,2114,-0.278,-1.787,1.509,2022-23-24,playoff,offset,100000.0,16870.239755710474,1687.0239755710475,17782.794100389234,0.377,0.881,0.958,-1.016,0.46,-3.514,-0.06,-0.369,3.387
Matisse Thybulle,1629680,210,221,-1.559,-3.066,1.506,2022-23-24,playoff,offset,100000.0,16870.239755710474,1687.0239755710475,17782.794100389234,0.38,0.92,0.995,-2.304,-0.815,-4.868,-1.263,-0.444,3.456
Andre Iguodala,2738,109,108,-0.483,-1.972,1.488,2022-23-24,playoff,offset,100000.0,16870.239755710474,1687.0239755710475,17782.794100389234,0.38,0.923,0.998,-1.228,0.261,-3.78,-0.163,-0.467,3.444
Dejounte Murray,1627749,581,596,1.362,-0.109,1.472,2022-23-24,playoff,offset,100000.0,16870.239755710474,1687.0239755710475,17782.794100389234,0.379,0.911,0.986,0.619,2.105,-1.894,1.676,-0.462,3.405
Tobias Harris,202699,1732,1732,0.837,-0.628,1.465,2022-23-24,playoff,offset,100000.0,16870.239755710474,1687.0239755710475,17782.794100389234,0.377,0.889,0.965,0.098,1.576,-2.37,1.114,-0.427,3.357
Kentavious Caldwell-Pope,203484,1432,1404,0.812,-0.631,1.443,2022-23-24,playoff,offset,100000.0,16870.239755710474,1687.0239755710475,17782.794100389234,0.378,0.897,0.973,0.072,1.552,-2.388,1.127,-0.464,3.349
Isaiah Thomas,202738,11,12,0.143,-1.278,1.421,2022-23-24,playoff,offset,100000.0,16870.239755710474,1687.0239755710475,17782.794100389234,0.38,0.925,1.0,-0.602,0.888,-3.091,0.536,-0.54,3.381
Landry Shamet,1629013,637,640,-0.72,-2.134,1.413,2022-23-24,playoff,offset,100000.0,16870.239755710474,1687.0239755710475,17782.794100389234,0.379,0.909,0.985,-1.463,0.022,-3.916,-0.352,-0.517,3.344
Goga Bitadze,1629048,31,30,0.831,-0.567,1.398,2022-23-24,playoff,offset,100000.0,16870.239755710474,1687.0239755710475,17782.794100389234,0.38,0.925,1.0,0.086,1.576,-2.38,1.245,-0.561,3.358
Daniel Theis,1628464,475,479,-0.3,-1.665,1.366,2022-23-24,playoff,offset,100000.0,16870.239755710474,1687.0239755710475,17782.794100389234,0.379,0.913,0.989,-1.043,0.444,-3.455,0.124,-0.572,3.304
Brandon Clarke,1629634,583,589,-0.824,-2.16,1.337,2022-23-24,playoff,offset,100000.0,16870.239755710474,1687.0239755710475,17782.794100389234,0.379,0.911,0.987,-1.567,-0.081,-3.945,-0.375,-0.597,3.27
Andrew Wiggins,203952,2535,2520,-0.728,-2.052,1.324,2022-23-24,playoff,offset,100000.0,16870.239755710474,1687.0239755710475,17782.794100389234,0.376,0.878,0.955,-1.464,0.009,-3.772,-0.331,-0.547,3.195
LaMelo Ball,1630163,54,53,2.203,0.885,1.319,2022-23-24,playoff,offset,100000.0,16870.239755710474,1687.0239755710475,17782.794100389234,0.38,0.924,0.999,1.458,2.948,-0.926,2.696,-0.64,3.277
Spencer Dinwiddie,203915,1193,1203,1.335,0.027,1.308,2022-23-24,playoff,offset,100000.0,16870.239755710474,1687.0239755710475,17782.794100389234,0.378,0.897,0.973,0.594,2.076,-1.731,1.784,-0.599,3.215
Terance Mann,1629611,461,471,0.594,-0.693,1.287,2022-23-24,playoff,offset,100000.0,16870.239755710474,1687.0239755710475,17782.794100389234,0.379,0.913,0.989,-0.149,1.337,-2.483,1.097,-0.652,3.225
Kevin Love,201567,893,889,-0.036,-1.309,1.273,2022-23-24,playoff,offset,100000.0,16870.239755710474,1687.0239755710475,17782.794100389234,0.379,0.904,0.98,-0.778,0.706,-3.081,0.463,-0.648,3.194
Naji Marshall,1630230,205,211,-0.85,-2.123,1.272,2022-23-24,playoff,offset,100000.0,16870.239755710474,1687.0239755710475,17782.794100389234,0.38,0.92,0.995,-1.595,-0.106,-3.926,-0.32,-0.678,3.223
Deni Avdija,1630166,139,139,-0.3,-1.56,1.26,2022-23-24,playoff,offset,100000.0,16870.239755710474,1687.0239755710475,17782.794100389234,0.38,0.922,0.997,-1.044,0.445,-3.366,0.247,-0.694,3.214
Josh Okogie,1629006,350,353,-1.441,-2.678,1.238,2022-23-24,playoff,offset,100000.0,16870.239755710474,1687.0239755710475,17782.794100389234,0.379,0.916,0.992,-2.184,-0.697,-4.475,-0.882,-0.706,3.182
Nemanja Bjelica,202357,174,177,0.499,-0.735,1.235,2022-23-24,playoff,offset,100000.0,16870.239755710474,1687.0239755710475,17782.794100389234,0.38,0.921,0.996,-0.245,1.244,-2.54,1.07,-0.718,3.187
D'Angelo Russell,1626156,1648,1625,1.049,-0.158,1.207,2022-23-24,playoff,offset,100000.0,16870.239755710474,1687.0239755710475,17782.794100389234,0.377,0.889,0.966,0.31,1.789,-1.902,1.585,-0.686,3.101
Jamal Murray,1627750,1655,1623,1.277,0.143,1.134,2022-23-24,playoff,offset,100000.0,16870.239755710474,1687.0239755710475,17782.794100389234,0.377,0.893,0.969,0.537,2.017,-1.607,1.893,-0.765,3.034
Vasilije Micic,203995,48,50,1.532,0.397,1.134,2022-23-24,playoff,offset,100000.0,16870.239755710474,1687.0239755710475,17782.794100389234,0.38,0.924,0.999,0.787,2.277,-1.414,2.209,-0.824,3.093
Moritz Wagner,1629021,74,76,0.346,-0.777,1.122,2022-23-24,playoff,offset,100000.0,16870.239755710474,1687.0239755710475,17782.794100389234,0.38,0.923,0.999,-0.399,1.09,-2.587,1.033,-0.835,3.079
Caleb Martin,1628997,1749,1759,0.174,-0.942,1.116,2022-23-24,playoff,offset,100000.0,16870.239755710474,1687.0239755710475,17782.794100389234,0.377,0.887,0.964,-0.565,0.913,-2.681,0.796,-0.772,3.005
Amen Thompson,1641708,154,153,-0.296,-1.407,1.112,2022-23-24,playoff,offset,100000.0,16870.239755710474,1687.0239755710475,17782.794100389234,0.38,0.921,0.997,-1.04,0.449,-3.213,0.399,-0.842,3.065
Tim Hardaway Jr.,203501,66,70,0.407,-0.662,1.069,2022-23-24,playoff,offset,100000.0,16870.239755710474,1687.0239755710475,17782.794100389234,0.38,0.924,0.999,-0.338,1.152,-2.472,1.149,-0.889,3.026
Ochai Agbaji,1630534,82,86,0.871,-0.182,1.054,2022-23-24,playoff,offset,100000.0,16870.239755710474,1687.0239755710475,17782.794100389234,0.38,0.923,0.998,0.127,1.616,-1.992,1.627,-0.903,3.01
Malik Monk,1628370,419,410,0.987,-0.048,1.034,2022-23-24,playoff,offset,100000.0,16870.239755710474,1687.0239755710475,17782.794100389234,0.379,0.915,0.991,0.243,1.73,-1.841,1.746,-0.907,2.976
Kyle Anderson,203937,727,735,-0.922,-1.934,1.013,2022-23-24,playoff,offset,100000.0,16870.239755710474,1687.0239755710475,17782.794100389234,0.379,0.907,0.983,-1.664,-0.179,-3.711,-0.157,-0.914,2.939
Wendell Carter Jr.,1628976,55,56,-0.895,-1.881,0.986,2022-23-24,playoff,offset,100000.0,16870.239755710474,1687.0239755710475,17782.794100389234,0.38,0.924,0.999,-1.64,-0.15,-3.692,-0.07,-0.972,2.945
Tristan Vukcevic,1641774,52,51,-0.295,-1.279,0.984,2022-23-24,playoff,offset,100000.0,16870.239755710474,1687.0239755710475,17782.794100389234,0.38,0.924,0.999,-1.04,0.45,-3.091,0.532,-0.974,2.943
Danuel House Jr.,1627863,226,225,-0.253,-1.221,0.968,2022-23-24,playoff,offset,100000.0,16870.239755710474,1687.0239755710475,17782.794100389234,0.38,0.92,0.995,-0.998,0.491,-3.023,0.581,-0.982,2.918
Bobby Portis,1626171,806,800,1.11,0.145,0.965,2022-23-24,playoff,offset,100000.0,16870.239755710474,1687.0239755710475,17782.794100389234,0.379,0.906,0.982,0.368,1.852,-1.63,1.921,-0.959,2.889
Boban Marjanovic,1626246,25,25,-0.36,-1.319,0.959,2022-23-24,playoff,offset,100000.0,16870.239755710474,1687.0239755710475,17782.794100389234,0.38,0.925,1.0,-1.105,0.385,-3.132,0.493,-1.001,2.919
Dorian Finney-Smith,1627827,1359,1374,-0.129,-1.07,0.942,2022-23-24,playoff,offset,100000.0,16870.239755710474,1687.0239755710475,17782.794100389234,0.378,0.895,0.971,-0.869,0.612,-2.824,0.684,-0.962,2.846
Zach LaVine,203897,437,442,0.054,-0.871,0.925,2022-23-24,playoff,offset,100000.0,16870.239755710474,1687.0239755710475,17782.794100389234,0.379,0.914,0.99,-0.69,0.797,-2.663,0.922,-1.016,2.865
Coby White,1629632,499,509,1.787,0.897,0.89,2022-23-24,playoff,offset,100000.0,16870.239755710474,1687.0239755710475,17782.794100389234,0.379,0.913,0.988,1.043,2.53,-0.892,2.686,-1.047,2.827
Paul Reed,1630194,561,567,1.196,0.315,0.881,2022-23-24,playoff,offset,100000.0,16870.239755710474,1687.0239755710475,17782.794100389234,0.379,0.911,0.987,0.453,1.939,-1.471,2.1,-1.053,2.815
Lindy Waters III,1630322,31,30,0.349,-0.521,0.87,2022-23-24,playoff,offset,100000.0,16870.239755710474,1687.0239755710475,17782.794100389234,0.38,0.925,1.0,-0.396,1.094,-2.333,1.291,-1.09,2.829
Trey Lyles,1626168,358,355,0.993,0.129,0.864,2022-23-24,playoff,offset,100000.0,16870.239755710474,1687.0239755710475,17782.794100389234,0.379,0.916,0.992,0.249,1.736,-1.667,1.925,-1.08,2.807
Terence Davis,1629056,108,110,1.075,0.23,0.845,2022-23-24,playoff,offset,100000.0,16870.239755710474,1687.0239755710475,17782.794100389234,0.38,0.923,0.998,0.331,1.82,-1.578,2.038,-1.11,2.801
Jaylen Brown,1627759,3077,3041,-0.217,-1.055,0.838,2022-23-24,playoff,offset,100000.0,16870.239755710474,1687.0239755710475,17782.794100389234,0.375,0.872,0.949,-0.953,0.518,-2.763,0.653,-1.022,2.697
AJ Griffin,1631100,51,52,0.657,-0.167,0.824,2022-23-24,playoff,offset,100000.0,16870.239755710474,1687.0239755710475,17782.794100389234,0.38,0.924,0.999,-0.088,1.402,-1.978,1.644,-1.134,2.783
Jalen McDaniels,1629667,204,203,-0.103,-0.919,0.816,2022-23-24,playoff,offset,100000.0,16870.239755710474,1687.0239755710475,17782.794100389234,0.38,0.92,0.995,-0.848,0.641,-2.723,0.884,-1.135,2.767
Jaylen Nowell,1629669,133,139,1.399,0.583,0.816,2022-23-24,playoff,offset,100000.0,16870.239755710474,1687.0239755710475,17782.794100389234,0.38,0.922,0.997,0.655,2.144,-1.223,2.39,-1.138,2.77
Cameron Johnson,1629661,838,833,-0.031,-0.835,0.804,2022-23-24,playoff,offset,100000.0,16870.239755710474,1687.0239755710475,17782.794100389234,0.379,0.905,0.981,-0.773,0.711,-2.609,0.939,-1.118,2.727
Nathan Knight,1630233,1,1,-0.143,-0.943,0.801,2022-23-24,playoff,offset,100000.0,16870.239755710474,1687.0239755710475,17782.794100389234,0.38,0.925,1.0,-0.888,0.602,-2.757,0.871,-1.16,2.762
Alex Len,203458,155,156,-0.918,-1.713,0.796,2022-23-24,playoff,offset,100000.0,16870.239755710474,1687.0239755710475,17782.794100389234,0.38,0.921,0.997,-1.662,-0.173,-3.519,0.093,-1.158,2.749
Wenyen Gabriel,1629117,40,39,0.367,-0.417,0.784,2022-23-24,playoff,offset,100000.0,16870.239755710474,1687.0239755710475,17782.794100389234,0.38,0.924,1.0,-0.378,1.112,-2.229,1.395,-1.175,2.743
Jalen Smith,1630188,67,66,1.313,0.532,0.781,2022-23-24,playoff,offset,100000.0,16870.239755710474,1687.0239755710475,17782.794100389234,0.38,0.924,0.999,0.568,2.058,-1.278,2.343,-1.177,2.739
Nickeil Alexander-Walker,1629638,465,463,-0.136,-0.915,0.779,2022-23-24,playoff,offset,100000.0,16870.239755710474,1687.0239755710475,17782.794100389234,0.379,0.914,0.989,-0.879,0.608,-2.706,0.876,-1.16,2.719
Otto Porter Jr.,203490,685,671,-0.762,-1.526,0.764,2022-23-24,playoff,offset,100000.0,16870.239755710474,1687.0239755710475,17782.794100389234,0.379,0.909,0.984,-1.505,-0.019,-3.307,0.254,-1.165,2.694
Rui Hachimura,1629060,896,896,0.485,-0.27,0.755,2022-23-24,playoff,offset,100000.0,16870.239755710474,1687.0239755710475,17782.794100389234,0.379,0.904,0.98,-0.257,1.227,-2.043,1.503,-1.167,2.676
Nate Williams,1631466,50,49,0.542,-0.209,0.75,2022-23-24,playoff,offset,100000.0,16870.239755710474,1687.0239755710475,17782.794100389234,0.38,0.924,0.999,-0.203,1.286,-2.02,1.603,-1.208,2.709
Trae Young,1629027,1084,1093,2.176,1.425,0.75,2022-23-24,playoff,offset,100000.0,16870.239755710474,1687.0239755710475,17782.794100389234,0.378,0.9,0.976,1.434,2.917,-0.338,3.189,-1.163,2.663
Day'Ron Sharpe,1630549,26,23,0.528,-0.213,0.741,2022-23-24,playoff,offset,100000.0,16870.239755710474,1687.0239755710475,17782.794100389234,0.38,0.925,1.0,-0.217,1.273,-2.026,1.6,-1.219,2.701
Tristan Thompson,202684,91,99,0.607,-0.117,0.724,2022-23-24,playoff,offset,100000.0,16870.239755710474,1687.0239755710475,17782.794100389234,0.38,0.923,0.998,-0.137,1.352,-1.926,1.692,-1.232,2.68
Dyson Daniels,1630700,96,101,-0.27,-0.981,0.71,2022-23-24,playoff,offset,100000.0,16870.239755710474,1687.0239755710475,17782.794100389234,0.38,0.923,0.998,-1.015,0.474,-2.789,0.828,-1.246,2.666
Bismack Biyombo,202687,248,251,0.008,-0.698,0.707,2022-23-24,playoff,offset,100000.0,16870.239755710474,1687.0239755710475,17782.794100389234,0.38,0.919,0.994,-0.736,0.752,-2.499,1.103,-1.242,2.655
Onyeka Okongwu,1630168,515,529,0.72,0.024,0.696,2022-23-24,playoff,offset,100000.0,16870.239755710474,1687.0239755710475,17782.794100389234,0.379,0.912,0.988,-0.023,1.463,-1.763,1.812,-1.241,2.632
Svi Mykhailiuk,1629004,96,88,-0.21,-0.896,0.686,2022-23-24,playoff,offset,100000.0,16870.239755710474,1687.0239755710475,17782.794100389234,0.38,0.923,0.998,-0.954,0.535,-2.705,0.913,-1.27,2.643
Aaron Holiday,1628988,109,109,-1.44,-2.111,0.671,2022-23-24,playoff,offset,100000.0,16870.239755710474,1687.0239755710475,17782.794100389234,0.38,0.923,0.998,-2.185,-0.695,-3.919,-0.303,-1.284,2.627
Sasha Vezenkov,1628426,19,18,1.083,0.417,0.666,2022-23-24,playoff,offset,100000.0,16870.239755710474,1687.0239755710475,17782.794100389234,0.38,0.925,1.0,0.338,1.828,-1.396,2.23,-1.294,2.626
Cole Anthony,1630175,68,67,0.713,0.064,0.649,2022-23-24,playoff,offset,100000.0,16870.239755710474,1687.0239755710475,17782.794100389234,0.38,0.924,0.999,-0.032,1.458,-1.746,1.875,-1.309,2.606
Kris Murray,1631200,113,115,-0.607,-1.234,0.626,2022-23-24,playoff,offset,100000.0,16870.239755710474,1687.0239755710475,17782.794100389234,0.38,0.922,0.998,-1.352,0.137,-3.042,0.574,-1.329,2.582
Cody Martin,1628998,40,40,0.633,0.029,0.604,2022-23-24,playoff,offset,100000.0,16870.239755710474,1687.0239755710475,17782.794100389234,0.38,0.924,0.999,-0.112,1.378,-1.783,1.841,-1.355,2.563
Malcolm Brogdon,1627763,859,847,0.226,-0.377,0.603,2022-23-24,playoff,offset,100000.0,16870.239755710474,1687.0239755710475,17782.794100389234,0.379,0.905,0.981,-0.516,0.968,-2.151,1.397,-1.32,2.525
Dennis Schroder,203471,777,775,-0.46,-1.054,0.594,2022-23-24,playoff,offset,100000.0,16870.239755710474,1687.0239755710475,17782.794100389234,0.379,0.907,0.983,-1.202,0.282,-2.832,0.724,-1.332,2.521
Tyus Jones,1626145,704,694,1.547,0.974,0.573,2022-23-24,playoff,offset,100000.0,16870.239755710474,1687.0239755710475,17782.794100389234,0.379,0.908,0.984,0.805,2.29,-0.806,2.754,-1.355,2.502
Jarred Vanderbilt,1629020,802,810,0.447,-0.121,0.568,2022-23-24,playoff,offset,100000.0,16870.239755710474,1687.0239755710475,17782.794100389234,0.379,0.906,0.982,-0.296,1.189,-1.896,1.655,-1.357,2.492
Jonas Valanciunas,202685,639,640,1.259,0.693,0.566,2022-23-24,playoff,offset,100000.0,16870.239755710474,1687.0239755710475,17782.794100389234,0.379,0.91,0.986,0.517,2.002,-1.09,2.477,-1.366,2.498
Nate Hinton,1630207,30,32,0.073,-0.475,0.548,2022-23-24,playoff,offset,100000.0,16870.239755710474,1687.0239755710475,17782.794100389234,0.38,0.925,1.0,-0.672,0.818,-2.287,1.337,-1.412,2.507
Bones Hyland,1630538,365,368,1.481,0.956,0.525,2022-23-24,playoff,offset,100000.0,16870.239755710474,1687.0239755710475,17782.794100389234,0.379,0.916,0.991,0.737,2.225,-0.839,2.751,-1.418,2.468
Eric Gordon,201569,370,375,0.257,-0.266,0.523,2022-23-24,playoff,offset,100000.0,16870.239755710474,1687.0239755710475,17782.794100389234,0.379,0.916,0.991,-0.487,1.001,-2.061,1.529,-1.42,2.466
Duncan Robinson,1629130,882,894,-0.058,-0.56,0.502,2022-23-24,playoff,offset,100000.0,16870.239755710474,1687.0239755710475,17782.794100389234,0.379,0.904,0.98,-0.8,0.684,-2.331,1.212,-1.419,2.422
Nik Stauskas,203917,3,2,0.04,-0.457,0.498,2022-23-24,playoff,offset,100000.0,16870.239755710474,1687.0239755710475,17782.794100389234,0.38,0.925,1.0,-0.705,0.785,-2.271,1.356,-1.463,2.459
Reggie Bullock Jr.,203493,1249,1243,-0.285,-0.778,0.492,2022-23-24,playoff,offset,100000.0,16870.239755710474,1687.0239755710475,17782.794100389234,0.378,0.898,0.974,-1.026,0.456,-2.538,0.982,-1.417,2.402
Mason Plumlee,203486,288,292,0.123,-0.358,0.481,2022-23-24,playoff,offset,100000.0,16870.239755710474,1687.0239755710475,17782.794100389234,0.38,0.918,0.993,-0.621,0.867,-2.157,1.441,-1.466,2.428
Duop Reath,1641871,63,66,0.751,0.27,0.481,2022-23-24,playoff,offset,100000.0,16870.239755710474,1687.0239755710475,17782.794100389234,0.38,0.924,0.999,0.006,1.496,-1.541,2.08,-1.477,2.439
Jared Rhoden,1631197,73,72,0.24,-0.216,0.456,2022-23-24,playoff,offset,100000.0,16870.239755710474,1687.0239755710475,17782.794100389234,0.38,0.924,0.999,-0.505,0.985,-2.026,1.594,-1.501,2.414
Jevon Carter,1628975,386,382,-1.892,-2.338,0.446,2022-23-24,playoff,offset,100000.0,16870.239755710474,1687.0239755710475,17782.794100389234,0.379,0.915,0.991,-2.636,-1.148,-4.132,-0.544,-1.496,2.388
Shake Milton,1629003,226,234,-0.411,-0.852,0.441,2022-23-24,playoff,offset,100000.0,16870.239755710474,1687.0239755710475,17782.794100389234,0.38,0.919,0.995,-1.155,0.334,-2.654,0.95,-1.508,2.391
T.J. McConnell,204456,65,63,-0.374,-0.805,0.431,2022-23-24,playoff,offset,100000.0,16870.239755710474,1687.0239755710475,17782.794100389234,0.38,0.924,0.999,-1.119,0.371,-2.616,1.006,-1.527,2.389
Sam Merrill,1630241,10,10,-0.209,-0.613,0.403,2022-23-24,playoff,offset,100000.0,16870.239755710474,1687.0239755710475,17782.794100389234,0.38,0.925,1.0,-0.954,0.536,-2.426,1.201,-1.557,2.364
Peyton Watson,1631212,87,88,-1.316,-1.717,0.401,2022-23-24,playoff,offset,100000.0,16870.239755710474,1687.0239755710475,17782.794100389234,0.38,0.923,0.998,-2.06,-0.571,-3.526,0.093,-1.555,2.358
Isaac Okoro,1630171,346,350,0.173,-0.201,0.374,2022-23-24,playoff,offset,100000.0,16870.239755710474,1687.0239755710475,17782.794100389234,0.379,0.916,0.992,-0.571,0.916,-1.997,1.595,-1.57,2.318
Paolo Banchero,1631094,228,230,1.248,0.885,0.363,2022-23-24,playoff,offset,100000.0,16870.239755710474,1687.0239755710475,17782.794100389234,0.38,0.92,0.995,0.504,1.992,-0.917,2.687,-1.587,2.313
Gui Santos,1630611,47,47,0.477,0.153,0.324,2022-23-24,playoff,offset,100000.0,16870.239755710474,1687.0239755710475,17782.794100389234,0.38,0.924,0.999,-0.268,1.222,-1.658,1.965,-1.635,2.283
Danilo Gallinari,201568,353,355,1.204,0.887,0.317,2022-23-24,playoff,offset,100000.0,16870.239755710474,1687.0239755710475,17782.794100389234,0.379,0.916,0.992,0.461,1.948,-0.909,2.683,-1.626,2.261
Josh Green,1630182,221,222,0.772,0.461,0.311,2022-23-24,playoff,offset,100000.0,16870.239755710474,1687.0239755710475,17782.794100389234,0.38,0.92,0.995,0.028,1.516,-1.341,2.264,-1.639,2.261
Jordan Walsh,1641775,58,57,-0.12,-0.411,0.29,2022-23-24,playoff,offset,100000.0,16870.239755710474,1687.0239755710475,17782.794100389234,0.38,0.924,0.999,-0.865,0.625,-2.221,1.4,-1.668,2.248
Lester Quinones,1631311,36,36,-0.373,-0.647,0.274,2022-23-24,playoff,offset,100000.0,16870.239755710474,1687.0239755710475,17782.794100389234,0.38,0.925,1.0,-1.118,0.372,-2.459,1.165,-1.685,2.233
Jordan Clarkson,203903,292,291,0.939,0.667,0.272,2022-23-24,playoff,offset,100000.0,16870.239755710474,1687.0239755710475,17782.794100389234,0.38,0.918,0.993,0.195,1.683,-1.132,2.466,-1.675,2.219
Greg Monroe,202328,14,15,0.525,0.255,0.271,2022-23-24,playoff,offset,100000.0,16870.239755710474,1687.0239755710475,17782.794100389234,0.38,0.925,1.0,-0.22,1.27,-1.558,2.068,-1.69,2.231
Evan Mobley,1630596,647,644,-2.632,-2.901,0.27,2022-23-24,playoff,offset,100000.0,16870.239755710474,1687.0239755710475,17782.794100389234,0.379,0.91,0.985,-3.374,-1.889,-4.684,-1.118,-1.662,2.201
Naz Reid,1629675,267,264,-1.681,-1.92,0.239,2022-23-24,playoff,offset,100000.0,16870.239755710474,1687.0239755710475,17782.794100389234,0.38,0.919,0.994,-2.425,-0.937,-3.72,-0.12,-1.709,2.187
Anthony Lamb,1630237,11,9,-0.204,-0.436,0.232,2022-23-24,playoff,offset,100000.0,16870.239755710474,1687.0239755710475,17782.794100389234,0.38,0.925,1.0,-0.949,0.541,-2.25,1.377,-1.728,2.193
Furkan Korkmaz,1627788,75,80,-1.456,-1.65,0.195,2022-23-24,playoff,offset,100000.0,16870.239755710474,1687.0239755710475,17782.794100389234,0.38,0.923,0.998,-2.2,-0.711,-3.46,0.159,-1.762,2.152
Damion Lee,1627814,259,261,-1.343,-1.517,0.174,2022-23-24,playoff,offset,100000.0,16870.239755710474,1687.0239755710475,17782.794100389234,0.38,0.919,0.994,-2.087,-0.599,-3.317,0.283,-1.774,2.122
Craig Porter Jr.,1641854,21,20,0.813,0.64,0.173,2022-23-24,playoff,offset,100000.0,16870.239755710474,1687.0239755710475,17782.794100389234,0.38,0.925,1.0,0.068,1.558,-1.173,2.453,-1.787,2.133
Isaiah Mobley,1630600,32,32,0.062,-0.083,0.145,2022-23-24,playoff,offset,100000.0,16870.239755710474,1687.0239755710475,17782.794100389234,0.38,0.925,1.0,-0.683,0.807,-1.895,1.73,-1.815,2.104
Patrick Beverley,201976,639,637,-1.275,-1.388,0.113,2022-23-24,playoff,offset,100000.0,16870.239755710474,1687.0239755710475,17782.794100389234,0.379,0.909,0.985,-2.018,-0.532,-3.171,0.394,-1.818,2.044
P.J. Washington,1629023,111,117,-0.174,-0.271,0.097,2022-23-24,playoff,offset,100000.0,16870.239755710474,1687.0239755710475,17782.794100389234,0.38,0.922,0.998,-0.919,0.57,-2.079,1.537,-1.858,2.052
Shaquille Harrison,1627885,1,2,-0.23,-0.311,0.081,2022-23-24,playoff,offset,100000.0,16870.239755710474,1687.0239755710475,17782.794100389234,0.38,0.925,1.0,-0.975,0.515,-2.125,1.503,-1.88,2.042
Cameron Payne,1626166,552,546,-0.474,-0.554,0.08,2022-23-24,playoff,offset,100000.0,16870.239755710474,1687.0239755710475,17782.794100389234,0.379,0.911,0.987,-1.217,0.269,-2.34,1.232,-1.855,2.015
Amari Bailey,1641735,44,44,0.012,-0.063,0.075,2022-23-24,playoff,offset,100000.0,16870.239755710474,1687.0239755710475,17782.794100389234,0.38,0.924,0.999,-0.733,0.757,-1.874,1.749,-1.884,2.034
Christian Braun,1631128,517,513,-2.261,-2.331,0.07,2022-23-24,playoff,offset,100000.0,16870.239755710474,1687.0239755710475,17782.794100389234,0.379,0.913,0.988,-3.005,-1.518,-4.12,-0.543,-1.867,2.007
Adama Sanogo,1641766,77,76,0.225,0.16,0.065,2022-23-24,playoff,offset,100000.0,16870.239755710474,1687.0239755710475,17782.794100389234,0.38,0.923,0.999,-0.52,0.97,-1.65,1.969,-1.892,2.022
Grayson Allen,1628960,993,980,-0.143,-0.203,0.06,2022-23-24,playoff,offset,100000.0,16870.239755710474,1687.0239755710475,17782.794100389234,0.378,0.902,0.978,-0.885,0.598,-1.971,1.564,-1.856,1.977
Jermaine Samuels Jr.,1631257,10,11,-0.079,-0.138,0.058,2022-23-24,playoff,offset,100000.0,16870.239755710474,1687.0239755710475,17782.794100389234,0.38,0.925,1.0,-0.824,0.666,-1.951,1.676,-1.902,2.019
Omer Yurtseven,1630209,88,90,0.847,0.795,0.052,2022-23-24,playoff,offset,100000.0,16870.239755710474,1687.0239755710475,17782.794100389234,0.38,0.923,0.998,0.103,1.592,-1.014,2.604,-1.904,2.009
Jules Bernard,1631262,15,22,0.029,-0.017,0.045,2022-23-24,playoff,offset,100000.0,16870.239755710474,1687.0239755710475,17782.794100389234,0.38,0.925,1.0,-0.716,0.774,-1.829,1.796,-1.914,2.005
Neemias Queta,1629674,37,33,0.355,0.314,0.04,2022-23-24,playoff,offset,100000.0,16870.239755710474,1687.0239755710475,17782.794100389234,0.38,0.925,1.0,-0.39,1.1,-1.498,2.127,-1.919,2.0
Trey Burke,203504,15,18,-0.127,-0.15,0.023,2022-23-24,playoff,offset,100000.0,16870.239755710474,1687.0239755710475,17782.794100389234,0.38,0.925,1.0,-0.872,0.618,-1.963,1.663,-1.937,1.983
Patrick Williams,1630172,332,341,-0.233,-0.253,0.021,2022-23-24,playoff,offset,100000.0,16870.239755710474,1687.0239755710475,17782.794100389234,0.38,0.917,0.992,-0.977,0.511,-2.05,1.543,-1.924,1.965
Nic Claxton,1629651,568,578,-1.055,-1.072,0.017,2022-23-24,playoff,offset,100000.0,16870.239755710474,1687.0239755710475,17782.794100389234,0.379,0.911,0.986,-1.798,-0.312,-2.857,0.713,-1.916,1.951
Keldon Johnson,1629640,74,77,0.532,0.523,0.01,2022-23-24,playoff,offset,100000.0,16870.239755710474,1687.0239755710475,17782.794100389234,0.38,0.923,0.999,-0.212,1.277,-1.287,2.332,-1.947,1.967
Bradley Beal,203078,192,198,-0.031,-0.038,0.007,2022-23-24,playoff,offset,100000.0,16870.239755710474,1687.0239755710475,17782.794100389234,0.38,0.92,0.996,-0.775,0.714,-1.842,1.766,-1.944,1.959
Taze Moore,1631386,24,25,-0.009,-0.012,0.003,2022-23-24,playoff,offset,100000.0,16870.239755710474,1687.0239755710475,17782.794100389234,0.38,0.925,1.0,-0.754,0.736,-1.824,1.801,-1.957,1.963
1630492,1630492,1,2,0.001,-0.001,0.002,2022-23-24,playoff,offset,100000.0,16870.239755710474,1687.0239755710475,17782.794100389234,0.38,0.925,1.0,-0.744,0.746,-1.815,1.813,-1.959,1.963
Andrew Funk,1641847,15,15,0.003,0.007,-0.004,2022-23-24,playoff,offset,100000.0,16870.239755710474,1687.0239755710475,17782.794100389234,0.38,0.925,1.0,-0.742,0.748,-1.806,1.821,-1.965,1.956
Henri Drell,1630929,52,52,0.009,0.019,-0.01,2022-23-24,playoff,offset,100000.0,16870.239755710474,1687.0239755710475,17782.794100389234,0.38,0.924,0.999,-0.736,0.754,-1.793,1.83,-1.968,1.949
Rayan Rupert,1641712,78,78,-0.127,-0.114,-0.013,2022-23-24,playoff,offset,100000.0,16870.239755710474,1687.0239755710475,17782.794100389234,0.38,0.923,0.999,-0.872,0.617,-1.924,1.696,-1.97,1.944
Mouhamed Gueye,1631243,76,74,0.053,0.065,-0.013,2022-23-24,playoff,offset,100000.0,16870.239755710474,1687.0239755710475,17782.794100389234,0.38,0.923,0.999,-0.692,0.798,-1.745,1.875,-1.97,1.945
Drew Peterson,1641809,11,11,0.0,0.019,-0.019,2022-23-24,playoff,offset,100000.0,16870.239755710474,1687.0239755710475,17782.794100389234,0.38,0.925,1.0,-0.745,0.745,-1.794,1.833,-1.979,1.941
Pete Nance,1631250,24,24,-0.013,0.007,-0.02,2022-23-24,playoff,offset,100000.0,16870.239755710474,1687.0239755710475,17782.794100389234,0.38,0.925,1.0,-0.758,0.732,-1.806,1.82,-1.98,1.94
Buddy Hield,1627741,121,115,0.806,0.832,-0.026,2022-23-24,playoff,offset,100000.0,16870.239755710474,1687.0239755710475,17782.794100389234,0.38,0.922,0.998,0.062,1.551,-0.976,2.64,-1.981,1.929
Cason Wallace,1641717,49,49,-0.398,-0.37,-0.028,2022-23-24,playoff,offset,100000.0,16870.239755710474,1687.0239755710475,17782.794100389234,0.38,0.924,0.999,-1.143,0.347,-2.182,1.441,-1.986,1.931
Aaron Nesmith,1630174,128,125,0.405,0.434,-0.029,2022-23-24,playoff,offset,100000.0,16870.239755710474,1687.0239755710475,17782.794100389234,0.38,0.922,0.997,-0.34,1.15,-1.373,2.242,-1.984,1.925
Sterling Brown,1628425,3,4,-1.079,-1.049,-0.03,2022-23-24,playoff,offset,100000.0,16870.239755710474,1687.0239755710475,17782.794100389234,0.38,0.925,1.0,-1.824,-0.334,-2.863,0.764,-1.991,1.931
Jaden McDaniels,1630183,477,468,-0.453,-0.42,-0.033,2022-23-24,playoff,offset,100000.0,16870.239755710474,1687.0239755710475,17782.794100389234,0.379,0.914,0.989,-1.197,0.29,-2.211,1.37,-1.972,1.906
Kenneth Lofton Jr.,1631254,102,102,-0.084,-0.039,-0.045,2022-23-24,playoff,offset,100000.0,16870.239755710474,1687.0239755710475,17782.794100389234,0.38,0.923,0.998,-0.829,0.66,-1.848,1.77,-2.001,1.911
Alex Fudge,1641788,14,16,0.001,0.049,-0.048,2022-23-24,playoff,offset,100000.0,16870.239755710474,1687.0239755710475,17782.794100389234,0.38,0.925,1.0,-0.744,0.746,-1.764,1.862,-2.008,1.912
Dewayne Dedmon,203473,226,224,-1.557,-1.503,-0.054,2022-23-24,playoff,offset,100000.0,16870.239755710474,1687.0239755710475,17782.794100389234,0.38,0.92,0.995,-2.301,-0.812,-3.305,0.3,-2.004,1.896
Zach Collins,1628380,94,98,-1.098,-1.04,-0.058,2022-23-24,playoff,offset,100000.0,16870.239755710474,1687.0239755710475,17782.794100389234,0.38,0.923,0.998,-1.843,-0.353,-2.849,0.768,-2.014,1.898
RaiQuan Gray,1630564,18,17,0.181,0.247,-0.066,2022-23-24,playoff,offset,100000.0,16870.239755710474,1687.0239755710475,17782.794100389234,0.38,0.925,1.0,-0.564,0.926,-1.566,2.06,-2.026,1.894
Pat Spencer,1630311,33,32,-0.081,0.009,-0.09,2022-23-24,playoff,offset,100000.0,16870.239755710474,1687.0239755710475,17782.794100389234,0.38,0.925,1.0,-0.826,0.664,-1.804,1.821,-2.049,1.87
Scottie Barnes,1630567,316,316,-0.419,-0.316,-0.103,2022-23-24,playoff,offset,100000.0,16870.239755710474,1687.0239755710475,17782.794100389234,0.38,0.917,0.993,-1.162,0.325,-2.114,1.482,-2.048,1.843
Quentin Grimes,1629656,459,462,-1.02,-0.901,-0.119,2022-23-24,playoff,offset,100000.0,16870.239755710474,1687.0239755710475,17782.794100389234,0.379,0.914,0.99,-1.764,-0.277,-2.692,0.89,-2.059,1.82
Maxi Kleber,1628467,799,803,-1.993,-1.873,-0.12,2022-23-24,playoff,offset,100000.0,16870.239755710474,1687.0239755710475,17782.794100389234,0.379,0.906,0.982,-2.735,-1.251,-3.649,-0.097,-2.045,1.805
Gordon Hayward,202330,64,61,-0.795,-0.675,-0.12,2022-23-24,playoff,offset,100000.0,16870.239755710474,1687.0239755710475,17782.794100389234,0.38,0.924,0.999,-1.54,-0.05,-2.486,1.136,-2.078,1.838
Goran Dragic,201609,180,176,0.439,0.561,-0.122,2022-23-24,playoff,offset,100000.0,16870.239755710474,1687.0239755710475,17782.794100389234,0.38,0.921,0.996,-0.305,1.183,-1.244,2.366,-2.074,1.83
Jalen Suggs,1630591,186,186,-1.878,-1.718,-0.161,2022-23-24,playoff,offset,100000.0,16870.239755710474,1687.0239755710475,17782.794100389234,0.38,0.921,0.996,-2.623,-1.134,-3.522,0.087,-2.113,1.791
Sidy Cissoko,1631321,52,52,-0.724,-0.534,-0.19,2022-23-24,playoff,offset,100000.0,16870.239755710474,1687.0239755710475,17782.794100389234,0.38,0.924,0.999,-1.469,0.021,-2.345,1.277,-2.148,1.768
Chris Livingston,1641753,12,11,-0.173,0.037,-0.21,2022-23-24,playoff,offset,100000.0,16870.239755710474,1687.0239755710475,17782.794100389234,0.38,0.925,1.0,-0.918,0.572,-1.776,1.851,-2.171,1.75
CJ McCollum,203468,936,931,1.621,1.842,-0.221,2022-23-24,playoff,offset,100000.0,16870.239755710474,1687.0239755710475,17782.794100389234,0.378,0.904,0.98,0.879,2.363,0.071,3.613,-2.141,1.699
De'Andre Hunter,1629631,978,999,-0.118,0.104,-0.222,2022-23-24,playoff,offset,100000.0,16870.239755710474,1687.0239755710475,17782.794100389234,0.378,0.902,0.978,-0.86,0.624,-1.664,1.873,-2.14,1.695
Anthony Gill,1630264,72,73,0.514,0.738,-0.224,2022-23-24,playoff,offset,100000.0,16870.239755710474,1687.0239755710475,17782.794100389234,0.38,0.924,0.999,-0.231,1.259,-1.072,2.549,-2.182,1.733
Jalen Wilson,1630592,98,104,0.255,0.48,-0.226,2022-23-24,playoff,offset,100000.0,16870.239755710474,1687.0239755710475,17782.794100389234,0.38,0.923,0.998,-0.49,0.999,-1.328,2.289,-2.182,1.73
Jerome Robinson,1629010,12,11,-0.175,0.055,-0.23,2022-23-24,playoff,offset,100000.0,16870.239755710474,1687.0239755710475,17782.794100389234,0.38,0.925,1.0,-0.92,0.57,-1.759,1.868,-2.191,1.73
Rayjon Tucker,1629730,1,2,0.166,0.398,-0.232,2022-23-24,playoff,offset,100000.0,16870.239755710474,1687.0239755710475,17782.794100389234,0.38,0.925,1.0,-0.579,0.912,-1.416,2.212,-2.192,1.729
Yuta Watanabe,1629139,4,3,-0.38,-0.132,-0.248,2022-23-24,playoff,offset,100000.0,16870.239755710474,1687.0239755710475,17782.794100389234,0.38,0.925,1.0,-1.126,0.365,-1.946,1.682,-2.209,1.713
Luka Samanic,1629677,112,114,-0.536,-0.286,-0.25,2022-23-24,playoff,offset,100000.0,16870.239755710474,1687.0239755710475,17782.794100389234,0.38,0.922,0.998,-1.28,0.209,-2.094,1.522,-2.205,1.705
Juancho Hernangomez,1627823,82,77,0.977,1.23,-0.253,2022-23-24,playoff,offset,100000.0,16870.239755710474,1687.0239755710475,17782.794100389234,0.38,0.923,0.999,0.232,1.722,-0.58,3.04,-2.21,1.704
Malik Williams,1642013,36,38,-0.164,0.105,-0.269,2022-23-24,playoff,offset,100000.0,16870.239755710474,1687.0239755710475,17782.794100389234,0.38,0.924,1.0,-0.909,0.581,-1.707,1.917,-2.228,1.69
Malik Fitts,1630238,1,1,-0.13,0.15,-0.28,2022-23-24,playoff,offset,100000.0,16870.239755710474,1687.0239755710475,17782.794100389234,0.38,0.925,1.0,-0.875,0.615,-1.664,1.964,-2.241,1.681
Dalen Terry,1631207,150,150,0.51,0.796,-0.286,2022-23-24,playoff,offset,100000.0,16870.239755710474,1687.0239755710475,17782.794100389234,0.38,0.921,0.997,-0.235,1.254,-1.01,2.602,-2.239,1.668
Markieff Morris,202693,47,49,-0.667,-0.367,-0.299,2022-23-24,playoff,offset,100000.0,16870.239755710474,1687.0239755710475,17782.794100389234,0.38,0.924,0.999,-1.411,0.078,-2.179,1.444,-2.258,1.659
Jordan Poole,1629673,1642,1622,-0.602,-0.298,-0.304,2022-23-24,playoff,offset,100000.0,16870.239755710474,1687.0239755710475,17782.794100389234,0.377,0.889,0.966,-1.341,0.138,-2.041,1.445,-2.197,1.589
Bol Bol,1629626,14,15,-1.396,-1.078,-0.318,2022-23-24,playoff,offset,100000.0,16870.239755710474,1687.0239755710475,17782.794100389234,0.38,0.925,1.0,-2.141,-0.651,-2.891,0.735,-2.278,1.643
Kobe Bufkin,1641723,23,23,-1.047,-0.721,-0.326,2022-23-24,playoff,offset,100000.0,16870.239755710474,1687.0239755710475,17782.794100389234,0.38,0.925,1.0,-1.792,-0.302,-2.534,1.092,-2.285,1.634
Donte DiVincenzo,1628978,633,629,-0.193,0.154,-0.347,2022-23-24,playoff,offset,100000.0,16870.239755710474,1687.0239755710475,17782.794100389234,0.379,0.909,0.985,-0.936,0.55,-1.629,1.936,-2.278,1.584
Caris LeVert,1627747,536,538,-0.14,0.207,-0.347,2022-23-24,playoff,offset,100000.0,16870.239755710474,1687.0239755710475,17782.794100389234,0.379,0.912,0.988,-0.883,0.603,-1.58,1.995,-2.283,1.589
Juwan Morgan,1629752,1,0,-0.085,0.281,-0.366,2022-23-24,playoff,offset,100000.0,16870.239755710474,1687.0239755710475,17782.794100389234,0.38,0.925,1.001,-0.83,0.66,-1.533,2.095,-2.327,1.595
Jared Butler,1630215,95,100,-0.668,-0.275,-0.393,2022-23-24,playoff,offset,100000.0,16870.239755710474,1687.0239755710475,17782.794100389234,0.38,0.923,0.998,-1.413,0.077,-2.084,1.534,-2.349,1.563
Markelle Fultz,1628365,52,53,-1.076,-0.67,-0.407,2022-23-24,playoff,offset,100000.0,16870.239755710474,1687.0239755710475,17782.794100389234,0.38,0.924,0.999,-1.821,-0.331,-2.481,1.141,-2.365,1.552
Eric Paschall,1629672,33,33,-0.236,0.189,-0.425,2022-23-24,playoff,offset,100000.0,16870.239755710474,1687.0239755710475,17782.794100389234,0.38,0.925,1.0,-0.981,0.509,-1.623,2.001,-2.384,1.534
Jason Preston,1630554,38,37,-0.201,0.231,-0.431,2022-23-24,playoff,offset,100000.0,16870.239755710474,1687.0239755710475,17782.794100389234,0.38,0.924,1.0,-0.946,0.544,-1.581,2.043,-2.39,1.528
Armoni Brooks,1629717,4,3,0.511,0.943,-0.433,2022-23-24,playoff,offset,100000.0,16870.239755710474,1687.0239755710475,17782.794100389234,0.38,0.925,1.0,-0.234,1.256,-0.871,2.757,-2.393,1.528
Marques Bolden,1629716,86,87,-0.576,-0.125,-0.451,2022-23-24,playoff,offset,100000.0,16870.239755710474,1687.0239755710475,17782.794100389234,0.38,0.923,0.998,-1.321,0.168,-1.935,1.684,-2.407,1.506
JD Davison,1631120,28,26,-0.323,0.135,-0.459,2022-23-24,playoff,offset,100000.0,16870.239755710474,1687.0239755710475,17782.794100389234,0.38,0.925,1.0,-1.068,0.421,-1.677,1.948,-2.418,1.501
JT Thor,1630550,102,104,-1.441,-0.982,-0.459,2022-23-24,playoff,offset,100000.0,16870.239755710474,1687.0239755710475,17782.794100389234,0.38,0.923,0.998,-2.186,-0.696,-2.79,0.827,-2.415,1.496
Aaron Wiggins,1630598,86,86,0.079,0.544,-0.465,2022-23-24,playoff,offset,100000.0,16870.239755710474,1687.0239755710475,17782.794100389234,0.38,0.923,0.998,-0.666,0.823,-1.266,2.353,-2.422,1.492
JaVale McGee,201580,231,226,-1.494,-1.021,-0.473,2022-23-24,playoff,offset,100000.0,16870.239755710474,1687.0239755710475,17782.794100389234,0.38,0.92,0.995,-2.238,-0.75,-2.823,0.782,-2.423,1.476
Chimezie Metu,1629002,102,102,-1.596,-1.119,-0.477,2022-23-24,playoff,offset,100000.0,16870.239755710474,1687.0239755710475,17782.794100389234,0.38,0.923,0.998,-2.34,-0.851,-2.927,0.69,-2.433,1.479
Jaden Springer,1630531,50,48,-0.496,-0.018,-0.478,2022-23-24,playoff,offset,100000.0,16870.239755710474,1687.0239755710475,17782.794100389234,0.38,0.924,0.999,-1.241,0.249,-1.829,1.793,-2.437,1.48
Nikola Vucevic,202696,634,637,0.05,0.531,-0.481,2022-23-24,playoff,offset,100000.0,16870.239755710474,1687.0239755710475,17782.794100389234,0.379,0.91,0.986,-0.693,0.793,-1.252,2.315,-2.413,1.451
Danny Green,201980,614,609,-0.806,-0.322,-0.484,2022-23-24,playoff,offset,100000.0,16870.239755710474,1687.0239755710475,17782.794100389234,0.379,0.91,0.986,-1.549,-0.063,-2.106,1.463,-2.417,1.449
Joshua Primo,1630563,21,21,-0.364,0.135,-0.499,2022-23-24,playoff,offset,100000.0,16870.239755710474,1687.0239755710475,17782.794100389234,0.38,0.925,1.0,-1.109,0.381,-1.678,1.948,-2.459,1.461
Jack White,1631298,43,40,-0.785,-0.276,-0.509,2022-23-24,playoff,offset,100000.0,16870.239755710474,1687.0239755710475,17782.794100389234,0.38,0.924,0.999,-1.53,-0.04,-2.088,1.536,-2.468,1.45
Daniel Gafford,1629655,37,38,-0.007,0.506,-0.514,2022-23-24,playoff,offset,100000.0,16870.239755710474,1687.0239755710475,17782.794100389234,0.38,0.924,1.0,-0.752,0.738,-1.306,2.318,-2.473,1.445
Xavier Tillman,1630214,566,578,-1.964,-1.432,-0.531,2022-23-24,playoff,offset,100000.0,16870.239755710474,1687.0239755710475,17782.794100389234,0.379,0.911,0.987,-2.707,-1.221,-3.218,0.353,-2.466,1.403
Seth Curry,203552,417,411,-0.615,-0.04,-0.575,2022-23-24,playoff,offset,100000.0,16870.239755710474,1687.0239755710475,17782.794100389234,0.379,0.915,0.99,-1.358,0.129,-1.833,1.753,-2.516,1.367
Moses Moody,1630541,423,441,-0.971,-0.393,-0.578,2022-23-24,playoff,offset,100000.0,16870.239755710474,1687.0239755710475,17782.794100389234,0.379,0.914,0.99,-1.714,-0.227,-2.185,1.398,-2.517,1.362
Gary Harris,203914,182,185,0.216,0.813,-0.597,2022-23-24,playoff,offset,100000.0,16870.239755710474,1687.0239755710475,17782.794100389234,0.38,0.921,0.996,-0.529,0.96,-0.992,2.617,-2.549,1.355
Kobe Brown,1641738,124,126,0.084,0.686,-0.602,2022-23-24,playoff,offset,100000.0,16870.239755710474,1687.0239755710475,17782.794100389234,0.38,0.922,0.997,-0.66,0.829,-1.121,2.494,-2.557,1.353
Leaky Black,1641778,65,64,-0.758,-0.14,-0.618,2022-23-24,playoff,offset,100000.0,16870.239755710474,1687.0239755710475,17782.794100389234,0.38,0.924,0.999,-1.503,-0.013,-1.951,1.67,-2.576,1.34
Justin Champagnie,1630551,56,59,0.215,0.835,-0.619,2022-23-24,playoff,offset,100000.0,16870.239755710474,1687.0239755710475,17782.794100389234,0.38,0.924,0.999,-0.53,0.96,-0.976,2.645,-2.578,1.339
Jalen Johnson,1630552,101,108,-2.124,-1.494,-0.63,2022-23-24,playoff,offset,100000.0,16870.239755710474,1687.0239755710475,17782.794100389234,0.38,0.923,0.998,-2.869,-1.38,-3.303,0.314,-2.586,1.325
Deandre Ayton,1629028,1383,1368,-0.628,0.009,-0.637,2022-23-24,playoff,offset,100000.0,16870.239755710474,1687.0239755710475,17782.794100389234,0.378,0.895,0.971,-1.369,0.112,-1.745,1.762,-2.54,1.266
Dario Saric,203967,75,74,0.274,0.914,-0.641,2022-23-24,playoff,offset,100000.0,16870.239755710474,1687.0239755710475,17782.794100389234,0.38,0.923,0.999,-0.471,1.018,-0.896,2.724,-2.598,1.317
Noah Clowney,1641730,121,123,-0.72,-0.043,-0.677,2022-23-24,playoff,offset,100000.0,16870.239755710474,1687.0239755710475,17782.794100389234,0.38,0.922,0.997,-1.465,0.025,-1.851,1.764,-2.632,1.278
Kessler Edwards,1630556,32,36,0.788,1.477,-0.689,2022-23-24,playoff,offset,100000.0,16870.239755710474,1687.0239755710475,17782.794100389234,0.38,0.925,1.0,0.043,1.533,-0.335,3.289,-2.648,1.27
Harrison Barnes,203084,661,667,0.244,0.939,-0.695,2022-23-24,playoff,offset,100000.0,16870.239755710474,1687.0239755710475,17782.794100389234,0.379,0.91,0.985,-0.499,0.986,-0.844,2.721,-2.626,1.236
Cam Whitmore,1641715,133,131,-1.034,-0.338,-0.697,2022-23-24,playoff,offset,100000.0,16870.239755710474,1687.0239755710475,17782.794100389234,0.38,0.922,0.997,-1.779,-0.29,-2.145,1.47,-2.651,1.258
Lamar Stevens,1630205,25,26,-0.603,0.122,-0.725,2022-23-24,playoff,offset,100000.0,16870.239755710474,1687.0239755710475,17782.794100389234,0.38,0.925,1.0,-1.348,0.142,-1.691,1.935,-2.685,1.235
Olivier-Maxence Prosper,1641765,79,82,-0.457,0.28,-0.738,2022-23-24,playoff,offset,100000.0,16870.239755710474,1687.0239755710475,17782.794100389234,0.38,0.923,0.998,-1.202,0.288,-1.529,2.09,-2.695,1.219
Jonathan Kuminga,1630228,306,311,-0.397,0.345,-0.742,2022-23-24,playoff,offset,100000.0,16870.239755710474,1687.0239755710475,17782.794100389234,0.38,0.917,0.993,-1.141,0.347,-1.453,2.143,-2.688,1.204
Justin Minaya,1631303,87,92,-0.777,-0.032,-0.745,2022-23-24,playoff,offset,100000.0,16870.239755710474,1687.0239755710475,17782.794100389234,0.38,0.923,0.998,-1.522,-0.032,-1.841,1.777,-2.701,1.212
Reggie Jackson,202704,256,259,-2.284,-1.532,-0.752,2022-23-24,playoff,offset,100000.0,16870.239755710474,1687.0239755710475,17782.794100389234,0.38,0.919,0.994,-3.028,-1.54,-3.333,0.268,-2.7,1.196
Patty Mills,201988,190,186,-0.443,0.309,-0.752,2022-23-24,playoff,offset,100000.0,16870.239755710474,1687.0239755710475,17782.794100389234,0.38,0.921,0.996,-1.187,0.302,-1.495,2.113,-2.703,1.2
Georges Niang,1627777,737,749,-0.357,0.401,-0.758,2022-23-24,playoff,offset,100000.0,16870.239755710474,1687.0239755710475,17782.794100389234,0.379,0.907,0.983,-1.1,0.385,-1.376,2.177,-2.684,1.168
Andrew Nembhard,1629614,116,116,-1.01,-0.234,-0.776,2022-23-24,playoff,offset,100000.0,16870.239755710474,1687.0239755710475,17782.794100389234,0.38,0.922,0.998,-1.755,-0.266,-2.042,1.574,-2.732,1.179
Jordan Goodwin,1630692,128,132,-1.749,-0.97,-0.778,2022-23-24,playoff,offset,100000.0,16870.239755710474,1687.0239755710475,17782.794100389234,0.38,0.922,0.997,-2.493,-1.004,-2.777,0.837,-2.733,1.176
Khem Birch,203920,87,90,-0.265,0.524,-0.789,2022-23-24,playoff,offset,100000.0,16870.239755710474,1687.0239755710475,17782.794100389234,0.38,0.923,0.998,-1.009,0.48,-1.285,2.333,-2.745,1.168
Devonte' Graham,1628984,208,208,-0.757,0.05,-0.808,2022-23-24,playoff,offset,100000.0,16870.239755710474,1687.0239755710475,17782.794100389234,0.38,0.92,0.995,-1.502,-0.013,-1.753,1.853,-2.758,1.143
Russell Westbrook,201566,427,432,-0.62,0.252,-0.872,2022-23-24,playoff,offset,100000.0,16870.239755710474,1687.0239755710475,17782.794100389234,0.379,0.915,0.99,-1.364,0.124,-1.541,2.045,-2.813,1.069
Trey Murphy III,1630530,652,652,-0.684,0.251,-0.935,2022-23-24,playoff,offset,100000.0,16870.239755710474,1687.0239755710475,17782.794100389234,0.379,0.909,0.985,-1.426,0.059,-1.531,2.034,-2.866,0.996
Talen Horton-Tucker,1629659,57,57,-1.082,-0.147,-0.935,2022-23-24,playoff,offset,100000.0,16870.239755710474,1687.0239755710475,17782.794100389234,0.38,0.924,0.999,-1.827,-0.337,-1.958,1.664,-2.894,1.023
Ivica Zubac,1627826,408,409,-0.838,0.114,-0.953,2022-23-24,playoff,offset,100000.0,16870.239755710474,1687.0239755710475,17782.794100389234,0.379,0.915,0.991,-1.582,-0.095,-1.679,1.908,-2.894,0.989
Paul Millsap,200794,10,11,-1.135,-0.181,-0.954,2022-23-24,playoff,offset,100000.0,16870.239755710474,1687.0239755710475,17782.794100389234,0.38,0.925,1.0,-1.88,-0.39,-1.994,1.633,-2.915,1.006
AJ Lawson,1630639,50,51,-1.026,-0.06,-0.967,2022-23-24,playoff,offset,100000.0,16870.239755710474,1687.0239755710475,17782.794100389234,0.38,0.924,0.999,-1.771,-0.281,-1.871,1.752,-2.925,0.992
Gorgui Dieng,203476,9,10,-1.699,-0.715,-0.984,2022-23-24,playoff,offset,100000.0,16870.239755710474,1687.0239755710475,17782.794100389234,0.38,0.925,1.0,-2.444,-0.954,-2.528,1.099,-2.944,0.977
Onuralp Bitim,1641931,54,53,-0.471,0.522,-0.994,2022-23-24,playoff,offset,100000.0,16870.239755710474,1687.0239755710475,17782.794100389234,0.38,0.924,0.999,-1.216,0.274,-1.289,2.334,-2.952,0.965
Julian Champagnie,1630577,107,105,-0.145,0.863,-1.008,2022-23-24,playoff,offset,100000.0,16870.239755710474,1687.0239755710475,17782.794100389234,0.38,0.923,0.998,-0.889,0.6,-0.945,2.672,-2.964,0.948
Thaddeus Young,201152,181,182,-0.792,0.225,-1.017,2022-23-24,playoff,offset,100000.0,16870.239755710474,1687.0239755710475,17782.794100389234,0.38,0.921,0.996,-1.537,-0.048,-1.579,2.03,-2.969,0.935
Grant Williams,1629684,1547,1541,-0.653,0.365,-1.017,2022-23-24,playoff,offset,100000.0,16870.239755710474,1687.0239755710475,17782.794100389234,0.377,0.891,0.967,-1.392,0.087,-1.381,2.11,-2.913,0.879
Precious Achiuwa,1630173,328,322,-1.172,-0.14,-1.032,2022-23-24,playoff,offset,100000.0,16870.239755710474,1687.0239755710475,17782.794100389234,0.38,0.917,0.993,-1.916,-0.428,-1.937,1.658,-2.978,0.913
Taylor Hendricks,1641707,128,128,-1.279,-0.245,-1.034,2022-23-24,playoff,offset,100000.0,16870.239755710474,1687.0239755710475,17782.794100389234,0.38,0.922,0.997,-2.024,-0.535,-2.053,1.562,-2.988,0.921
Kelly Olynyk,203482,86,86,0.118,1.153,-1.035,2022-23-24,playoff,offset,100000.0,16870.239755710474,1687.0239755710475,17782.794100389234,0.38,0.923,0.998,-0.627,0.863,-0.656,2.963,-2.992,0.922
Bruce Brown,1628971,1335,1315,0.46,1.518,-1.058,2022-23-24,playoff,offset,100000.0,16870.239755710474,1687.0239755710475,17782.794100389234,0.378,0.895,0.971,-0.28,1.201,-0.235,3.271,-2.961,0.845
Jericho Sims,1630579,42,44,-1.13,-0.057,-1.074,2022-23-24,playoff,offset,100000.0,16870.239755710474,1687.0239755710475,17782.794100389234,0.38,0.924,0.999,-1.875,-0.385,-1.868,1.755,-3.032,0.885
Oshae Brissett,1629052,34,32,0.361,1.455,-1.093,2022-23-24,playoff,offset,100000.0,16870.239755710474,1687.0239755710475,17782.794100389234,0.38,0.925,1.0,-0.384,1.106,-0.357,3.267,-3.053,0.866
Cody Zeller,203469,272,276,-0.526,0.569,-1.095,2022-23-24,playoff,offset,100000.0,16870.239755710474,1687.0239755710475,17782.794100389234,0.38,0.918,0.994,-1.27,0.218,-1.231,2.369,-3.043,0.852
Josh Giddey,1630581,157,156,-0.62,0.48,-1.1,2022-23-24,playoff,offset,100000.0,16870.239755710474,1687.0239755710475,17782.794100389234,0.38,0.921,0.997,-1.365,0.124,-1.326,2.286,-3.053,0.853
Terry Rozier,1626179,50,51,-0.417,0.707,-1.124,2022-23-24,playoff,offset,100000.0,16870.239755710474,1687.0239755710475,17782.794100389234,0.38,0.924,0.999,-1.162,0.328,-1.104,2.518,-3.082,0.834
Dāvis Bertāns,202722,325,324,-0.643,0.491,-1.134,2022-23-24,playoff,offset,100000.0,16870.239755710474,1687.0239755710475,17782.794100389234,0.38,0.917,0.992,-1.387,0.101,-1.307,2.288,-3.079,0.811
Zeke Nnaji,1630192,31,33,-2.307,-1.151,-1.156,2022-23-24,playoff,offset,100000.0,16870.239755710474,1687.0239755710475,17782.794100389234,0.38,0.925,1.0,-3.052,-1.562,-2.964,0.661,-3.115,0.803
David Duke Jr.,1630561,37,34,-0.727,0.463,-1.19,2022-23-24,playoff,offset,100000.0,16870.239755710474,1687.0239755710475,17782.794100389234,0.38,0.925,1.0,-1.471,0.018,-1.349,2.276,-3.149,0.769
Santi Aldama,1630583,148,151,-1.374,-0.157,-1.217,2022-23-24,playoff,offset,100000.0,16870.239755710474,1687.0239755710475,17782.794100389234,0.38,0.921,0.997,-2.119,-0.63,-1.963,1.649,-3.171,0.736
Patrick Baldwin Jr.,1631116,137,143,-1.187,0.037,-1.224,2022-23-24,playoff,offset,100000.0,16870.239755710474,1687.0239755710475,17782.794100389234,0.38,0.922,0.997,-1.931,-0.442,-1.769,1.844,-3.178,0.73
Blake Griffin,201933,60,59,-1.012,0.225,-1.237,2022-23-24,playoff,offset,100000.0,16870.239755710474,1687.0239755710475,17782.794100389234,0.38,0.924,0.999,-1.757,-0.267,-1.586,2.036,-3.195,0.721
Bryn Forbes,1627854,104,108,-1.289,-0.052,-1.237,2022-23-24,playoff,offset,100000.0,16870.239755710474,1687.0239755710475,17782.794100389234,0.38,0.923,0.998,-2.034,-0.545,-1.861,1.756,-3.193,0.719
Trayce Jackson-Davis,1631218,109,114,-0.45,0.79,-1.239,2022-23-24,playoff,offset,100000.0,16870.239755710474,1687.0239755710475,17782.794100389234,0.38,0.922,0.998,-1.195,0.295,-1.018,2.598,-3.195,0.716
Taurean Prince,1627752,508,511,0.084,1.323,-1.239,2022-23-24,playoff,offset,100000.0,16870.239755710474,1687.0239755710475,17782.794100389234,0.379,0.912,0.988,-0.659,0.827,-0.465,3.111,-3.175,0.698
Kelly Oubre Jr.,1626162,263,266,-0.733,0.513,-1.246,2022-23-24,playoff,offset,100000.0,16870.239755710474,1687.0239755710475,17782.794100389234,0.38,0.919,0.994,-1.477,0.011,-1.288,2.313,-3.194,0.702
Vit Krejci,1630249,34,36,0.871,2.121,-1.25,2022-23-24,playoff,offset,100000.0,16870.239755710474,1687.0239755710475,17782.794100389234,0.38,0.925,1.0,0.126,1.616,0.309,3.933,-3.209,0.709
Klay Thompson,202691,2584,2568,0.272,1.534,-1.262,2022-23-24,playoff,offset,100000.0,16870.239755710474,1687.0239755710475,17782.794100389234,0.376,0.876,0.953,-0.465,1.008,-0.183,3.251,-3.13,0.606
Sandro Mamukelashvili,1630572,91,91,-1.355,-0.084,-1.271,2022-23-24,playoff,offset,100000.0,16870.239755710474,1687.0239755710475,17782.794100389234,0.38,0.923,0.998,-2.1,-0.61,-1.893,1.726,-3.228,0.685
Emoni Bates,1641734,58,58,-0.679,0.598,-1.277,2022-23-24,playoff,offset,100000.0,16870.239755710474,1687.0239755710475,17782.794100389234,0.38,0.924,0.999,-1.424,0.066,-1.213,2.409,-3.235,0.681
Max Christie,1631108,1,2,-1.773,-0.486,-1.287,2022-23-24,playoff,offset,100000.0,16870.239755710474,1687.0239755710475,17782.794100389234,0.38,0.925,1.0,-2.518,-1.028,-2.299,1.328,-3.248,0.674
Juan Toscano-Anderson,1629308,10,13,-1.181,0.121,-1.302,2022-23-24,playoff,offset,100000.0,16870.239755710474,1687.0239755710475,17782.794100389234,0.38,0.925,1.0,-1.926,-0.436,-1.692,1.934,-3.262,0.659
GG Jackson II,1641713,144,146,-2.47,-1.154,-1.316,2022-23-24,playoff,offset,100000.0,16870.239755710474,1687.0239755710475,17782.794100389234,0.38,0.922,0.997,-3.214,-1.725,-2.96,0.653,-3.27,0.638
JaMychal Green,203210,208,213,-1.262,0.063,-1.325,2022-23-24,playoff,offset,100000.0,16870.239755710474,1687.0239755710475,17782.794100389234,0.38,0.92,0.995,-2.006,-0.517,-1.74,1.866,-3.275,0.626
Saddiq Bey,1630180,251,257,0.759,2.109,-1.35,2022-23-24,playoff,offset,100000.0,16870.239755710474,1687.0239755710475,17782.794100389234,0.38,0.919,0.994,0.015,1.503,0.308,3.91,-3.298,0.599
Timothe Luwawu-Cabarrot,1627789,29,29,-0.724,0.633,-1.358,2022-23-24,playoff,offset,100000.0,16870.239755710474,1687.0239755710475,17782.794100389234,0.38,0.925,1.0,-1.469,0.021,-1.179,2.446,-3.317,0.602
John Collins,1628381,497,500,-0.632,0.737,-1.368,2022-23-24,playoff,offset,100000.0,16870.239755710474,1687.0239755710475,17782.794100389234,0.379,0.913,0.989,-1.375,0.112,-1.053,2.526,-3.306,0.569
Evan Fournier,203095,73,74,-2.064,-0.659,-1.405,2022-23-24,playoff,offset,100000.0,16870.239755710474,1687.0239755710475,17782.794100389234,0.38,0.923,0.999,-2.809,-1.32,-2.469,1.151,-3.363,0.552
Xavier Moon,1629875,137,137,-0.821,0.598,-1.419,2022-23-24,playoff,offset,100000.0,16870.239755710474,1687.0239755710475,17782.794100389234,0.38,0.922,0.997,-1.566,-0.076,-1.209,2.405,-3.373,0.535
Tre Mann,1630544,81,82,-1.616,-0.191,-1.424,2022-23-24,playoff,offset,100000.0,16870.239755710474,1687.0239755710475,17782.794100389234,0.38,0.923,0.998,-2.36,-0.871,-2.001,1.618,-3.381,0.532
Timmy Allen,1641851,88,88,-1.422,0.009,-1.431,2022-23-24,playoff,offset,100000.0,16870.239755710474,1687.0239755710475,17782.794100389234,0.38,0.923,0.998,-2.167,-0.678,-1.801,1.818,-3.387,0.526
Austin Rivers,203085,228,232,-0.296,1.148,-1.444,2022-23-24,playoff,offset,100000.0,16870.239755710474,1687.0239755710475,17782.794100389234,0.38,0.919,0.995,-1.04,0.448,-0.653,2.95,-3.394,0.505
Thomas Bryant,1628418,19,18,-1.009,0.449,-1.458,2022-23-24,playoff,offset,100000.0,16870.239755710474,1687.0239755710475,17782.794100389234,0.38,0.925,1.0,-1.754,-0.264,-1.364,2.262,-3.418,0.502
Jaylin Williams,1631119,150,152,-0.274,1.193,-1.468,2022-23-24,playoff,offset,100000.0,16870.239755710474,1687.0239755710475,17782.794100389234,0.38,0.921,0.997,-1.019,0.47,-0.613,2.999,-3.421,0.486
Keita Bates-Diop,1628966,10,11,-1.416,0.084,-1.5,2022-23-24,playoff,offset,100000.0,16870.239755710474,1687.0239755710475,17782.794100389234,0.38,0.925,1.0,-2.161,-0.671,-1.73,1.897,-3.46,0.461
Josh Richardson,1626196,93,99,-0.741,0.772,-1.513,2022-23-24,playoff,offset,100000.0,16870.239755710474,1687.0239755710475,17782.794100389234,0.38,0.923,0.998,-1.485,0.004,-1.036,2.581,-3.469,0.443
Scotty Pippen Jr.,1630590,94,94,-1.798,-0.279,-1.519,2022-23-24,playoff,offset,100000.0,16870.239755710474,1687.0239755710475,17782.794100389234,0.38,0.923,0.998,-2.543,-1.053,-2.088,1.53,-3.475,0.437
Davion Mitchell,1630558,411,413,-2.21,-0.684,-1.526,2022-23-24,playoff,offset,100000.0,16870.239755710474,1687.0239755710475,17782.794100389234,0.379,0.915,0.991,-2.953,-1.466,-2.477,1.11,-3.468,0.415
Troy Brown Jr.,1628972,260,273,-0.848,0.688,-1.536,2022-23-24,playoff,offset,100000.0,16870.239755710474,1687.0239755710475,17782.794100389234,0.38,0.918,0.994,-1.592,-0.103,-1.112,2.488,-3.483,0.412
Gary Trent Jr.,1629018,459,452,-0.02,1.529,-1.549,2022-23-24,playoff,offset,100000.0,16870.239755710474,1687.0239755710475,17782.794100389234,0.379,0.914,0.989,-0.763,0.723,-0.262,3.32,-3.489,0.39
Jamaree Bouyea,1631123,17,16,-0.739,0.812,-1.552,2022-23-24,playoff,offset,100000.0,16870.239755710474,1687.0239755710475,17782.794100389234,0.38,0.925,1.0,-1.484,0.006,-1.001,2.626,-3.512,0.408
Malik Beasley,1627736,482,481,-0.909,0.651,-1.56,2022-23-24,playoff,offset,100000.0,16870.239755710474,1687.0239755710475,17782.794100389234,0.379,0.913,0.989,-1.652,-0.165,-1.138,2.441,-3.498,0.378
Cedi Osman,1626224,197,208,-0.747,0.876,-1.623,2022-23-24,playoff,offset,100000.0,16870.239755710474,1687.0239755710475,17782.794100389234,0.38,0.92,0.995,-1.491,-0.002,-0.927,2.679,-3.574,0.328
Haywood Highsmith,1629312,384,399,-2.309,-0.677,-1.632,2022-23-24,playoff,offset,100000.0,16870.239755710474,1687.0239755710475,17782.794100389234,0.379,0.915,0.991,-3.053,-1.565,-2.47,1.117,-3.574,0.309
Javon Freeman-Liberty,1631241,70,70,-0.88,0.769,-1.649,2022-23-24,playoff,offset,100000.0,16870.239755710474,1687.0239755710475,17782.794100389234,0.38,0.924,0.999,-1.624,-0.135,-1.041,2.579,-3.606,0.309
Amir Coffey,1629599,173,172,-0.381,1.279,-1.66,2022-23-24,playoff,offset,100000.0,16870.239755710474,1687.0239755710475,17782.794100389234,0.38,0.921,0.996,-1.126,0.363,-0.526,3.084,-3.613,0.292
Mo Bamba,1628964,42,41,-2.149,-0.486,-1.662,2022-23-24,playoff,offset,100000.0,16870.239755710474,1687.0239755710475,17782.794100389234,0.38,0.924,0.999,-2.893,-1.404,-2.298,1.326,-3.621,0.297
Jabari Smith Jr.,1631095,134,135,-1.162,0.514,-1.677,2022-23-24,playoff,offset,100000.0,16870.239755710474,1687.0239755710475,17782.794100389234,0.38,0.922,0.997,-1.907,-0.418,-1.293,2.321,-3.631,0.278
Trey Jemison,1641998,126,127,-0.938,0.758,-1.695,2022-23-24,playoff,offset,100000.0,16870.239755710474,1687.0239755710475,17782.794100389234,0.38,0.922,0.997,-1.682,-0.193,-1.05,2.565,-3.65,0.259
Devin Vassell,1630170,66,69,-1.639,0.186,-1.826,2022-23-24,playoff,offset,100000.0,16870.239755710474,1687.0239755710475,17782.794100389234,0.38,0.924,0.999,-2.384,-0.895,-1.624,1.997,-3.783,0.132
Serge Ibaka,201586,1,2,-2.302,-0.462,-1.84,2022-23-24,playoff,offset,100000.0,16870.239755710474,1687.0239755710475,17782.794100389234,0.38,0.925,1.0,-3.047,-1.557,-2.276,1.352,-3.801,0.121
Ayo Dosunmu,1630245,259,261,-2.574,-0.732,-1.842,2022-23-24,playoff,offset,100000.0,16870.239755710474,1687.0239755710475,17782.794100389234,0.38,0.919,0.994,-3.318,-1.83,-2.533,1.068,-3.79,0.106
Moses Brown,1629650,43,44,-1.055,0.797,-1.852,2022-23-24,playoff,offset,100000.0,16870.239755710474,1687.0239755710475,17782.794100389234,0.38,0.924,0.999,-1.799,-0.31,-1.014,2.609,-3.811,0.107
TyTy Washington Jr.,1631102,12,11,-1.723,0.133,-1.856,2022-23-24,playoff,offset,100000.0,16870.239755710474,1687.0239755710475,17782.794100389234,0.38,0.925,1.0,-2.468,-0.978,-1.68,1.947,-3.817,0.104
Thanasis Antetokounmpo,203648,1,3,-0.596,1.291,-1.887,2022-23-24,playoff,offset,100000.0,16870.239755710474,1687.0239755710475,17782.794100389234,0.38,0.925,1.0,-1.341,0.149,-0.523,3.105,-3.848,0.074
Micah Potter,1630695,45,44,-1.357,0.556,-1.913,2022-23-24,playoff,offset,100000.0,16870.239755710474,1687.0239755710475,17782.794100389234,0.38,0.924,0.999,-2.102,-0.612,-1.255,2.368,-3.872,0.045
Marcus Morris Sr.,202694,322,326,-0.319,1.621,-1.939,2022-23-24,playoff,offset,100000.0,16870.239755710474,1687.0239755710475,17782.794100389234,0.38,0.917,0.992,-1.063,0.425,-0.177,3.418,-3.884,0.006
Garrison Mathews,1629726,88,91,-0.163,1.82,-1.982,2022-23-24,playoff,offset,100000.0,16870.239755710474,1687.0239755710475,17782.794100389234,0.38,0.923,0.998,-0.907,0.582,0.011,3.629,-3.939,-0.026
Joe Harris,203925,85,78,-1.296,0.718,-2.014,2022-23-24,playoff,offset,100000.0,16870.239755710474,1687.0239755710475,17782.794100389234,0.38,0.923,0.999,-2.041,-0.552,-1.092,2.528,-3.971,-0.057
David Roddy,1631223,121,120,-1.775,0.255,-2.03,2022-23-24,playoff,offset,100000.0,16870.239755710474,1687.0239755710475,17782.794100389234,0.38,0.922,0.997,-2.519,-1.03,-1.552,2.063,-3.985,-0.075
Victor Oladipo,203506,635,626,-1.64,0.403,-2.043,2022-23-24,playoff,offset,100000.0,16870.239755710474,1687.0239755710475,17782.794100389234,0.379,0.91,0.985,-2.383,-0.897,-1.38,2.185,-3.974,-0.111
Jake LaRavia,1631222,141,143,-1.869,0.204,-2.073,2022-23-24,playoff,offset,100000.0,16870.239755710474,1687.0239755710475,17782.794100389234,0.38,0.922,0.997,-2.613,-1.124,-1.602,2.011,-4.027,-0.119
Zavier Simpson,1630285,61,60,-1.717,0.381,-2.097,2022-23-24,playoff,offset,100000.0,16870.239755710474,1687.0239755710475,17782.794100389234,0.38,0.924,0.999,-2.462,-0.972,-1.43,2.191,-4.055,-0.139
Jaxson Hayes,1629637,313,318,-2.007,0.118,-2.125,2022-23-24,playoff,offset,100000.0,16870.239755710474,1687.0239755710475,17782.794100389234,0.38,0.917,0.993,-2.751,-1.263,-1.68,1.916,-4.071,-0.18
Ziaire Williams,1630533,297,301,-1.662,0.483,-2.145,2022-23-24,playoff,offset,100000.0,16870.239755710474,1687.0239755710475,17782.794100389234,0.38,0.918,0.993,-2.406,-0.918,-1.315,2.282,-4.092,-0.199
Bruno Fernando,1628981,105,111,-2.378,-0.207,-2.172,2022-23-24,playoff,offset,100000.0,16870.239755710474,1687.0239755710475,17782.794100389234,0.38,0.923,0.998,-3.123,-1.634,-2.015,1.602,-4.127,-0.216
Doug McDermott,203926,28,25,0.789,2.974,-2.185,2022-23-24,playoff,offset,100000.0,16870.239755710474,1687.0239755710475,17782.794100389234,0.38,0.925,1.0,0.044,1.534,1.162,4.787,-4.145,-0.225
Bojan Bogdanovic,202711,506,507,0.738,2.98,-2.242,2022-23-24,playoff,offset,100000.0,16870.239755710474,1687.0239755710475,17782.794100389234,0.379,0.913,0.988,-0.005,1.481,1.191,4.769,-4.179,-0.305
Jaden Hardy,1630702,78,79,-0.468,1.831,-2.299,2022-23-24,playoff,offset,100000.0,16870.239755710474,1687.0239755710475,17782.794100389234,0.38,0.923,0.998,-1.213,0.277,0.022,3.641,-4.256,-0.342
Lonnie Walker IV,1629022,406,424,-0.854,1.509,-2.363,2022-23-24,playoff,offset,100000.0,16870.239755710474,1687.0239755710475,17782.794100389234,0.379,0.914,0.99,-1.597,-0.11,-0.283,3.302,-4.303,-0.423
Corey Kispert,1630557,150,150,0.194,2.659,-2.465,2022-23-24,playoff,offset,100000.0,16870.239755710474,1687.0239755710475,17782.794100389234,0.38,0.922,0.997,-0.55,0.939,0.853,4.466,-4.419,-0.511
Andre Jackson Jr.,1641748,14,15,-0.06,2.419,-2.48,2022-23-24,playoff,offset,100000.0,16870.239755710474,1687.0239755710475,17782.794100389234,0.38,0.925,1.0,-0.805,0.685,0.606,4.233,-4.44,-0.52
Johnny Juzang,1630548,84,84,-1.874,0.633,-2.507,2022-23-24,playoff,offset,100000.0,16870.239755710474,1687.0239755710475,17782.794100389234,0.38,0.923,0.998,-2.619,-1.13,-1.177,2.442,-4.464,-0.55
Jeff Green,201145,893,892,-1.586,0.938,-2.525,2022-23-24,playoff,offset,100000.0,16870.239755710474,1687.0239755710475,17782.794100389234,0.379,0.904,0.98,-2.328,-0.844,-0.833,2.71,-4.445,-0.604
Justin Holiday,203200,56,60,-1.717,0.819,-2.537,2022-23-24,playoff,offset,100000.0,16870.239755710474,1687.0239755710475,17782.794100389234,0.38,0.924,0.999,-2.462,-0.972,-0.991,2.63,-4.495,-0.579
Pat Connaughton,1626192,771,778,-1.434,1.124,-2.558,2022-23-24,playoff,offset,100000.0,16870.239755710474,1687.0239755710475,17782.794100389234,0.379,0.906,0.982,-2.176,-0.692,-0.653,2.9,-4.483,-0.633
Tony Snell,203503,8,9,-1.701,0.904,-2.605,2022-23-24,playoff,offset,100000.0,16870.239755710474,1687.0239755710475,17782.794100389234,0.38,0.925,1.0,-2.446,-0.956,-0.909,2.718,-4.566,-0.645
Brandon Boston Jr.,1630527,119,118,-3.284,-0.671,-2.613,2022-23-24,playoff,offset,100000.0,16870.239755710474,1687.0239755710475,17782.794100389234,0.38,0.922,0.998,-4.029,-2.54,-2.479,1.136,-4.568,-0.658
Blake Wesley,1631104,70,70,-2.402,0.33,-2.732,2022-23-24,playoff,offset,100000.0,16870.239755710474,1687.0239755710475,17782.794100389234,0.38,0.924,0.999,-3.147,-1.657,-1.48,2.14,-4.69,-0.775
Rajon Rondo,200765,80,86,-2.919,-0.127,-2.792,2022-23-24,playoff,offset,100000.0,16870.239755710474,1687.0239755710475,17782.794100389234,0.38,0.923,0.998,-3.664,-2.174,-1.936,1.683,-4.749,-0.835
Jalen Green,1630224,117,114,-0.385,2.423,-2.808,2022-23-24,playoff,offset,100000.0,16870.239755710474,1687.0239755710475,17782.794100389234,0.38,0.922,0.998,-1.129,0.36,0.615,4.231,-4.763,-0.853
RJ Barrett,1629628,751,758,-1.092,1.736,-2.828,2022-23-24,playoff,offset,100000.0,16870.239755710474,1687.0239755710475,17782.794100389234,0.379,0.907,0.983,-1.835,-0.35,-0.043,3.514,-4.755,-0.901
Nick Smith Jr.,1641733,90,93,-2.716,0.196,-2.912,2022-23-24,playoff,offset,100000.0,16870.239755710474,1687.0239755710475,17782.794100389234,0.38,0.923,0.998,-3.461,-1.972,-1.613,2.005,-4.868,-0.956
Jacob Gilyard,1631367,36,39,-1.037,1.876,-2.913,2022-23-24,playoff,offset,100000.0,16870.239755710474,1687.0239755710475,17782.794100389234,0.38,0.924,1.0,-1.782,-0.292,0.064,3.688,-4.872,-0.954
Jeremiah Robinson-Earl,1630526,14,13,-1.916,0.998,-2.913,2022-23-24,playoff,offset,100000.0,16870.239755710474,1687.0239755710475,17782.794100389234,0.38,0.925,1.0,-2.661,-1.171,-0.816,2.811,-4.874,-0.953
Norman Powell,1626181,502,500,-1.078,1.858,-2.936,2022-23-24,playoff,offset,100000.0,16870.239755710474,1687.0239755710475,17782.794100389234,0.379,0.913,0.988,-1.821,-0.335,0.069,3.647,-4.873,-0.999
Dalano Banton,1630625,108,111,-2.08,0.882,-2.962,2022-23-24,playoff,offset,100000.0,16870.239755710474,1687.0239755710475,17782.794100389234,0.38,0.923,0.998,-2.825,-1.335,-0.926,2.69,-4.917,-1.006
Eugene Omoruyi,1630647,52,54,-1.211,1.956,-3.166,2022-23-24,playoff,offset,100000.0,16870.239755710474,1687.0239755710475,17782.794100389234,0.38,0.924,0.999,-1.956,-0.466,0.145,3.767,-5.125,-1.208
Aleksej Pokusevski,1630197,59,61,-3.138,0.039,-3.177,2022-23-24,playoff,offset,100000.0,16870.239755710474,1687.0239755710475,17782.794100389234,0.38,0.924,0.999,-3.883,-2.393,-1.772,1.85,-5.135,-1.219
Brandon Williams,1630314,54,58,-1.846,1.338,-3.185,2022-23-24,playoff,offset,100000.0,16870.239755710474,1687.0239755710475,17782.794100389234,0.38,0.924,0.999,-2.591,-1.101,-0.472,3.149,-5.143,-1.226
Cam Thomas,1630560,143,144,-1.117,2.098,-3.216,2022-23-24,playoff,offset,100000.0,16870.239755710474,1687.0239755710475,17782.794100389234,0.38,0.922,0.997,-1.862,-0.373,0.292,3.905,-5.17,-1.262
Brice Sensabaugh,1641729,104,104,-0.533,2.7,-3.232,2022-23-24,playoff,offset,100000.0,16870.239755710474,1687.0239755710475,17782.794100389234,0.38,0.923,0.998,-1.277,0.212,0.891,4.508,-5.188,-1.276
Facundo Campazzo,1630267,13,15,-2.854,0.432,-3.286,2022-23-24,playoff,offset,100000.0,16870.239755710474,1687.0239755710475,17782.794100389234,0.38,0.925,1.0,-3.599,-2.109,-1.382,2.245,-5.246,-1.326
Jaden Ivey,1631093,81,82,-1.209,2.097,-3.306,2022-23-24,playoff,offset,100000.0,16870.239755710474,1687.0239755710475,17782.794100389234,0.38,0.923,0.998,-1.954,-0.464,0.287,3.907,-5.263,-1.349
Jabari Walker,1631133,28,27,-1.679,1.707,-3.386,2022-23-24,playoff,offset,100000.0,16870.239755710474,1687.0239755710475,17782.794100389234,0.38,0.925,1.0,-2.424,-0.934,-0.105,3.52,-5.346,-1.427
Marcus Sasser,1631204,94,93,-1.511,1.897,-3.407,2022-23-24,playoff,offset,100000.0,16870.239755710474,1687.0239755710475,17782.794100389234,0.38,0.923,0.998,-2.255,-0.766,0.088,3.706,-5.364,-1.451
Trendon Watford,1630570,130,132,-1.332,2.106,-3.438,2022-23-24,playoff,offset,100000.0,16870.239755710474,1687.0239755710475,17782.794100389234,0.38,0.922,0.997,-2.076,-0.587,0.299,3.913,-5.392,-1.483
Kira Lewis Jr.,1630184,65,66,-3.684,-0.24,-3.445,2022-23-24,playoff,offset,100000.0,16870.239755710474,1687.0239755710475,17782.794100389234,0.38,0.924,0.999,-4.429,-2.94,-2.05,1.571,-5.403,-1.487
Drew Eubanks,1629234,70,70,-1.987,1.477,-3.464,2022-23-24,playoff,offset,100000.0,16870.239755710474,1687.0239755710475,17782.794100389234,0.38,0.924,0.999,-2.732,-1.242,-0.333,3.287,-5.422,-1.507
Will Barton,203115,327,327,-3.344,0.191,-3.535,2022-23-24,playoff,offset,100000.0,16870.239755710474,1687.0239755710475,17782.794100389234,0.38,0.917,0.993,-4.088,-2.6,-1.607,1.989,-5.48,-1.589
Damian Jones,1627745,24,24,-3.006,0.531,-3.537,2022-23-24,playoff,offset,100000.0,16870.239755710474,1687.0239755710475,17782.794100389234,0.38,0.925,1.0,-3.751,-2.261,-1.282,2.343,-5.497,-1.577
Usman Garuba,1630586,12,11,-1.758,1.919,-3.677,2022-23-24,playoff,offset,100000.0,16870.239755710474,1687.0239755710475,17782.794100389234,0.38,0.925,1.0,-2.503,-1.013,0.105,3.732,-5.637,-1.717
Terrence Ross,203082,111,111,-1.219,2.535,-3.753,2022-23-24,playoff,offset,100000.0,16870.239755710474,1687.0239755710475,17782.794100389234,0.38,0.923,0.998,-1.963,-0.474,0.727,4.343,-5.709,-1.798
Gradey Dick,1641711,102,107,-2.417,1.398,-3.815,2022-23-24,playoff,offset,100000.0,16870.239755710474,1687.0239755710475,17782.794100389234,0.38,0.923,0.998,-3.162,-1.672,-0.411,3.206,-5.77,-1.859
Scoot Henderson,1630703,66,67,-1.759,2.153,-3.912,2022-23-24,playoff,offset,100000.0,16870.239755710474,1687.0239755710475,17782.794100389234,0.38,0.924,0.999,-2.504,-1.014,0.342,3.963,-5.869,-1.954
Bryce McGowens,1631121,69,72,-2.646,1.266,-3.912,2022-23-24,playoff,offset,100000.0,16870.239755710474,1687.0239755710475,17782.794100389234,0.38,0.924,0.999,-3.391,-1.902,-0.544,3.076,-5.869,-1.955
Keyonte George,1641718,97,97,-3.226,0.987,-4.213,2022-23-24,playoff,offset,100000.0,16870.239755710474,1687.0239755710475,17782.794100389234,0.38,0.923,0.998,-3.97,-2.481,-0.822,2.796,-6.169,-2.257
DeAndre Jordan,201599,90,90,-3.119,1.297,-4.416,2022-23-24,playoff,offset,100000.0,16870.239755710474,1687.0239755710475,17782.794100389234,0.38,0.923,0.998,-3.864,-2.374,-0.512,3.106,-6.372,-2.459
Brandon Miller,1641706,23,24,-2.457,2.089,-4.546,2022-23-24,playoff,offset,100000.0,16870.239755710474,1687.0239755710475,17782.794100389234,0.38,0.925,1.0,-3.202,-1.712,0.276,3.902,-6.506,-2.587
Malachi Flynn,1630201,91,92,-2.351,2.245,-4.595,2022-23-24,playoff,offset,100000.0,16870.239755710474,1687.0239755710475,17782.794100389234,0.38,0.923,0.998,-3.095,-1.606,0.436,4.054,-6.552,-2.639
Johnny Davis,1631098,93,99,-3.672,1.06,-4.732,2022-23-24,playoff,offset,100000.0,16870.239755710474,1687.0239755710475,17782.794100389234,0.38,0.923,0.998,-4.416,-2.927,-0.749,2.869,-6.688,-2.776
Jordan Nwora,1629670,16,17,-1.986,2.799,-4.784,2022-23-24,playoff,offset,100000.0,16870.239755710474,1687.0239755710475,17782.794100389234,0.38,0.925,1.0,-2.731,-1.241,0.986,4.612,-6.745,-2.824
Keon Johnson,1630553,0,1,-1.656,3.291,-4.947,2022-23-24,playoff,offset,100000.0,16870.239755710474,1687.0239755710475,17782.794100389234,0.38,0.925,1.0,-2.401,-0.911,1.477,5.105,-6.908,-2.986
Torrey Craig,1628470,551,557,-1.501,3.452,-4.953,2022-23-24,playoff,offset,100000.0,16870.239755710474,1687.0239755710475,17782.794100389234,0.379,0.911,0.987,-2.244,-0.758,1.666,5.238,-6.888,-3.019
James Wiseman,1630164,106,108,-2.2,2.967,-5.167,2022-23-24,playoff,offset,100000.0,16870.239755710474,1687.0239755710475,17782.794100389234,0.38,0.923,0.998,-2.945,-1.455,1.159,4.776,-7.123,-3.212
Darius Bazley,1629647,61,63,-4.52,0.85,-5.37,2022-23-24,playoff,offset,100000.0,16870.239755710474,1687.0239755710475,17782.794100389234,0.38,0.924,0.999,-5.265,-3.775,-0.96,2.661,-7.328,-3.413
Garrett Temple,202066,22,23,-4.468,1.752,-6.22,2022-23-24,playoff,offset,100000.0,16870.239755710474,1687.0239755710475,17782.794100389234,0.38,0.925,1.0,-5.213,-3.723,-0.061,3.565,-8.18,-4.26
